country,continent,year,Code,pop,gdpPerC,lifeExp,bmiFemale,bmiMale,unemployment,inflation,incomeTop1,democracyElectoral
Afghanistan,Asia,1952,AFG,7987737,1189,29.0138,NA,NA,NA,NA,NA,0.089
Afghanistan,Asia,1953,AFG,8096656,1240,29.4521,NA,NA,NA,NA,NA,0.086
Afghanistan,Asia,1954,AFG,8207910,1245,29.6975,NA,NA,NA,NA,NA,0.079
Afghanistan,Asia,1955,AFG,8326933,1246,30.366,NA,NA,NA,NA,NA,0.082
Afghanistan,Asia,1956,AFG,8454265,1278,30.8303,NA,NA,NA,NA,NA,0.083
Afghanistan,Asia,1957,AFG,8588294,1253,31.3451,NA,NA,NA,NA,NA,0.083
Afghanistan,Asia,1958,AFG,8723366,1298,31.84,NA,NA,NA,NA,NA,0.08
Afghanistan,Asia,1959,AFG,8869225,1307,32.3365,NA,NA,NA,NA,NA,0.08
Afghanistan,Asia,1960,AFG,9034994,1326,32.7987,NA,NA,NA,NA,NA,0.082
Afghanistan,Asia,1961,AFG,9214035,1309,33.291,NA,NA,NA,NA,NA,0.083
Afghanistan,Asia,1962,AFG,9404364,1302,33.7565,NA,NA,NA,NA,NA,0.083
Afghanistan,Asia,1963,AFG,9604447,1298,34.2008,NA,NA,NA,NA,NA,0.086
Afghanistan,Asia,1964,AFG,9814267,1291,34.6726,NA,NA,NA,NA,NA,0.139
Afghanistan,Asia,1965,AFG,10035943,1290,35.1245,NA,NA,NA,NA,NA,0.152
Afghanistan,Asia,1966,AFG,10266353,1272,35.5831,NA,NA,NA,NA,NA,0.164
Afghanistan,Asia,1967,AFG,10505922,1277,36.042,NA,NA,NA,NA,NA,0.166
Afghanistan,Asia,1968,AFG,10756882,1290,36.5101,NA,NA,NA,NA,NA,0.166
Afghanistan,Asia,1969,AFG,11017366,1278,36.979,NA,NA,NA,NA,NA,0.165
Afghanistan,Asia,1970,AFG,11290086,1272,37.4601,NA,NA,NA,NA,NA,0.163
Afghanistan,Asia,1971,AFG,11567632,1237,37.9324,NA,NA,NA,NA,NA,0.163
Afghanistan,Asia,1972,AFG,11853650,1007,38.4226,NA,NA,NA,NA,NA,0.157
Afghanistan,Asia,1973,AFG,12157952,1011,38.951,NA,NA,NA,NA,NA,0.153
Afghanistan,Asia,1974,AFG,12469080,1039,39.4687,NA,NA,NA,NA,NA,0.104
Afghanistan,Asia,1975,AFG,12773909,1074,39.9944,18.8443262,18.99944015,NA,NA,NA,0.105
Afghanistan,Asia,1976,AFG,13059812,1105,40.5184,18.98641739,19.10551823,NA,NA,NA,0.105
Afghanistan,Asia,1977,AFG,13340713,1022,41.0821,19.12808565,19.21208022,NA,NA,NA,0.102
Afghanistan,Asia,1978,AFG,13611395,1070,40.0859,19.26924674,19.31905253,NA,NA,NA,0.087
Afghanistan,Asia,1979,AFG,13655537,1023,38.8441,19.40947655,19.4259518,NA,NA,NA,0.084
Afghanistan,Asia,1980,AFG,13169267,1019,39.2581,19.54923079,19.53292264,NA,NA,NA,0.084
Afghanistan,Asia,1981,AFG,11937540,1144,39.4058,19.68704034,19.63799768,NA,NA,NA,0.085
Afghanistan,Asia,1982,AFG,10991329,1270,36.0577,19.82315195,19.74166976,NA,NA,NA,0.084
Afghanistan,Asia,1983,AFG,10917939,1347,36.5174,19.95777359,19.843253,NA,NA,NA,0.085
Afghanistan,Asia,1984,AFG,11190179,1337,31.4732,20.09116003,19.94343635,NA,NA,NA,0.084
Afghanistan,Asia,1985,AFG,11426806,1304,32.1316,20.22304489,20.04144409,NA,NA,NA,0.084
Afghanistan,Asia,1986,AFG,11420029,1344,38.4001,20.35376294,20.13723046,NA,NA,NA,0.084
Afghanistan,Asia,1987,AFG,11387776,1211,38.8312,20.48320544,20.23119765,NA,NA,NA,0.084
Afghanistan,Asia,1988,AFG,11523244,1101,43.2381,20.61150719,20.32325802,NA,NA,NA,0.092
Afghanistan,Asia,1989,AFG,11874030,999,44.4961,20.73906632,20.41366369,NA,NA,NA,0.094
Afghanistan,Asia,1990,AFG,12045622,963,45.1183,20.86628301,20.50280452,NA,NA,NA,0.093
Afghanistan,Asia,1991,AFG,12238831,881.1704,45.5207,20.99352618,20.59086055,7.946,NA,NA,0.093
Afghanistan,Asia,1992,AFG,13278937,843.87537,46.5691,21.12122926,20.67762822,7.94,NA,NA,0.096
Afghanistan,Asia,1993,AFG,14943125,578.4028,51.0212,21.24927191,20.76353917,7.961,NA,NA,0.094
Afghanistan,Asia,1994,AFG,16250755,428.42456,50.9689,21.37718413,20.84882813,7.98,NA,NA,0.094
Afghanistan,Asia,1995,AFG,17065794,632.94037,52.1032,21.5063372,20.93384699,7.967,NA,NA,0.094
Afghanistan,Asia,1996,AFG,17763221,600.1753,52.8302,21.63630604,21.01952527,7.941,NA,NA,0.076
Afghanistan,Asia,1997,AFG,18452049,570.59814,53.2123,21.76780754,21.1060795,7.92,NA,NA,0.073
Afghanistan,Asia,1998,AFG,19159955,545.03876,52.487,21.90064108,21.19377909,7.941,NA,NA,0.073
Afghanistan,Asia,1999,AFG,19887737,518.65784,54.5324,22.03426017,21.281575,7.953,NA,NA,0.073
Afghanistan,Asia,2000,AFG,20130279,502.37274,55.0047,22.16827048,21.36950574,7.955,NA,NA,0.073
Afghanistan,Asia,2001,AFG,20284252,489.682,55.5113,22.30232938,21.45684626,7.958,NA,NA,0.084
Afghanistan,Asia,2002,AFG,21378081,796.8166,56.2251,22.43556899,21.54346323,7.939,NA,NA,0.22
Afghanistan,Asia,2003,AFG,22733007,842.8052,57.1713,22.56762969,21.6282274,7.922,NA,NA,0.227
Afghanistan,Asia,2004,AFG,23560598,869.03925,57.8098,22.69821087,21.71044689,7.914,NA,NA,0.238
Afghanistan,Asia,2005,AFG,24404520,964.4081,58.2468,22.82747585,21.79068685,7.914,12.686269,NA,0.319
Afghanistan,Asia,2006,AFG,25424050,1057.0966,58.5533,22.9553998,21.86935021,7.918,6.7845964,NA,0.373
Afghanistan,Asia,2007,AFG,25909790,1259.9967,58.9563,23.08330994,21.94726997,7.908,8.680571,NA,0.373
Afghanistan,Asia,2008,AFG,26482577,1319.6074,59.7081,23.21112543,22.02480215,7.92,26.418665,15.870001,0.379
Afghanistan,Asia,2009,AFG,27466056,1557.3207,60.2478,23.33914778,22.1029582,7.914,-6.811161,NA,0.37
Afghanistan,Asia,2010,AFG,28284036,1627.6716,60.7018,23.4669499,22.18156918,7.914,2.1785376,NA,0.353
Afghanistan,Asia,2011,AFG,29347668,1792,61.2503,23.59478507,22.26185019,7.916,11.804186,NA,0.358
Afghanistan,Asia,2012,AFG,30559988,1945,61.7349,23.72296541,22.3438711,7.909,6.4412127,13.56,0.362
Afghanistan,Asia,2013,AFG,31622662,2025,62.1878,23.85132667,22.42778543,7.919,7.3857718,NA,0.357
Afghanistan,Asia,2014,AFG,32792472,2022,62.2599,23.97913537,22.51238634,7.915,4.673996,NA,0.355
Afghanistan,Asia,2015,AFG,33831716,1928,62.2695,24.10689909,22.59727899,9.011,-0.6617092,NA,0.353
Afghanistan,Asia,2016,AFG,34700565,1931.2438,62.6459,24.23413457,22.68245614,10.1,4.383892,NA,0.34
Afghanistan,Asia,2017,AFG,35688889,1909.733,62.4062,NA,NA,11.184,4.9759517,15.389999,0.339
Afghanistan,Asia,2018,AFG,36742997,1888.814,62.4434,NA,NA,11.206,0.6261492,NA,0.336
Afghanistan,Asia,2019,AFG,37856071,2031.7373,62.9411,NA,NA,11.224,2.3023725,NA,0.338
Afghanistan,Asia,2020,AFG,39068933,1928.4547,61.4537,NA,NA,11.71,NA,NA,0.335
Afghanistan,Asia,2021,AFG,40000360,1485.547,60.4174,NA,NA,11.934,NA,NA,0.144
Afghanistan,Asia,2022,AFG,40578801,1357.9878,65.617,NA,NA,14.1,NA,15.539999,0.076
Afghanistan,Asia,2023,AFG,41454709,NA,66.0346,NA,NA,14.386,NA,15.16,0.073
Albania,Europe,1952,ALB,1308316,1667,46.281,NA,NA,NA,NA,NA,0.172
Albania,Europe,1953,ALB,1343538,1736,47.3686,NA,NA,NA,NA,NA,0.172
Albania,Europe,1954,ALB,1381040,1785,48.4165,NA,NA,NA,NA,NA,0.173
Albania,Europe,1955,ALB,1418800,1882,49.5754,NA,NA,NA,NA,NA,0.174
Albania,Europe,1956,ALB,1456773,1902,50.8468,NA,NA,NA,NA,NA,0.174
Albania,Europe,1957,ALB,1497895,2023,52.257,NA,NA,NA,NA,NA,0.174
Albania,Europe,1958,ALB,1543926,2114,53.7357,NA,NA,NA,NA,NA,0.173
Albania,Europe,1959,ALB,1594983,2201,55.13,NA,NA,NA,NA,NA,0.173
Albania,Europe,1960,ALB,1649347,2313,56.4132,NA,NA,NA,NA,NA,0.174
Albania,Europe,1961,ALB,1698752,2332,57.488,NA,NA,NA,NA,NA,0.174
Albania,Europe,1962,ALB,1743691,2409,58.4944,NA,NA,NA,NA,NA,0.174
Albania,Europe,1963,ALB,1791245,2491,59.4792,NA,NA,NA,NA,NA,0.175
Albania,Europe,1964,ALB,1841400,2576,60.4035,NA,NA,NA,NA,NA,0.175
Albania,Europe,1965,ALB,1894260,2670,61.2735,NA,NA,NA,NA,NA,0.175
Albania,Europe,1966,ALB,1949994,2770,62.149,NA,NA,NA,NA,NA,0.174
Albania,Europe,1967,ALB,2008475,2876,62.976,NA,NA,NA,NA,NA,0.173
Albania,Europe,1968,ALB,2068792,2979,63.7876,NA,NA,NA,NA,NA,0.173
Albania,Europe,1969,ALB,2126841,3080,64.5384,NA,NA,NA,NA,NA,0.173
Albania,Europe,1970,ALB,2181184,3194,65.2343,NA,NA,NA,NA,NA,0.173
Albania,Europe,1971,ALB,2234943,3322,65.8959,NA,NA,NA,NA,NA,0.174
Albania,Europe,1972,ALB,2289216,3451,66.5263,NA,NA,NA,NA,NA,0.174
Albania,Europe,1973,ALB,2344054,3623,67.1066,NA,NA,NA,NA,NA,0.174
Albania,Europe,1974,ALB,2399351,3637,67.6334,NA,NA,NA,NA,NA,0.174
Albania,Europe,1975,ALB,2454821,3649,68.1198,23.8906363,23.8759248,NA,NA,NA,0.173
Albania,Europe,1976,ALB,2510543,3665,68.5695,23.93877287,23.94172202,NA,NA,NA,0.173
Albania,Europe,1977,ALB,2566552,3681,68.9918,23.98740118,24.00803306,NA,NA,NA,0.173
Albania,Europe,1978,ALB,2624568,3696,69.3665,24.03615417,24.07459838,NA,NA,NA,0.173
Albania,Europe,1979,ALB,2681342,3716,69.6169,24.08496893,24.14112228,NA,NA,NA,0.173
Albania,Europe,1980,ALB,2735375,3741,69.903,24.13373713,24.20760428,NA,NA,NA,0.173
Albania,Europe,1981,ALB,2790376,3762,70.1446,24.18273697,24.27426262,NA,NA,NA,0.173
Albania,Europe,1982,ALB,2846846,3783,70.4249,24.23211059,24.34075742,NA,NA,NA,0.173
Albania,Europe,1983,ALB,2905083,3805,70.7051,24.28129211,24.40636409,NA,NA,NA,0.172
Albania,Europe,1984,ALB,2964906,3826,70.9838,24.33010872,24.47104797,NA,NA,NA,0.172
Albania,Europe,1985,ALB,3026198,3846,71.2816,24.37781892,24.53421946,NA,NA,NA,0.172
Albania,Europe,1986,ALB,3087615,3870,71.6651,24.42417626,24.59548918,NA,NA,NA,0.172
Albania,Europe,1987,ALB,3148799,3894,71.9814,24.46943304,24.65456347,NA,NA,NA,0.174
Albania,Europe,1988,ALB,3212878,3920,72.2167,24.51309162,24.71117563,NA,NA,NA,0.174
Albania,Europe,1989,ALB,3260326,3948,72.4573,24.55548142,24.76571186,NA,NA,NA,0.174
Albania,Europe,1990,ALB,3277919,3983,72.7096,24.59696835,24.81864139,NA,NA,NA,0.188
Albania,Europe,1991,ALB,3282561,2942.1006,73.0011,24.63996796,24.87248662,10.304,NA,NA,0.366
Albania,Europe,1992,ALB,3282454,2841.7651,73.303,24.68458639,24.92776195,30.007,226.00542,NA,0.421
Albania,Europe,1993,ALB,3277776,3137.024,73.6377,24.73098765,24.98529169,25.251,85.00475,NA,0.417
Albania,Europe,1994,ALB,3269363,3399.7102,73.8367,24.77959115,25.04569065,20.835,22.565052,NA,0.417
Albania,Europe,1995,ALB,3258518,3666.6506,74.0218,24.83101186,25.10933569,14.607,7.7932186,NA,0.427
Albania,Europe,1996,ALB,3245632,3965.6853,74.1134,24.88589707,25.17723059,13.928,12.725478,8.09,0.386
Albania,Europe,1997,ALB,3229610,3526.9856,73.3832,24.94464835,25.24934363,16.872,33.180275,NA,0.372
Albania,Europe,1998,ALB,3210081,3873.373,74.3572,25.00798794,25.32635192,20.042,20.642859,NA,0.391
Albania,Europe,1999,ALB,3188548,4432.0425,74.5684,25.07513216,25.40797639,20.835,0.38943765,NA,0.396
Albania,Europe,2000,ALB,3166104,4808.4795,74.8262,25.1455318,25.49308165,19.023,0.050018135,NA,0.409
Albania,Europe,2001,ALB,3147892,5285.809,75.083,25.22123109,25.58343886,18.57,3.1075883,NA,0.44
Albania,Europe,2002,ALB,3134049,5608.9624,75.2987,25.30132794,25.67802931,17.891,7.770526,8.25,0.482
Albania,Europe,2003,ALB,3118038,6004.645,75.5566,25.38501211,25.77613126,16.985,0.48400262,NA,0.488
Albania,Europe,2004,ALB,3098613,6419.8706,75.9515,25.47139033,25.87671391,16.306,2.2800193,NA,0.486
Albania,Europe,2005,ALB,3076108,6858.4673,76.4266,25.55949893,25.97969087,15.966,2.366582,8.030001,0.518
Albania,Europe,2006,ALB,3050754,7347.33,76.9943,25.64939312,26.08452347,15.626,2.3707283,NA,0.553
Albania,Europe,2007,ALB,3022843,7866.1577,77.6907,25.73993422,26.19041371,15.966,2.9326825,NA,0.547
Albania,Europe,2008,ALB,2992879,8522.13,78.2484,25.83062046,26.29694754,13.06,3.3208709,8.14,0.552
Albania,Europe,2009,ALB,2961436,8859.472,78.5088,25.92028605,26.40341746,13.674,2.266922,NA,0.545
Albania,Europe,2010,ALB,2928681,9222.973,78.4141,26.00860063,26.50991056,14.086,3.626047,NA,0.55
Albania,Europe,2011,ALB,2911446,9484,78.3029,26.09548179,26.61704145,13.481,3.4291232,NA,0.55
Albania,Europe,2012,ALB,2909947,9634.334,78.0836,26.18105126,26.72517754,13.376,2.0315926,8.58,0.547
Albania,Europe,2013,ALB,2907512,9748.728,77.9951,26.26513652,26.83524213,15.866,1.9376208,NA,0.521
Albania,Europe,2014,ALB,2903689,9942.276,78.0291,26.34766264,26.94717003,18.055,1.6258651,NA,0.527
Albania,Europe,2015,ALB,2898589,10192.529,78.358,26.42865202,27.06083759,17.193,1.8961741,9.64,0.524
Albania,Europe,2016,ALB,2897815,10547.255,78.6433,26.50751203,27.17447081,15.418,1.2754316,9.5,0.523
Albania,Europe,2017,ALB,2898198,10958.307,78.9003,NA,NA,13.616,1.9866613,9.62,0.537
Albania,Europe,2018,ALB,2894181,11426.92,79.2377,NA,NA,12.304,2.0280597,9.5,0.523
Albania,Europe,2019,ALB,2884969,11715.307,79.4669,NA,NA,11.466,1.4110907,NA,0.512
Albania,Europe,2020,ALB,2871900,11372.541,77.8241,NA,NA,12.79,1.6208866,NA,0.526
Albania,Europe,2021,ALB,2849591,12455.917,76.8442,NA,NA,12.473,2.0414716999999998,NA,0.525
Albania,Europe,2022,ALB,2827562,12978.101,78.7688,NA,NA,11.588,6.7252026,9.089999,0.52
Albania,Europe,2023,ALB,2811615,NA,79.6019,NA,NA,11.584,4.759764,9.17,0.507
Algeria,Africa,1952,DZA,9521159,2193,43.4651,NA,NA,NA,NA,NA,0.105
Algeria,Africa,1953,DZA,9772605,2182,43.6004,NA,NA,NA,NA,NA,0.076
Algeria,Africa,1954,DZA,10014341,2291,40.6404,NA,NA,NA,NA,NA,0.078
Algeria,Africa,1955,DZA,10247375,2303,40.8697,NA,NA,NA,NA,NA,0.089
Algeria,Africa,1956,DZA,10482131,2475,40.9093,NA,NA,NA,NA,NA,0.083
Algeria,Africa,1957,DZA,10717453,2699,40.9191,NA,NA,NA,NA,NA,0.075
Algeria,Africa,1958,DZA,10953584,2740,40.9028,NA,NA,NA,NA,NA,0.075
Algeria,Africa,1959,DZA,11189572,3178,40.8828,NA,NA,NA,NA,NA,0.075
Algeria,Africa,1960,DZA,11424876,3328,40.8388,NA,NA,NA,NA,NA,0.075
Algeria,Africa,1961,DZA,11628830,2868,40.7916,NA,NA,NA,NA,NA,0.075
Algeria,Africa,1962,DZA,11800720,2284,39.5266,NA,NA,NA,NA,NA,0.077
Algeria,Africa,1963,DZA,11982065,2818,43.1431,NA,NA,NA,NA,NA,0.192
Algeria,Africa,1964,DZA,12179764,2879,42.9867,NA,NA,NA,NA,NA,0.187
Algeria,Africa,1965,DZA,12365928,2981,42.8455,NA,NA,NA,NA,NA,0.132
Algeria,Africa,1966,DZA,12590021,2750,42.7454,NA,NA,NA,NA,NA,0.085
Algeria,Africa,1967,DZA,12876068,2907,42.7307,NA,NA,NA,NA,NA,0.085
Algeria,Africa,1968,DZA,13172561,3151,42.806,NA,NA,NA,NA,NA,0.085
Algeria,Africa,1969,DZA,13475921,3355,42.991,NA,NA,NA,NA,NA,0.085
Algeria,Africa,1970,DZA,13783680,3585,43.328,NA,NA,NA,6.6,NA,0.085
Algeria,Africa,1971,DZA,14098891,3188,43.7823,NA,NA,NA,2.6266418,NA,0.085
Algeria,Africa,1972,DZA,14427026,3746,44.384,NA,NA,NA,3.6563072,NA,0.085
Algeria,Africa,1973,DZA,14771102,3757,45.1016,NA,NA,NA,6.1728396,NA,0.085
Algeria,Africa,1974,DZA,15133462,3870,45.9531,NA,NA,NA,4.6996126,NA,0.085
Algeria,Africa,1975,DZA,15678549,4020,46.9211,22.53867711,21.31656431,NA,8.230317,NA,0.085
Algeria,Africa,1976,DZA,16409124,4157,48.0338,22.63910555,21.39317254,NA,9.430736,NA,0.089
Algeria,Africa,1977,DZA,17015940,4398,49.2492,22.74288993,21.47196189,NA,11.989284,NA,0.19
Algeria,Africa,1978,DZA,17506931,4812,50.6152,22.84926859,21.55253294,NA,17.523924,NA,0.195
Algeria,Africa,1979,DZA,18036608,5088,52.409,22.95781492,21.63537939,NA,11.3486,NA,0.194
Algeria,Africa,1980,DZA,18607122,5024,54.5124,23.06833894,21.72005242,NA,9.517824,NA,0.196
Algeria,Africa,1981,DZA,19220656,4991,57.4223,23.18268086,21.8074752,NA,14.654842,NA,0.196
Algeria,Africa,1982,DZA,19872306,5145,59.5944,23.30016642,21.89745233,NA,6.5425096,NA,0.205
Algeria,Africa,1983,DZA,20558077,5243,61.2511,23.42005602,21.98906518,NA,5.967164,NA,0.207
Algeria,Africa,1984,DZA,21271910,5361,62.7219,23.5409611,22.08252987,NA,8.116398,NA,0.207
Algeria,Africa,1985,DZA,22008492,5469,64.155,23.66271577,22.17713942,NA,10.482287,NA,0.207
Algeria,Africa,1986,DZA,22745453,5262,65.2728,23.78308837,22.27185732,NA,12.371609,NA,0.207
Algeria,Africa,1987,DZA,23443581,5088,66.13,23.9023168,22.36680091,NA,7.441261,NA,0.207
Algeria,Africa,1988,DZA,24109485,4850,66.9097,24.02004962,22.46155287,NA,5.911545,15.440001,0.206
Algeria,Africa,1989,DZA,24754440,4889,67.4609,24.136053,22.55645142,NA,9.304361,15.360001,0.224
Algeria,Africa,1990,DZA,25375759,4697,67.6584,24.25038454,22.65048258,NA,16.652534,16.04,0.352
Algeria,Africa,1991,DZA,25987891,4708.232,67.6919,24.36220349,22.74367297,20.6,25.886387,15.05,0.351
Algeria,Africa,1992,DZA,26628518,4850.223,67.7245,24.47161916,22.83664243,24.38,31.669662,15.719999,0.188
Algeria,Africa,1993,DZA,27276996,4816.924,67.7974,24.57933322,22.92889251,26.23,20.540327,15.52,0.175
Algeria,Africa,1994,DZA,27887227,4856.9854,67.2844,24.68572069,23.01996339,27.74,29.047657,14.09,0.182
Algeria,Africa,1995,DZA,28470152,5142.384,67.6914,24.79166588,23.10986424,31.84,29.779627,15.22,0.188
Algeria,Africa,1996,DZA,29032996,5451.6343,68.2186,24.8971566,23.19848305,28.315,18.679075,15.610001,0.336
Algeria,Africa,1997,DZA,29579249,5638.48,68.8594,25.00161959,23.28530832,25.43,5.733523,15.42,0.325
Algeria,Africa,1998,DZA,30054098,6069.7773,69.3271,25.1051965,23.37129969,26.855,4.9501615,15.710001,0.319
Algeria,Africa,1999,DZA,30474312,6421.5083,70.0881,25.20653084,23.45590727,28.545,2.6455112,15.690001,0.329
Algeria,Africa,2000,DZA,30903850,6834.5537,70.5759,25.30447714,23.53687812,29.77,0.33916318,15.29,0.323
Algeria,Africa,2001,DZA,31331173,7218.2456,71.0245,25.39901118,23.61528689,27.3,4.2259884,15.21,0.323
Algeria,Africa,2002,DZA,31750790,7814.8384,71.6437,25.48981753,23.69203495,25.9,1.4183019,18.179998,0.327
Algeria,Africa,2003,DZA,32175762,8590.178,71.9064,25.57613535,23.76777048,23.72,4.268954,17.2,0.332
Algeria,Africa,2004,DZA,32628233,9182.294,72.5359,25.65845032,23.84326152,17.65,3.9618003,15.57,0.333
Algeria,Africa,2005,DZA,33109211,9969.623,72.836,25.73647115,23.91810353,15.27,1.3824465,15.559999,0.333
Algeria,Africa,2006,DZA,33623459,10385.779,73.1164,25.81148101,23.99328618,12.27,2.311499,15.379999,0.333
Algeria,Africa,2007,DZA,34189375,10974.742,73.346,25.8857349,24.07101123,13.79,3.6789958,14.87,0.329
Algeria,Africa,2008,DZA,34816912,11475.002,73.6181,25.96225333,24.15330378,11.33,4.8585906,15.59,0.329
Algeria,Africa,2009,DZA,35490399,11907.021,73.8711,26.0394614,24.23944194,10.16,5.7370605,16.240002,0.325
Algeria,Africa,2010,DZA,36188192,12587.744,74.1435,26.11620574,24.32793414,9.96,3.911062,16.140001,0.322
Algeria,Africa,2011,DZA,36903328,13204,74.3834,26.19187722,24.41764774,9.96,4.5242114,15.950001,0.326
Algeria,Africa,2012,DZA,37646120,13392.944,74.6086,26.26686537,24.50780301,10.97,8.891451,NA,0.327
Algeria,Africa,2013,DZA,38414134,13508.265,74.8095,26.34157601,24.59774192,9.82,3.254239,NA,0.324
Algeria,Africa,2014,DZA,39204992,13760.384,74.9923,26.41581674,24.68790379,10.207,2.9169269,NA,0.323
Algeria,Africa,2015,DZA,40019473,14007.894,75.1589,26.48940865,24.77725397,11.206,4.784447,NA,0.327
Algeria,Africa,2016,DZA,40850673,14198.272,75.3099,26.56116565,24.86538555,10.202,6.3976946,NA,0.303
Algeria,Africa,2017,DZA,41689261,14149.915,75.4313,NA,NA,12,5.591116,NA,0.307
Algeria,Africa,2018,DZA,42504975,14083.772,75.5554,NA,NA,12.15,4.26999,NA,0.307
Algeria,Africa,2019,DZA,43294503,14000.279,75.6818,NA,NA,12.285,1.9517682,NA,0.288
Algeria,Africa,2020,DZA,44042041,13086.293,73.2568,NA,NA,14.04,2.4151309,NA,0.278
Algeria,Africa,2021,DZA,44761051,13337.262,75.2077,NA,NA,13.607,7.2260633,NA,0.277
Algeria,Africa,2022,DZA,45477339,13506.444,76.1289,NA,NA,12.437,9.265515,23.74,0.267
Algeria,Africa,2023,DZA,46164169,NA,76.261,NA,NA,11.814,9.322174,22.64,0.265
Angola,Africa,1952,AGO,4651645,1755,36.2235,NA,NA,NA,NA,NA,0.009
Angola,Africa,1953,AGO,4706304,1795,36.4338,NA,NA,NA,NA,NA,0.009
Angola,Africa,1954,AGO,4766662,1720,36.6251,NA,NA,NA,NA,NA,0.009
Angola,Africa,1955,AGO,4832728,1830,36.8537,NA,NA,NA,NA,NA,0.009
Angola,Africa,1956,AGO,4904220,1769,37.0809,NA,NA,NA,NA,NA,0.009
Angola,Africa,1957,AGO,4980606,1908,37.2697,NA,NA,NA,NA,NA,0.009
Angola,Africa,1958,AGO,5061086,1978,37.4746,NA,NA,NA,NA,NA,0.009
Angola,Africa,1959,AGO,5145059,1953,37.6939,NA,NA,NA,NA,NA,0.009
Angola,Africa,1960,AGO,5231614,1997,37.933,NA,NA,NA,NA,NA,0.009
Angola,Africa,1961,AGO,5301537,2225,36.9017,NA,NA,NA,NA,NA,0.009
Angola,Africa,1962,AGO,5354263,2128,37.1683,NA,NA,NA,NA,NA,0.009
Angola,Africa,1963,AGO,5408282,2200,37.4192,NA,NA,NA,NA,NA,0.009
Angola,Africa,1964,AGO,5464131,2407,37.7041,NA,NA,NA,NA,NA,0.009
Angola,Africa,1965,AGO,5521930,2544,37.9682,NA,NA,NA,NA,NA,0.009
Angola,Africa,1966,AGO,5581345,2646,38.2582,NA,NA,NA,NA,NA,0.009
Angola,Africa,1967,AGO,5641757,2753,38.6156,NA,NA,NA,NA,NA,0.009
Angola,Africa,1968,AGO,5702647,2665,38.9675,NA,NA,NA,NA,NA,0.009
Angola,Africa,1969,AGO,5763643,2695,39.3293,NA,NA,NA,NA,NA,0.009
Angola,Africa,1970,AGO,5852739,2818,39.6882,NA,NA,NA,NA,NA,0.009
Angola,Africa,1971,AGO,5991069,2754,40.0762,NA,NA,NA,NA,NA,0.009
Angola,Africa,1972,AGO,6174222,2729,40.4686,NA,NA,NA,NA,NA,0.009
Angola,Africa,1973,AGO,6388487,2852,40.8714,NA,NA,NA,NA,NA,0.021
Angola,Africa,1974,AGO,6613318,2727,41.2597,NA,NA,NA,NA,NA,0.021
Angola,Africa,1975,AGO,6842895,1710,40.8174,18.87987023,18.71283864,NA,NA,NA,0.073
Angola,Africa,1976,AGO,7074616,1521,40.8116,19.01886741,18.81937435,NA,NA,NA,0.074
Angola,Africa,1977,AGO,7317788,1500,41.2146,19.15718661,18.92606933,NA,NA,NA,0.073
Angola,Africa,1978,AGO,7576689,1530,41.5731,19.29494276,19.03234607,NA,NA,NA,0.073
Angola,Africa,1979,AGO,7847158,1527,41.9129,19.43192357,19.13851696,NA,NA,NA,0.073
Angola,Africa,1980,AGO,8133821,1532,42.2415,19.56845844,19.24433743,NA,NA,NA,0.073
Angola,Africa,1981,AGO,8435554,1471,42.5556,19.70473535,19.35062132,NA,NA,NA,0.073
Angola,Africa,1982,AGO,8751606,1374,42.8569,19.84113137,19.45629676,NA,NA,NA,0.073
Angola,Africa,1983,AGO,9082937,1288,41.9717,19.9775948,19.56200525,NA,NA,NA,0.073
Angola,Africa,1984,AGO,9425868,1259,42.2455,20.11408296,19.66683191,NA,NA,NA,0.073
Angola,Africa,1985,AGO,9779081,1242,42.495,20.25028029,19.77039364,NA,NA,NA,0.073
Angola,Africa,1986,AGO,10139414,1106,42.7391,20.38656559,19.87315572,NA,NA,NA,0.074
Angola,Africa,1987,AGO,10497814,1211,40.7857,20.52294209,19.97472818,NA,NA,NA,0.074
Angola,Africa,1988,AGO,10861253,1360,41.4711,20.65978574,20.07514929,NA,NA,NA,0.074
Angola,Africa,1989,AGO,11238508,1360,41.6977,20.79689779,20.17468234,NA,NA,NA,0.074
Angola,Africa,1990,AGO,11626308,1384,41.8542,20.9338791,20.27246264,NA,NA,NA,0.076
Angola,Africa,1991,AGO,12023483,1437.1472,43.8116,21.07093812,20.36796134,16.468,83.78378,NA,0.083
Angola,Africa,1992,AGO,12423671,1389.3295,42.2673,21.2076689,20.46114941,16.621,299.5098,NA,0.146
Angola,Africa,1993,AGO,12827083,1080.4806,42.1902,21.34416789,20.55228217,17.074,1378.5276,NA,0.155
Angola,Africa,1994,AGO,13249709,1120.8481,43.5671,21.48122332,20.64107823,17.105,949.79254,NA,0.155
Angola,Africa,1995,AGO,13699738,1319.1589,46.1391,21.61878903,20.72828498,16.711,2666.4507,22.74,0.155
Angola,Africa,1996,AGO,14170920,1533.9839,46.4177,21.7575767,20.81544195,16.013,4145.106,NA,0.155
Angola,Africa,1997,AGO,14660376,1687.3177,46.6882,21.89766472,20.90190304,15.928,219.17673,NA,0.155
Angola,Africa,1998,AGO,15159322,1811.1681,45.4515,22.03926635,20.98838736,16.148,107.28482,NA,0.155
Angola,Africa,1999,AGO,15667183,1899.4152,45.8077,22.18228221,21.0746715,16.392,248.1959,NA,0.155
Angola,Africa,2000,AGO,16194813,2013.6362,46.5005,22.32578877,21.16084534,16.502,324.99686,22.16,0.155
Angola,Africa,2001,AGO,16747158,2162.485,47.0323,22.46918349,21.24756836,16.539,152.56102,NA,0.155
Angola,Africa,2002,AGO,17327653,2522.6719,47.8736,22.61166962,21.3350444,16.342,108.89744,NA,0.16
Angola,Africa,2003,AGO,17943666,2711.9282,50.218,22.75282697,21.42245528,16.37,98.224144,NA,0.167
Angola,Africa,2004,AGO,18600378,3064.2986,51.1225,22.89166386,21.50967157,16.267,43.542107,NA,0.167
Angola,Africa,2005,AGO,19291121,3708.7705,52.1295,23.02749401,21.59569525,16.268,22.953514,NA,0.169
Angola,Africa,2006,AGO,20015238,4592.3374,52.9647,23.16068557,21.68047209,16.121,13.30521,NA,0.169
Angola,Africa,2007,AGO,20778519,5773.5483,54.2001,23.29149275,21.76357357,16.08,12.251497,NA,0.169
Angola,Africa,2008,AGO,21578610,6743.748,55.2809,23.41990446,21.84431603,16.17,12.475829,15.16,0.182
Angola,Africa,2009,AGO,22414715,7087.604,56.2251,23.54575066,21.92239025,16.392,13.730284,NA,0.211
Angola,Africa,2010,AGO,23294781,7520.6655,57.242,23.66906729,21.99831533,16.598,14.469657,NA,0.214
Angola,Africa,2011,AGO,24218306,8016,58.0931,23.79088,22.07261159,16.77,13.482468,NA,0.296
Angola,Africa,2012,AGO,25177351,8376.946,58.916,23.91079829,22.14630885,16.557,10.2779045,NA,0.294
Angola,Africa,2013,AGO,26165566,8463.942,59.7048,24.02957213,22.2192578,16.487,8.777814,NA,0.292
Angola,Africa,2014,AGO,27160719,8548.293,60.3956,24.14683339,22.29213236,16.401,7.2803874,NA,0.292
Angola,Africa,2015,AGO,28157754,8319.567,61.042,24.26281086,22.36461265,16.491,9.355972,NA,0.292
Angola,Africa,2016,AGO,29183023,7819.1475,61.6189,24.37650146,22.43653817,16.58,30.694414,NA,0.294
Angola,Africa,2017,AGO,30234791,7535.6123,62.1221,NA,NA,16.617,29.84448,NA,0.309
Angola,Africa,2018,AGO,31297103,7180.3555,62.6219,NA,NA,16.599,19.628939,26.089998,0.352
Angola,Africa,2019,AGO,32375581,6886.954,63.0511,NA,NA,16.497,17.080954,NA,0.348
Angola,Africa,2020,AGO,33451100,6279.929,63.1164,NA,NA,16.676,22.27154,NA,0.335
Angola,Africa,2021,AGO,34532382,6137.004,62.9581,NA,NA,15.799,25.754295,NA,0.326
Angola,Africa,2022,AGO,35634984,6118.905,64.2455,NA,NA,14.693,21.35529,25.87,0.327
Angola,Africa,2023,AGO,36749852,NA,64.617,NA,NA,14.62,13.644102,25.86,0.33
Argentina,Americas,1952,ARG,17698837,7519,62.4656,NA,NA,NA,NA,NA,0.338
Argentina,Americas,1953,ARG,18041250,7769,62.4599,NA,NA,NA,NA,NA,0.337
Argentina,Americas,1954,ARG,18381159,7938,63.0694,NA,NA,NA,NA,NA,0.331
Argentina,Americas,1955,ARG,18715994,8348,62.7026,NA,NA,NA,NA,NA,0.289
Argentina,Americas,1956,ARG,19049926,8424,63.5774,NA,NA,NA,NA,NA,0.151
Argentina,Americas,1957,ARG,19382992,8705,63.22,NA,NA,NA,NA,NA,0.186
Argentina,Americas,1958,ARG,19714205,9083,64.2017,NA,NA,NA,NA,NA,0.385
Argentina,Americas,1959,ARG,20049554,8354,64.0997,NA,NA,NA,NA,NA,0.482
Argentina,Americas,1960,ARG,20386005,8861,64.2423,NA,NA,NA,NA,NA,0.49
Argentina,Americas,1961,ARG,20726232,9344,64.6314,NA,NA,NA,NA,NA,0.492
Argentina,Americas,1962,ARG,21072499,9049,64.6184,NA,NA,NA,NA,NA,0.274
Argentina,Americas,1963,ARG,21421656,8695,64.8554,NA,NA,NA,NA,NA,0.308
Argentina,Americas,1964,ARG,21769410,9446,64.8161,NA,NA,NA,NA,NA,0.525
Argentina,Americas,1965,ARG,22112587,10155,65.0531,NA,NA,NA,NA,NA,0.526
Argentina,Americas,1966,ARG,22453850,10076,65.3976,NA,NA,NA,NA,NA,0.228
Argentina,Americas,1967,ARG,22799016,10200,65.4672,NA,NA,NA,NA,NA,0.103
Argentina,Americas,1968,ARG,23150538,10485,65.234,NA,NA,NA,NA,NA,0.106
Argentina,Americas,1969,ARG,23508675,11217,65.0853,NA,NA,NA,NA,NA,0.108
Argentina,Americas,1970,ARG,23878281,11639,65.6474,NA,NA,NA,NA,NA,0.109
Argentina,Americas,1971,ARG,24257167,12003,65.6193,NA,NA,NA,NA,NA,0.121
Argentina,Americas,1972,ARG,24644276,12170,65.953,NA,NA,NA,NA,NA,0.13
Argentina,Americas,1973,ARG,25045955,12691,66.186,NA,NA,NA,NA,NA,0.456
Argentina,Americas,1974,ARG,25461303,13284,66.4053,NA,NA,NA,NA,NA,0.565
Argentina,Americas,1975,ARG,25874061,12946,66.9647,23.60719093,24.7818827,NA,NA,NA,0.513
Argentina,Americas,1976,ARG,26282236,12696,67.0299,23.71252948,24.85258051,NA,NA,NA,0.134
Argentina,Americas,1977,ARG,26701762,13236,67.5946,23.81648845,24.92211997,NA,NA,NA,0.071
Argentina,Americas,1978,ARG,27132110,12444,67.9989,23.91909438,24.99060354,NA,NA,NA,0.071
Argentina,Americas,1979,ARG,27568846,13114,68.4341,24.02077641,25.05838606,NA,NA,NA,0.071
Argentina,Americas,1980,ARG,28011548,13080,68.5761,24.12180116,25.12568758,NA,NA,NA,0.071
Argentina,Americas,1981,ARG,28463917,12125,68.8576,24.22294849,25.19363215,NA,NA,NA,0.071
Argentina,Americas,1982,ARG,28924212,11550,68.9728,24.32442376,25.26154492,NA,NA,NA,0.074
Argentina,Americas,1983,ARG,29391291,11775,69.2905,24.42652361,25.32942058,NA,NA,NA,0.268
Argentina,Americas,1984,ARG,29863040,11837,69.3533,24.52878538,25.39715013,NA,NA,NA,0.832
Argentina,Americas,1985,ARG,30336405,10895,69.8793,24.63167861,25.46483765,NA,NA,NA,0.832
Argentina,Americas,1986,ARG,30811934,11515,70.2812,24.7345636,25.532655,NA,NA,NA,0.831
Argentina,Americas,1987,ARG,31291711,11633,70.6989,24.83680097,25.60096422,NA,NA,NA,0.831
Argentina,Americas,1988,ARG,31780481,11244,71.0973,24.93896001,25.66995903,NA,NA,NA,0.83
Argentina,Americas,1989,ARG,32270914,10393,71.5019,25.04079985,25.73956136,NA,NA,NA,0.828
Argentina,Americas,1990,ARG,32755859,10254,71.6145,25.14280427,25.80996069,NA,NA,NA,0.827
Argentina,Americas,1991,ARG,33230247,11223.984,72.0204,25.24329793,25.8801446,5.44,NA,NA,0.829
Argentina,Americas,1992,ARG,33693487,12267.084,72.0958,25.34266012,25.95003246,6.36,NA,NA,0.831
Argentina,Americas,1993,ARG,34152666,12926.795,72.3033,25.44077534,26.020172,10.1,NA,NA,0.83
Argentina,Americas,1994,ARG,34613440,13571.38,72.7317,25.53771966,26.09131681,11.76,NA,NA,0.835
Argentina,Americas,1995,ARG,35069968,13086.036,72.8644,25.63463589,26.16281576,18.8,NA,NA,0.833
Argentina,Americas,1996,ARG,35513745,13715.227,73.0565,25.73146893,26.23498243,17.11,NA,NA,0.827
Argentina,Americas,1997,ARG,35947739,14722.6455,73.4071,25.82841397,26.30751721,14.82,NA,NA,0.828
Argentina,Americas,1998,ARG,36372814,15185.959,73.4121,25.92568779,26.38140119,12.65,NA,NA,0.83
Argentina,Americas,1999,ARG,36794636,14577.832,73.6833,26.02351001,26.45622788,14.05,NA,NA,0.83
Argentina,Americas,2000,ARG,37213933,14368.942,73.91,26.12089903,26.53225733,15,NA,NA,0.836
Argentina,Americas,2001,ARG,37624762,13651.981,74.1542,26.2172565,26.60954902,17.32,NA,14.440001,0.835
Argentina,Americas,2002,ARG,38029300,12094.772,74.3122,26.31268096,26.68877122,19.59,NA,15.34,0.825
Argentina,Americas,2003,ARG,38424224,13088.565,74.3073,26.4081143,26.77056476,15.36,NA,15.880001,0.81
Argentina,Americas,2004,ARG,38815865,14183.226,74.8713,26.50427027,26.85531503,13.522,NA,13.77,0.804
Argentina,Americas,2005,ARG,39216734,15344.157,75.2306,26.60187492,26.94258322,11.506,NA,11.77,0.801
Argentina,Americas,2006,ARG,39622060,16490.473,75.2791,26.70105892,27.03195549,10.078,NA,10.559999,0.789
Argentina,Americas,2007,ARG,40016709,17891.943,74.7827,26.80227865,27.12365834,8.47,NA,14.56,0.784
Argentina,Americas,2008,ARG,40424101,18520.305,75.4281,26.90576784,27.21775047,7.837,NA,14.71,0.765
Argentina,Americas,2009,ARG,40854783,17328.977,75.5773,27.01147867,27.31384462,8.645,NA,12,0.764
Argentina,Americas,2010,ARG,41288642,18979.992,75.68,27.11978401,27.41184965,7.714,NA,12.01,0.761
Argentina,Americas,2011,ARG,41730610,20003,76.0998,27.23051401,27.51136877,7.18,NA,11.64,0.762
Argentina,Americas,2012,ARG,42161676,19573.963,75.8024,27.34260352,27.61173296,7.217,NA,8.55,0.766
Argentina,Americas,2013,ARG,42582408,19821.643,75.8292,27.45616573,27.71254199,7.1,NA,9.99,0.774
Argentina,Americas,2014,ARG,43024021,19112.232,76.2678,27.57044021,27.81400675,7.268,NA,10.2,0.786
Argentina,Americas,2015,ARG,43476961,19423.666,76.5995,27.68492003,27.91578809,7.58,NA,12.13,0.776
Argentina,Americas,2016,ARG,43900264,18819.643,76.105,27.79858856,28.01768234,8.083,NA,14.07,0.753
Argentina,Americas,2017,ARG,44288844,19150.52,76.5434,NA,NA,8.347,NA,11.82,0.754
Argentina,Americas,2018,ARG,44654822,18460.87,76.7698,NA,NA,9.221,NA,12.179999,0.783
Argentina,Americas,2019,ARG,44973412,17912.637,76.8475,NA,NA,9.843,NA,NA,0.788
Argentina,Americas,2020,ARG,45191917,15975.839,75.8781,NA,NA,11.461,NA,NA,0.805
Argentina,Americas,2021,ARG,45312226,17470.682,73.9485,NA,NA,8.736,NA,NA,0.797
Argentina,Americas,2022,ARG,45407866,18292.318,75.8061,NA,NA,6.805,NA,12.36,0.832
Argentina,Americas,2023,ARG,45538356,NA,77.3947,NA,NA,6.178,NA,12.36,0.838
Australia,Oceania,1952,AUS,8630647,11824,69.1125,NA,NA,NA,NA,10.62,0.809
Australia,Oceania,1953,AUS,8816034,11963,69.6911,NA,NA,NA,NA,10.09,0.818
Australia,Oceania,1954,AUS,8999335,12419,69.8595,NA,NA,NA,NA,9.54,0.825
Australia,Oceania,1955,AUS,9205143,12795,70.1564,NA,NA,NA,NA,9,0.83
Australia,Oceania,1956,AUS,9424616,12924,70.0366,NA,NA,NA,NA,9.54,0.833
Australia,Oceania,1957,AUS,9638721,12895,70.3168,NA,NA,NA,NA,8.23,0.833
Australia,Oceania,1958,AUS,9847590,13238,70.8606,NA,NA,NA,NA,8.92,0.833
Australia,Oceania,1959,AUS,10059986,13753,70.445,NA,NA,NA,NA,8.33,0.835
Australia,Oceania,1960,AUS,10280765,14013,70.8652,NA,NA,NA,3.7288136,7.98,0.836
Australia,Oceania,1961,AUS,10500383,13793,71.1348,NA,NA,NA,2.2875817,7.88,0.836
Australia,Oceania,1962,AUS,10707194,14389,70.9059,NA,NA,NA,-0.31948882,8.06,0.834
Australia,Oceania,1963,AUS,10913219,14983,70.9606,NA,NA,NA,0.64102566,8.38,0.843
Australia,Oceania,1964,AUS,11128215,15699,70.5715,NA,NA,NA,2.866242,8.05,0.841
Australia,Oceania,1965,AUS,11357428,16182,70.8021,NA,NA,NA,3.4055727,7.76,0.841
Australia,Oceania,1966,AUS,11592444,16324,70.6776,NA,NA,NA,3.2934132,7.29,0.841
Australia,Oceania,1967,AUS,11810475,17108,71.0472,NA,NA,NA,3.4782608,7.5099998,0.847
Australia,Oceania,1968,AUS,12029960,17770,70.6807,NA,NA,NA,2.5210085,7.29,0.847
Australia,Oceania,1969,AUS,12272333,18428,71.0719,NA,NA,NA,3.2786884,7.27,0.847
Australia,Oceania,1970,AUS,12599361,19166,70.6534,NA,NA,NA,3.4391534,6.96,0.858
Australia,Oceania,1971,AUS,12997910,19590,71.451,NA,NA,NA,6.1381073,6.7599998,0.858
Australia,Oceania,1972,AUS,13304850,19772,71.7682,NA,NA,NA,6.0240965,6.8599997,0.859
Australia,Oceania,1973,AUS,13518640,20527,72.0579,NA,NA,NA,9.090909,6.6,0.874
Australia,Oceania,1974,AUS,13719451,20698,71.8491,NA,NA,NA,15.416667,5.82,0.871
Australia,Oceania,1975,AUS,13893941,20993,72.7834,23.30465298,24.69984577,NA,15.162455,5.4,0.869
Australia,Oceania,1976,AUS,14046705,21613,72.7871,23.39476041,24.75681822,NA,13.322884,5.21,0.865
Australia,Oceania,1977,AUS,14203470,21592,73.4719,23.48288838,24.81296932,NA,12.30982,5.37,0.865
Australia,Oceania,1978,AUS,14367053,21948,73.7403,23.56986873,24.86918005,NA,8.004926,5.2999997,0.868
Australia,Oceania,1979,AUS,14532994,22826,74.327,23.65741151,24.92670505,NA,9.122006,5.47,0.868
Australia,Oceania,1980,AUS,14721295,22972,74.5655,23.74703553,24.98624799,NA,10.135841,5.48,0.876
Australia,Oceania,1981,AUS,14949155,23368,74.7827,23.83992396,25.04835273,NA,9.487666,5.29,0.877
Australia,Oceania,1982,AUS,15192443,22972,74.7192,23.93614107,25.11360775,NA,11.35182,5.3199997,0.877
Australia,Oceania,1983,AUS,15414842,22697,75.4402,24.035682,25.18223541,NA,10.038911,5.2999997,0.873
Australia,Oceania,1984,AUS,15620598,24009,75.5099,24.13844194,25.25462057,NA,3.960396,5.6400003,0.879
Australia,Oceania,1985,AUS,15835693,24927,75.4303,24.24422041,25.3304556,NA,6.734694,6.04,0.886
Australia,Oceania,1986,AUS,16069581,25116,76.0716,24.35267055,25.41010152,NA,9.05035,6.47,0.886
Australia,Oceania,1987,AUS,16322225,25971,76.083,24.4641953,25.49309448,NA,8.533022,7.57,0.885
Australia,Oceania,1988,AUS,16594053,26702,76.3443,24.57797102,25.57937383,NA,7.2159395,9.26,0.884
Australia,Oceania,1989,AUS,16869306,27407,76.1973,24.69424691,25.66904081,NA,7.5339026,8.13,0.884
Australia,Oceania,1990,AUS,17126249,27373,77.0414,24.81272179,25.76258242,NA,7.333022,7.1000004,0.89
Australia,Oceania,1991,AUS,17353139,26861.275,77.4806,24.93428491,25.85936229,9.586,3.1766753,7.1000004,0.891
Australia,Oceania,1992,AUS,17549234,27560.178,77.4731,25.05803357,25.95902798,10.733,1.0122311,6.8999996,0.891
Australia,Oceania,1993,AUS,17722869,28622.477,78.006,25.18273359,26.06053138,10.879,1.7536534,7.2400002,0.889
Australia,Oceania,1994,AUS,17897388,29844.172,77.8515,25.30697258,26.16244459,9.724,1.9696348,7.6800003,0.889
Australia,Oceania,1995,AUS,18095295,30690.062,78.2569,25.42981181,26.26383025,8.473,4.6277666,7.9300003,0.889
Australia,Oceania,1996,AUS,18305265,31740.47,78.3436,25.55089618,26.36465533,8.509,2.6153846,8.349999,0.889
Australia,Oceania,1997,AUS,18504864,32857.992,78.6256,25.66940042,26.46441238,8.367,0.22488755,8.36,0.886
Australia,Oceania,1998,AUS,18701660,34337.14,79.0202,25.7840717,26.56351702,7.684,0.8601346,8.190001,0.885
Australia,Oceania,1999,AUS,18909934,35551.02,79.2769,25.89418533,26.66183934,6.876,1.4831294,8.349999,0.884
Australia,Oceania,2000,AUS,19132426,36603.047,79.6207,25.99865493,26.75915697,6.288,4.457435,9.099999,0.883
Australia,Oceania,2001,AUS,19365383,37275.992,80.006,26.09588791,26.85500948,6.747,4.4071355,9.04,0.882
Australia,Oceania,2002,AUS,19595306,38567.066,80.0515,26.18538142,26.94766763,6.375,2.9815745,9.43,0.876
Australia,Oceania,2003,AUS,19819398,39523.656,80.4396,26.26713732,27.03637391,5.933,2.732596,9.51,0.876
Australia,Oceania,2004,AUS,20046631,40887.727,80.7334,26.34179733,27.1205661,5.399,2.3432553,10.31,0.877
Australia,Oceania,2005,AUS,20294430,41904.445,81.0923,26.40959844,27.19953392,5.036,2.6918316,10.639999,0.877
Australia,Oceania,2006,AUS,20590515,42650.984,81.2581,26.47090095,27.2726828,4.785,3.5552878,10.21,0.877
Australia,Oceania,2007,AUS,20954497,44033.582,81.2324,26.52678718,27.33976952,4.381,2.3276112,11.01,0.881
Australia,Oceania,2008,AUS,21370545,44421.64,81.4267,26.5779324,27.40079481,4.242,4.3502984,10.62,0.89
Australia,Oceania,2009,AUS,21782958,44686.543,81.7283,26.62498723,27.45540122,5.565,1.7711172,11.14,0.89
Australia,Oceania,2010,AUS,22141527,45400.223,82.0132,26.66711169,27.50275149,5.214,2.91834,10.92,0.898
Australia,Oceania,2011,AUS,22479723,46132,82.0911,26.70499149,27.54400091,5.083,3.3038502,10.97,0.903
Australia,Oceania,2012,AUS,22852597,47045.13,82.2966,26.74014113,27.58035331,5.225,1.7627802,10.65,0.903
Australia,Oceania,2013,AUS,23236224,47260.953,82.5511,26.77426041,27.61457686,5.663,2.4498887,11.36,0.863
Australia,Oceania,2014,AUS,23595552,47753.848,82.5182,26.80777765,27.64853378,6.078,2.4879227,10.84,0.857
Australia,Oceania,2015,AUS,23947955,48145.53,82.605,26.84056032,27.68325796,6.055,1.5083667,10.39,0.872
Australia,Oceania,2016,AUS,24329914,48675.137,82.8014,26.87308177,27.71849093,5.711,1.2769909,9.86,0.872
Australia,Oceania,2017,AUS,24730998,49001.902,82.7184,NA,NA,5.592,1.9486474,10.19,0.868
Australia,Oceania,2018,AUS,25119651,49614.387,83.2582,NA,NA,5.3,1.9114009,10.2,0.858
Australia,Oceania,2019,AUS,25482660,49814.67,83.2412,NA,NA,5.159,1.6107678,NA,0.825
Australia,Oceania,2020,AUS,25743732,48268.945,83.6639,NA,NA,6.456,0.8469055,NA,0.843
Australia,Oceania,2021,AUS,25956358,50704.934,83.564,NA,NA,5.116,2.8639104,NA,0.832
Australia,Oceania,2022,AUS,26200929,52049.43,82.7662,NA,NA,3.701,6.5940967,10.84,0.851
Australia,Oceania,2023,AUS,26451074,NA,83.9228,NA,NA,3.667,5.597015,9.969999,0.855
Austria,Europe,1952,AUT,6927208,6323,66.7483,NA,NA,NA,NA,NA,0.766
Austria,Europe,1953,AUT,6932036,6594,67.2543,NA,NA,NA,NA,NA,0.769
Austria,Europe,1954,AUT,6939834,7261,67.2867,NA,NA,NA,NA,NA,0.77
Austria,Europe,1955,AUT,6946610,8054,67.5509,NA,NA,NA,NA,NA,0.77
Austria,Europe,1956,AUT,6952225,8603,67.681,NA,NA,NA,NA,NA,0.826
Austria,Europe,1957,AUT,6965796,9111,67.4448,NA,NA,NA,NA,NA,0.82
Austria,Europe,1958,AUT,6987292,9416,68.4551,NA,NA,NA,NA,NA,0.82
Austria,Europe,1959,AUT,7014220,9645,68.3921,NA,NA,NA,NA,NA,0.82
Austria,Europe,1960,AUT,7047228,10391,68.7468,NA,NA,NA,1.9457494,NA,0.824
Austria,Europe,1961,AUT,7086019,10882,69.7129,NA,NA,NA,3.54224,NA,0.824
Austria,Europe,1962,AUT,7129527,11078,69.4991,NA,NA,NA,4.3817987,NA,0.824
Austria,Europe,1963,AUT,7175455,11454,69.6529,NA,NA,NA,2.708767,NA,0.829
Austria,Europe,1964,AUT,7223347,12062,70.1194,NA,NA,NA,3.8685637,NA,0.829
Austria,Europe,1965,AUT,7270356,12328,69.9316,NA,NA,NA,4.9309163,NA,0.828
Austria,Europe,1966,AUT,7321473,12930,70.2228,NA,NA,NA,2.0548205,NA,0.828
Austria,Europe,1967,AUT,7376251,13225,70.1157,NA,NA,NA,3.974673,NA,0.831
Austria,Europe,1968,AUT,7414577,13742,70.2678,NA,NA,NA,2.7648644,NA,0.831
Austria,Europe,1969,AUT,7440256,14555,70.0414,NA,NA,NA,3.0804043,NA,0.831
Austria,Europe,1970,AUT,7466271,15537,70.086,NA,NA,NA,4.372824,NA,0.831
Austria,Europe,1971,AUT,7499589,16259,70.2905,NA,NA,NA,4.704258,NA,0.829
Austria,Europe,1972,AUT,7543211,17169,70.6196,NA,NA,NA,6.355146,NA,0.841
Austria,Europe,1973,AUT,7585058,17908,71.1953,NA,NA,NA,7.531078,NA,0.845
Austria,Europe,1974,AUT,7597917,18583,71.1741,NA,NA,NA,9.521789,NA,0.851
Austria,Europe,1975,AUT,7577786,18564,71.3264,24.00980305,24.41768199,NA,8.445259,NA,0.85
Austria,Europe,1976,AUT,7564406,19448,71.7881,23.98873202,24.45131001,NA,7.3186855,NA,0.856
Austria,Europe,1977,AUT,7567278,20350,72.135,23.96789805,24.48507626,NA,5.4946156,NA,0.856
Austria,Europe,1978,AUT,7561154,20293,72.2031,23.94804405,24.52025765,NA,3.5743186,NA,0.856
Austria,Europe,1979,AUT,7548292,21436,72.5428,23.93060798,24.55767928,NA,3.707401,NA,0.856
Austria,Europe,1980,AUT,7548355,21932,72.6676,23.91663337,24.5979221,NA,6.3283253,NA,0.856
Austria,Europe,1981,AUT,7567494,21866,72.9901,23.90683629,24.64122028,NA,6.803042,NA,0.855
Austria,Europe,1982,AUT,7573032,22254,73.1434,23.90132372,24.6871261,NA,5.436031,NA,0.855
Austria,Europe,1983,AUT,7561119,22944,73.2168,23.89972534,24.73570976,NA,3.3391645,NA,0.854
Austria,Europe,1984,AUT,7560669,23016,73.7658,23.90192711,24.78654957,NA,5.6631856,NA,0.853
Austria,Europe,1985,AUT,7564263,23514,73.9861,23.9076998,24.84012853,NA,3.1895168,NA,0.853
Austria,Europe,1986,AUT,7569357,24039,74.4574,23.91727772,24.89490907,NA,1.7054446,NA,0.856
Austria,Europe,1987,AUT,7574271,24409,74.9001,23.93070459,24.95110938,NA,1.4019527,NA,0.857
Austria,Europe,1988,AUT,7585290,25112,75.3743,23.94763924,25.00941584,NA,1.9157169,NA,0.855
Austria,Europe,1989,AUT,7620361,26078,75.4635,23.96794759,25.07031459,NA,2.5683484,NA,0.859
Austria,Europe,1990,AUT,7679582,26930,75.7385,23.99090073,25.13366934,NA,3.2618723,NA,0.859
Austria,Europe,1991,AUT,7757088,27689.771,75.7921,24.01683869,25.19830487,3.42,3.3374271,NA,0.858
Austria,Europe,1992,AUT,7842667,28072.44,75.992,24.04624876,25.26531787,3.59,4.020848,NA,0.861
Austria,Europe,1993,AUT,7907434,28101.229,76.2247,24.07829004,25.33477907,4.25,3.6317852,NA,0.863
Austria,Europe,1994,AUT,7938100,28780.76,76.5414,24.1126571,25.40551303,3.535,2.9534094,NA,0.862
Austria,Europe,1995,AUT,7950275,29621.682,76.7753,24.14949831,25.47789673,4.353,2.2433662,NA,0.861
Austria,Europe,1996,AUT,7960868,30413.156,77.0256,24.18821526,25.55207721,5.291,1.8609712,NA,0.859
Austria,Europe,1997,AUT,7969749,31173.049,77.4279,24.22801497,25.62716468,5.157,1.3059785,NA,0.859
Austria,Europe,1998,AUT,7978413,32376.33,77.7823,24.26784328,25.70297707,5.493,0.9224672,NA,0.858
Austria,Europe,1999,AUT,7993849,33608.297,77.9554,24.30678473,25.77855319,4.707,0.56899375,NA,0.859
Austria,Europe,2000,AUT,8012872,34796.258,78.235,24.34425163,25.85309272,4.694,2.344863,NA,0.862
Austria,Europe,2001,AUT,8042189,35272.223,78.7184,24.37969441,25.92680698,4.012,2.6500008,NA,0.862
Austria,Europe,2002,AUT,8081595,35823.586,78.8464,24.41354045,25.99945474,4.86,1.8103579,NA,0.862
Austria,Europe,2003,AUT,8122551,36063.12,78.8491,24.44575118,26.07096634,4.785,1.3555537,NA,0.863
Austria,Europe,2004,AUT,8173453,36957.113,79.3624,24.4760779,26.14106197,5.969,2.061206,11.200001,0.861
Austria,Europe,2005,AUT,8229148,37642.76,79.5202,24.50469282,26.20799436,5.682,2.2991378,11.04,0.859
Austria,Europe,2006,AUT,8269852,38866.848,79.9648,24.53212694,26.27162676,5.32,1.4415485,13.079999,0.863
Austria,Europe,2007,AUT,8296906,40305.273,80.1664,24.55850102,26.33048229,4.909,2.1685553,11.25,0.876
Austria,Europe,2008,AUT,8323196,40964.793,80.3633,24.58378624,26.38398586,4.198,3.2159503,12.13,0.876
Austria,Europe,2009,AUT,8345019,39463.656,80.2064,24.60766751,26.43261235,5.371,0.50630885,11.25,0.876
Austria,Europe,2010,AUT,8365050,40288.348,80.4634,24.62981348,26.47593121,4.883,1.8135344,11.110001,0.872
Austria,Europe,2011,AUT,8393226,41446,80.8281,24.65037876,26.5142204,4.637,3.2865791,11,0.872
Austria,Europe,2012,AUT,8431540,41540.94,80.8407,24.66988466,26.54817731,4.909,2.4856756,8.150001,0.872
Austria,Europe,2013,AUT,8481365,41301.94,81.078,24.68958006,26.57962094,5.367,2.0001562,8.820001,0.875
Austria,Europe,2014,AUT,8547760,41250.508,81.39,24.70916912,26.61050389,5.674,1.6058118,10.849999,0.872
Austria,Europe,2015,AUT,8643981,41255.715,81.1592,24.72908597,26.64113411,5.802,0.89656335,9.94,0.872
Austria,Europe,2016,AUT,8737874,41545.5,81.5922,24.74923974,26.67288696,6.064,0.8915917,10.88,0.848
Austria,Europe,2017,AUT,8798734,42216.918,81.6387,NA,NA,5.561,2.081269,NA,0.853
Austria,Europe,2018,AUT,8841608,43032.215,81.6859,NA,NA,4.933,1.9983798,NA,0.857
Austria,Europe,2019,AUT,8880830,43488.668,81.9072,NA,NA,4.56,1.5308956,NA,0.863
Austria,Europe,2020,AUT,8921362,40503.04,81.8037,NA,NA,5.201,1.3819107,NA,0.86
Austria,Europe,2021,AUT,8967006,42184.695,81.8204,NA,NA,6.459,2.7666667,NA,0.852
Austria,Europe,2022,AUT,9064633,43792.855,81.2959,NA,NA,4.992,8.54687,13.089999,0.838
Austria,Europe,2023,AUT,9130386,NA,81.9559,NA,NA,5.243,7.814134,11.35,0.846
Bahrain,Asia,1952,BHR,124420,3614,39.934,NA,NA,NA,NA,NA,0.024
Bahrain,Asia,1953,BHR,128353,3747,40.7141,NA,NA,NA,NA,NA,0.025
Bahrain,Asia,1954,BHR,132532,3883,41.6479,NA,NA,NA,NA,NA,0.025
Bahrain,Asia,1955,BHR,137035,4014,42.774,NA,NA,NA,NA,NA,0.025
Bahrain,Asia,1956,BHR,141884,4141,44.1271,NA,NA,NA,NA,NA,0.025
Bahrain,Asia,1957,BHR,147124,4262,45.6523,NA,NA,NA,NA,NA,0.025
Bahrain,Asia,1958,BHR,152780,4366,47.2764,NA,NA,NA,NA,NA,0.025
Bahrain,Asia,1959,BHR,158891,4457,48.9511,NA,NA,NA,NA,NA,0.026
Bahrain,Asia,1960,BHR,165452,4532,50.634,NA,NA,NA,NA,NA,0.024
Bahrain,Asia,1961,BHR,172311,4594,52.2777,NA,NA,NA,NA,NA,0.025
Bahrain,Asia,1962,BHR,179311,4672,53.8932,NA,NA,NA,NA,NA,0.025
Bahrain,Asia,1963,BHR,186460,4772,55.4493,NA,NA,NA,NA,NA,0.025
Bahrain,Asia,1964,BHR,193779,4898,56.9463,NA,NA,NA,NA,NA,0.025
Bahrain,Asia,1965,BHR,200837,5058,58.3791,NA,NA,NA,NA,NA,0.025
Bahrain,Asia,1966,BHR,207503,5233,59.7445,NA,NA,NA,2.1344717,NA,0.025
Bahrain,Asia,1967,BHR,214141,5423,61.0362,NA,NA,NA,4.258098,NA,0.025
Bahrain,Asia,1968,BHR,219299,5611,62.2534,NA,NA,NA,3.257329,NA,0.025
Bahrain,Asia,1969,BHR,222430,5812,63.35,NA,NA,NA,-0.19412763,NA,0.025
Bahrain,Asia,1970,BHR,224763,6038,64.3585,NA,NA,NA,1.6289812,NA,0.025
Bahrain,Asia,1971,BHR,230706,6349,65.2793,NA,NA,NA,5.7894735,NA,0.029
Bahrain,Asia,1972,BHR,242075,6692,66.0947,NA,NA,NA,5.0881953,NA,0.076
Bahrain,Asia,1973,BHR,255288,6975,66.9218,NA,NA,NA,14.331827,NA,0.15
Bahrain,Asia,1974,BHR,269010,7291,67.6331,NA,NA,NA,24.392998,NA,0.125
Bahrain,Asia,1975,BHR,283199,6252,68.2764,26.48905629,23.9176111,NA,16.159782,NA,0.105
Bahrain,Asia,1976,BHR,297830,6875,68.858,26.49022829,23.99082677,NA,22.495766,NA,0.051
Bahrain,Asia,1977,BHR,312774,7084,69.3834,26.49102712,24.06375307,NA,17.731121,NA,0.051
Bahrain,Asia,1978,BHR,327999,7037,69.8504,26.49093401,24.13653899,NA,15.785538,NA,0.051
Bahrain,Asia,1979,BHR,343410,6730,70.2955,26.49032263,24.20923847,NA,2.205992,NA,0.051
Bahrain,Asia,1980,BHR,358943,6994,70.6844,26.48907495,24.28206198,NA,3.869525,NA,0.048
Bahrain,Asia,1981,BHR,373495,6875,71.0371,26.48675323,24.35451391,NA,11.344597,NA,0.048
Bahrain,Asia,1982,BHR,386935,7036,71.3543,26.48377474,24.42643842,NA,8.885713,NA,0.048
Bahrain,Asia,1983,BHR,400679,7240,71.6373,26.47976556,24.4976836,NA,2.9723992,NA,0.048
Bahrain,Asia,1984,BHR,415119,7264,71.8843,26.47457599,24.56835235,NA,0.32239926,NA,0.05
Bahrain,Asia,1985,BHR,430315,6972,72.0923,26.46862243,24.63809166,NA,-2.6359694,NA,0.05
Bahrain,Asia,1986,BHR,446244,6880,72.2574,26.46092199,24.70642539,NA,-2.2960932,NA,0.05
Bahrain,Asia,1987,BHR,462815,6786,72.3774,26.4514259,24.77311192,NA,-1.7450018,NA,0.05
Bahrain,Asia,1988,BHR,479884,6802,72.4605,26.43990262,24.83798332,NA,0.30343595,NA,0.05
Bahrain,Asia,1989,BHR,497284,6751,72.5238,26.42685688,24.90074819,NA,1.4858973,NA,0.05
Bahrain,Asia,1990,BHR,514755,6542,72.5867,26.41148464,24.96114294,NA,0.9293354,NA,0.049
Bahrain,Asia,1991,BHR,531841,7059.957,72.6682,26.39272387,25.01835947,1.13,0.76441973,NA,0.049
Bahrain,Asia,1992,BHR,547704,7993.8926,72.7846,26.37034246,25.072529,1.042,-0.1724138,NA,0.049
Bahrain,Asia,1993,BHR,562766,9102.066,72.9393,26.34436153,25.12275837,0.943,2.53886,NA,0.049
Bahrain,Asia,1994,BHR,577908,9935.004,73.1344,26.31522584,25.16808469,1.08,0.8169109,NA,0.049
Bahrain,Asia,1995,BHR,593177,10695.393,73.3613,26.28323327,25.20720032,1.117,2.7040348,21.88,0.049
Bahrain,Asia,1996,BHR,608545,11640.821,73.6103,26.24676298,25.23855249,1.254,-0.45222738,NA,0.049
Bahrain,Asia,1997,BHR,623971,12528.39,73.8717,26.20528503,25.26139864,1.196,2.4315515,NA,0.049
Bahrain,Asia,1998,BHR,639345,13776.008,74.1381,26.15904062,25.2756847,1.179,-0.36653388,NA,0.049
Bahrain,Asia,1999,BHR,654572,15263.758,74.4053,26.10652049,25.27967529,1.174,-1.287588,NA,0.049
Bahrain,Asia,2000,BHR,669543,17021.723,74.6726,26.04603503,25.27161869,1.138,-0.70485294,NA,0.066
Bahrain,Asia,2001,BHR,699926,18152.963,74.9419,25.97891591,25.25353021,1.171,-1.2075717,NA,0.111
Bahrain,Asia,2002,BHR,752141,19487.842,75.2086,25.90534397,25.22787405,1.184,-0.49554014,NA,0.167
Bahrain,Asia,2003,BHR,811229,21391.611,75.4857,25.82565343,25.19680549,1.165,1.5936255,NA,0.211
Bahrain,Asia,2004,BHR,871404,23389.602,75.7869,25.74099636,25.16191555,1.094,2.3529413,NA,0.211
Bahrain,Asia,2005,BHR,932571,25230.9,76.1249,25.65173977,25.12443766,1.044,2.586207,24.16,0.219
Bahrain,Asia,2006,BHR,994573,26840.125,76.5101,25.56047499,25.08672074,1.039,2.0074697,NA,0.221
Bahrain,Asia,2007,BHR,1057370,28884.697,76.9519,25.47106999,25.05184782,1.019,3.2566667,NA,0.222
Bahrain,Asia,2008,BHR,1120668,30612.498,77.4565,25.38680752,25.02393736,1.024,3.5260031,NA,0.222
Bahrain,Asia,2009,BHR,1183577,31729.566,78.0162,25.30616772,25.00079089,1.074,2.795513,NA,0.221
Bahrain,Asia,2010,BHR,1213201,34057.715,78.5933,25.2277311,24.98097512,1.13,1.9618847,NA,0.216
Bahrain,Asia,2011,BHR,1206693,36372,79.1409,25.15117742,24.96405741,1.209,-0.4000407,NA,0.17
Bahrain,Asia,2012,BHR,1216256,36711.39,79.6218,25.07664172,24.94899742,1.2,2.7573967,NA,0.159
Bahrain,Asia,2013,BHR,1257153,37704.21,79.9981,25.00378655,24.93493344,1.182,3.3000116,NA,0.158
Bahrain,Asia,2014,BHR,1312803,38364.83,80.2139,24.93238925,24.92193451,1.146,2.6475532,NA,0.156
Bahrain,Asia,2015,BHR,1369607,38369.66,80.3378,24.86205092,24.90852026,1.166,1.8486274,25.97,0.134
Bahrain,Asia,2016,BHR,1429559,38805.39,80.407,24.79195613,24.895558,1.195,2.7867935,NA,0.13
Bahrain,Asia,2017,BHR,1481958,39553.24,80.4067,NA,NA,1.196,1.3867183,NA,0.122
Bahrain,Asia,2018,BHR,1497582,39501.176,80.4118,NA,NA,1.202,2.0876694,NA,0.118
Bahrain,Asia,2019,BHR,1485632,39499.707,80.4706,NA,NA,1.226,1.00582,NA,0.117
Bahrain,Asia,2020,BHR,1483026,36890.504,78.6833,NA,NA,1.767,-2.3177063,NA,0.117
Bahrain,Asia,2021,BHR,1501708,37323.105,78.0826,NA,NA,1.551,-0.60631937,NA,0.12
Bahrain,Asia,2022,BHR,1533408,38651.6,80.9921,NA,NA,1.326,3.625741,25.470001,0.123
Bahrain,Asia,2023,BHR,1569625,NA,81.2835,NA,NA,1.16,0.07462068,25.189999,0.124
Bangladesh,Asia,1952,BGD,42892968,874,38.8443,NA,NA,NA,NA,NA,0.199
Bangladesh,Asia,1953,BGD,43791337,872,39.4449,NA,NA,NA,NA,NA,0.183
Bangladesh,Asia,1954,BGD,44741247,872,40.3718,NA,NA,NA,NA,NA,0.181
Bangladesh,Asia,1955,BGD,45767635,810,41.0664,NA,NA,NA,NA,NA,0.181
Bangladesh,Asia,1956,BGD,46854365,878,41.6034,NA,NA,NA,NA,NA,0.19
Bangladesh,Asia,1957,BGD,48004616,845,42.5748,NA,NA,NA,NA,NA,0.196
Bangladesh,Asia,1958,BGD,49184012,813,43.0829,NA,NA,NA,NA,NA,0.159
Bangladesh,Asia,1959,BGD,50441720,838,43.7158,NA,NA,NA,NA,NA,0.128
Bangladesh,Asia,1960,BGD,51828616,869,43.9795,NA,NA,NA,NA,NA,0.128
Bangladesh,Asia,1961,BGD,53310300,899,44.8874,NA,NA,NA,NA,NA,0.128
Bangladesh,Asia,1962,BGD,54881103,877,45.7651,NA,NA,NA,NA,NA,0.134
Bangladesh,Asia,1963,BGD,56504365,947,45.7217,NA,NA,NA,NA,NA,0.138
Bangladesh,Asia,1964,BGD,58178318,939,46.7522,NA,NA,NA,NA,NA,0.138
Bangladesh,Asia,1965,BGD,59902477,969,46.0464,NA,NA,NA,NA,NA,0.138
Bangladesh,Asia,1966,BGD,61669760,963,47.6443,NA,NA,NA,NA,NA,0.142
Bangladesh,Asia,1967,BGD,63510878,921,48.0658,NA,NA,NA,NA,NA,0.139
Bangladesh,Asia,1968,BGD,65408231,987,48.4003,NA,NA,NA,NA,NA,0.14
Bangladesh,Asia,1969,BGD,67294079,980,48.6864,NA,NA,NA,NA,NA,0.141
Bangladesh,Asia,1970,BGD,69058849,1004,42.6672,NA,NA,NA,NA,NA,0.193
Bangladesh,Asia,1971,BGD,70276718,934,26.5218,NA,NA,NA,NA,NA,0.171
Bangladesh,Asia,1972,BGD,71641480,807,49.6465,NA,NA,NA,NA,NA,0.221
Bangladesh,Asia,1973,BGD,73722257,792,49.9142,NA,NA,NA,NA,NA,0.362
Bangladesh,Asia,1974,BGD,75839301,872,49.5885,NA,NA,NA,NA,NA,0.381
Bangladesh,Asia,1975,BGD,77854303,843,50.6268,16.39959225,18.369379,NA,NA,NA,0.212
Bangladesh,Asia,1976,BGD,79855273,862,50.9509,16.54075363,18.47235575,NA,NA,NA,0.133
Bangladesh,Asia,1977,BGD,81867220,843,51.2652,16.68703717,18.57881815,NA,NA,NA,0.176
Bangladesh,Asia,1978,BGD,83889615,878,51.5964,16.83768876,18.6884612,NA,NA,NA,0.233
Bangladesh,Asia,1979,BGD,85935022,894,51.9585,16.99139423,18.80045762,NA,NA,NA,0.367
Bangladesh,Asia,1980,BGD,88016388,875,52.2778,17.14721651,18.91427853,NA,NA,NA,0.382
Bangladesh,Asia,1981,BGD,90303059,878,52.6383,17.29992704,19.02615428,NA,NA,NA,0.374
Bangladesh,Asia,1982,BGD,92814458,869,53.0119,17.44929031,19.13528555,NA,NA,NA,0.229
Bangladesh,Asia,1983,BGD,95335110,891,53.4409,17.59563665,19.24123028,NA,NA,11.71,0.183
Bangladesh,Asia,1984,BGD,97814921,918,53.8259,17.73840803,19.34390866,NA,NA,NA,0.188
Bangladesh,Asia,1985,BGD,100253773,925,53.9371,17.87773211,19.44313843,NA,NA,13.28,0.189
Bangladesh,Asia,1986,BGD,102635523,944,54.5915,18.01348356,19.5378148,NA,NA,NA,0.238
Bangladesh,Asia,1987,BGD,104959246,960,54.8992,18.14584149,19.62799499,NA,9.874696,NA,0.328
Bangladesh,Asia,1988,BGD,107215958,964,55.1744,18.27544257,19.71454786,NA,7.412766,14.129999,0.307
Bangladesh,Asia,1989,BGD,109433756,966,55.5135,18.40336897,19.79749947,NA,6.04548,NA,0.301
Bangladesh,Asia,1990,BGD,111633674,1006,55.8219,18.5297622,19.87732895,NA,6.1267185,NA,0.303
Bangladesh,Asia,1991,BGD,113787065,1031.4299,53.7809,18.65496653,19.9540244,2.2,6.357364,12.32,0.49
Bangladesh,Asia,1992,BGD,115952146,1062.4604,56.5915,18.77961131,20.02706759,2.253,3.6340768,NA,0.511
Bangladesh,Asia,1993,BGD,118132306,1095.6564,57.0729,18.90378473,20.09637994,2.32,3.0148187,NA,0.511
Bangladesh,Asia,1994,BGD,120343133,1136.4185,57.6403,19.02805316,20.16286747,2.381,5.3137403,NA,0.511
Bangladesh,Asia,1995,BGD,122600315,1182.9514,58.2442,19.15364776,20.22706752,2.446,10.2978115,16.88,0.511
Bangladesh,Asia,1996,BGD,124862131,1234.0841,58.9395,19.28090111,20.29019754,2.51,2.377129,NA,0.5
Bangladesh,Asia,1997,BGD,127198029,1291.5126,59.6713,19.41110287,20.35286534,2.699,5.305601,NA,0.511
Bangladesh,Asia,1998,BGD,129622282,1348.1499,60.4291,19.54413316,20.41491654,2.891,8.402238,NA,0.511
Bangladesh,Asia,1999,BGD,132108017,1412.9813,61.2444,19.6794819,20.47633119,3.082,6.106696,NA,0.511
Bangladesh,Asia,2000,BGD,134544254,1485.3092,62.0487,19.8167321,20.53623664,3.27,2.2082562,16.18,0.511
Bangladesh,Asia,2001,BGD,136805753,1551.1965,62.8358,19.95645468,20.59534515,3.614,2.0071738,NA,0.504
Bangladesh,Asia,2002,BGD,138933610,1621.267,63.5914,20.09717296,20.65275625,3.967,3.3325648,NA,0.463
Bangladesh,Asia,2003,BGD,140970309,1710.7313,64.2877,20.23676759,20.70742962,4.32,5.668708,NA,0.474
Bangladesh,Asia,2004,BGD,142902810,1812.6246,64.9118,20.37559198,20.75911506,4.294,7.5875363,NA,0.474
Bangladesh,Asia,2005,BGD,144715747,1925.6062,65.5087,20.51385598,20.80824431,4.25,7.046618,16.619999,0.474
Bangladesh,Asia,2006,BGD,146405934,2057.6985,66.0479,20.65243052,20.85571766,3.591,6.765261,NA,0.424
Bangladesh,Asia,2007,BGD,147989238,2194.4224,66.4578,20.7919544,20.90281325,4.045,9.106985,NA,0.205
Bangladesh,Asia,2008,BGD,149474218,2321.0505,67.0471,20.93185493,20.95016191,4.516,8.901945,NA,0.209
Bangladesh,Asia,2009,BGD,150873661,2448.887,67.5269,21.07281816,20.99858388,5,5.4234724,NA,0.418
Bangladesh,Asia,2010,BGD,152201922,2599.2083,68.0091,21.21348621,21.04835649,3.379,8.126677,16.380001,0.427
Bangladesh,Asia,2011,BGD,153591029,2772,68.4988,21.3545334,21.10096178,3.73,11.395165,NA,0.416
Bangladesh,Asia,2012,BGD,155070060,2914.0488,68.9894,21.49569345,21.15780745,4.075,6.217504,NA,0.411
Bangladesh,Asia,2013,BGD,156532092,3057.4697,69.4874,21.63675373,21.21733836,4.426,7.5304065,NA,0.377
Bangladesh,Asia,2014,BGD,157964878,3216.8923,70.0162,21.77680112,21.27846663,4.406,6.9916387,NA,0.281
Bangladesh,Asia,2015,BGD,159383130,3402.3213,70.5429,21.9154566,21.33982943,4.382,6.19428,NA,0.271
Bangladesh,Asia,2016,BGD,160811890,3598.5103,71.0752,22.05260608,21.40108169,4.35,5.513526,16.41,0.269
Bangladesh,Asia,2017,BGD,162186094,3808.8728,71.6056,NA,NA,4.372,5.70207,NA,0.264
Bangladesh,Asia,2018,BGD,163523054,4056.6465,72.1217,NA,NA,4.532,5.5436215,NA,0.254
Bangladesh,Asia,2019,BGD,164913011,4242.7515,72.6254,NA,NA,4.693,5.591996,NA,0.251
Bangladesh,Asia,2020,BGD,166297978,4418.9644,71.4211,NA,NA,5.828,5.691075,NA,0.258
Bangladesh,Asia,2021,BGD,167658798,4684.003,71.1035,NA,NA,5.815,5.5456543,NA,0.254
Bangladesh,Asia,2022,BGD,169384838,4925.721,74.2647,NA,NA,5.247,7.6969543,16.529999,0.263
Bangladesh,Asia,2023,BGD,171466945,NA,74.6723,NA,NA,5.06,9.883503,16.01,0.253
Belgium,Europe,1952,BEL,8696594,9035,67.9672,NA,NA,NA,NA,NA,0.721
Belgium,Europe,1953,BEL,8741817,9274,68.3562,NA,NA,NA,NA,NA,0.721
Belgium,Europe,1954,BEL,8788342,9610,68.5934,NA,NA,NA,NA,NA,0.726
Belgium,Europe,1955,BEL,8835446,10010,68.5455,NA,NA,NA,NA,NA,0.729
Belgium,Europe,1956,BEL,8882106,10237,68.8383,NA,NA,NA,NA,NA,0.729
Belgium,Europe,1957,BEL,8931814,10353,69.1981,NA,NA,NA,NA,NA,0.729
Belgium,Europe,1958,BEL,8986075,10268,69.9086,NA,NA,NA,NA,NA,0.73
Belgium,Europe,1959,BEL,9045691,10533,70.3138,NA,NA,NA,NA,NA,0.731
Belgium,Europe,1960,BEL,9102115,11081,69.6237,NA,NA,NA,0.29946727,NA,0.836
Belgium,Europe,1961,BEL,9158154,11561,70.498,NA,NA,NA,0.99267626,NA,0.838
Belgium,Europe,1962,BEL,9217620,12087,70.2272,NA,NA,NA,1.404607,NA,0.844
Belgium,Europe,1963,BEL,9275149,12532,70.0424,NA,NA,NA,2.1480033,NA,0.844
Belgium,Europe,1964,BEL,9337627,13295,70.7055,NA,NA,NA,4.168761,NA,0.844
Belgium,Europe,1965,BEL,9399795,13643,70.5551,NA,NA,NA,4.0652013,NA,0.845
Belgium,Europe,1966,BEL,9454947,13989,70.6308,NA,NA,NA,4.1743474,NA,0.846
Belgium,Europe,1967,BEL,9505876,14461,70.9133,NA,NA,NA,2.7303026,NA,0.846
Belgium,Europe,1968,BEL,9549645,15009,70.609,NA,NA,NA,2.7014499,NA,0.844
Belgium,Europe,1969,BEL,9589150,15969,70.6749,NA,NA,NA,3.7539923,NA,0.844
Belgium,Europe,1970,BEL,9630468,16914,70.9368,NA,NA,NA,3.9084723,NA,0.846
Belgium,Europe,1971,BEL,9666481,17486,71.0861,NA,NA,NA,4.3436284,NA,0.847
Belgium,Europe,1972,BEL,9694803,18336,71.412,NA,NA,NA,5.4484315,NA,0.852
Belgium,Europe,1973,BEL,9717983,19399,71.6353,NA,NA,NA,6.9552803,NA,0.852
Belgium,Europe,1974,BEL,9735769,20153,71.9713,NA,NA,NA,12.677888,NA,0.849
Belgium,Europe,1975,BEL,9748424,19831,71.9646,25.3681171,24.77117254,NA,12.768199,NA,0.849
Belgium,Europe,1976,BEL,9758851,20916,72.1041,25.3315627,24.80276038,NA,9.06861,NA,0.851
Belgium,Europe,1977,BEL,9773969,21025,72.7584,25.2958961,24.83476401,NA,7.0960007,NA,0.853
Belgium,Europe,1978,BEL,9791768,21605,72.7057,25.26125915,24.86770098,NA,4.4705935,NA,0.854
Belgium,Europe,1979,BEL,9811311,22094,73.1993,25.22898729,24.9027704,NA,4.469084,NA,0.855
Belgium,Europe,1980,BEL,9833043,23060,73.2416,25.19991518,24.94030274,NA,6.6486883,NA,0.865
Belgium,Europe,1981,BEL,9850626,22760,73.6517,25.17401305,24.97962467,NA,7.6274867,NA,0.862
Belgium,Europe,1982,BEL,9862280,23071,73.8793,25.15111243,25.02040072,NA,8.726549,NA,0.86
Belgium,Europe,1983,BEL,9869086,23071,73.88,25.13122213,25.0636438,NA,7.6616096,NA,0.86
Belgium,Europe,1984,BEL,9874550,23644,74.3691,25.11464637,25.10850483,NA,6.341775,NA,0.86
Belgium,Europe,1985,BEL,9880285,23873,74.4685,25.10080274,25.15528691,NA,4.868734,7.53,0.86
Belgium,Europe,1986,BEL,9886926,24221,74.6685,25.08994063,25.20264444,NA,1.2943681,NA,0.86
Belgium,Europe,1987,BEL,9899101,24772,75.2903,25.08214534,25.250951,NA,1.5533826,NA,0.858
Belgium,Europe,1988,BEL,9916509,25905,75.5907,25.07755218,25.3009748,NA,1.1609349,9.049999,0.856
Belgium,Europe,1989,BEL,9936527,26690,75.6465,25.07677141,25.35264963,NA,3.1070507,NA,0.862
Belgium,Europe,1990,BEL,9960924,27412,76.0586,25.07900999,25.4060578,NA,3.4483123,NA,0.872
Belgium,Europe,1991,BEL,9998909,27848.305,76.1992,25.08455656,25.46087526,6.984,3.2153106,7.88,0.873
Belgium,Europe,1992,BEL,10045947,28199.574,76.3582,25.09373711,25.5177814,6.702,2.4279556,7.61,0.876
Belgium,Europe,1993,BEL,10084882,27857.25,76.3632,25.10612252,25.57690852,8.078,2.7544265,7.58,0.876
Belgium,Europe,1994,BEL,10115950,28706.5,76.7159,25.12163476,25.63734975,9.645,2.3775408,8.23,0.876
Belgium,Europe,1995,BEL,10137211,29370.088,76.8403,25.14128316,25.70013415,9.337,1.467967,8.1,0.878
Belgium,Europe,1996,BEL,10156921,29820.299,77.1847,25.1641806,25.76527696,9.483,2.0770211,8.389999,0.878
Belgium,Europe,1997,BEL,10181406,30894.283,77.4025,25.189797509999998,25.83194298,8.95,1.6281605,8.2699995,0.878
Belgium,Europe,1998,BEL,10203130,31480.744,77.4763,25.21689285,25.89961885,9.323,0.9492503,8.14,0.878
Belgium,Europe,1999,BEL,10226629,32571.674,77.6479,25.24492634,25.96710328,8.649,1.1208482,8.18,0.881
Belgium,Europe,2000,BEL,10251672,33719.77,77.7684,25.27369012,26.03457879,6.586,2.5445178,8.23,0.885
Belgium,Europe,2001,BEL,10286956,33923.344,78.0824,25.30261431,26.10244422,6.178,2.4692583,7.99,0.885
Belgium,Europe,2002,BEL,10332929,34419.695,78.1678,25.3319264,26.17050996,6.91,1.6452143,7.67,0.885
Belgium,Europe,2003,BEL,10376207,34588.477,78.3203,25.361573,26.23813002,7.68,1.588964,7.6800003,0.887
Belgium,Europe,2004,BEL,10421247,35740.35,78.9605,25.39146586,26.30471505,7.363,2.0972831,8.61,0.866
Belgium,Europe,2005,BEL,10478829,36338.383,79.0532,25.42170193,26.36921457,8.44,2.7814326,8.44,0.881
Belgium,Europe,2006,BEL,10548397,37051.902,79.3894,25.45246355,26.43071931,8.246,1.7912077,8.64,0.884
Belgium,Europe,2007,BEL,10625433,38082.875,79.5284,25.48365047,26.48765835,7.459,1.8230563,9.42,0.895
Belgium,Europe,2008,BEL,10709668,38117.348,79.5793,25.51494208,26.53938042,6.976,4.4894443,8.429999,0.907
Belgium,Europe,2009,BEL,10812883,36998.65,79.8489,25.54599395,26.58627211,7.908,-0.053145673,7.44,0.907
Belgium,Europe,2010,BEL,10936569,37739.33,80.04,25.57577412,26.62776006,8.293,2.189299,7.6,0.904
Belgium,Europe,2011,BEL,11038580,38130,80.3664,25.60461821,26.6639898,7.14,3.532082,7.9000006,0.901
Belgium,Europe,2012,BEL,11107477,38173.234,80.2604,25.632974,26.69536739,7.542,2.8396635,8.24,0.901
Belgium,Europe,2013,BEL,11160227,38169.832,80.4668,25.66182883,26.72327028,8.425,1.113096,8.21,0.906
Belgium,Europe,2014,BEL,11210070,38599.426,81.0802,25.69092483,26.74927066,8.523,0.34000283,8.389999,0.904
Belgium,Europe,2015,BEL,11275281,39160.324,80.8889,25.72039764,26.77505168,8.482,0.56142914,8.5,0.903
Belgium,Europe,2016,BEL,11332652,39456.863,81.2647,25.74971353,26.8013405,7.83,1.9738526,8.690001,0.903
Belgium,Europe,2017,BEL,11376542,39940.824,81.3624,NA,NA,7.086,2.1259708,8.5,0.902
Belgium,Europe,2018,BEL,11428564,40471.914,81.4805,NA,NA,5.948,2.053165,NA,0.902
Belgium,Europe,2019,BEL,11490570,41155.527,81.8353,NA,NA,5.36,1.4368196,NA,0.902
Belgium,Europe,2020,BEL,11540055,38763.44,80.7977,NA,NA,5.555,0.7407918,NA,0.897
Belgium,Europe,2021,BEL,11570794,40970.805,81.6591,NA,NA,6.264,2.4402485,NA,0.898
Belgium,Europe,2022,BEL,11641759,41872.395,81.1589,NA,NA,5.558,9.597511,8.4,0.898
Belgium,Europe,2023,BEL,11712836,NA,82.115,NA,NA,5.508,4.0490108,8.45,0.898
Benin,Africa,1952,BEN,2285739,1565,35.9878,NA,NA,NA,NA,NA,0.078
Benin,Africa,1953,BEN,2306166,1492,36.315,NA,NA,NA,NA,NA,0.085
Benin,Africa,1954,BEN,2328739,1505,36.6662,NA,NA,NA,NA,NA,0.085
Benin,Africa,1955,BEN,2353610,1474,36.9609,NA,NA,NA,NA,NA,0.085
Benin,Africa,1956,BEN,2380847,1444,37.2808,NA,NA,NA,NA,NA,0.135
Benin,Africa,1957,BEN,2410720,1414,37.6403,NA,NA,NA,NA,NA,0.134
Benin,Africa,1958,BEN,2443383,1435,38.0126,NA,NA,NA,NA,NA,0.135
Benin,Africa,1959,BEN,2478876,1457,38.3887,NA,NA,NA,NA,NA,0.15
Benin,Africa,1960,BEN,2517239,1468,38.7746,NA,NA,NA,NA,NA,0.268
Benin,Africa,1961,BEN,2559182,1482,39.2326,NA,NA,NA,NA,NA,0.334
Benin,Africa,1962,BEN,2604619,1400,39.6428,NA,NA,NA,NA,NA,0.334
Benin,Africa,1963,BEN,2652862,1430,40.0813,NA,NA,NA,NA,NA,0.334
Benin,Africa,1964,BEN,2703952,1492,40.5025,NA,NA,NA,NA,NA,0.314
Benin,Africa,1965,BEN,2757888,1532,40.971,NA,NA,NA,NA,NA,0.31
Benin,Africa,1966,BEN,2814268,1549,41.2742,NA,NA,NA,NA,NA,0.175
Benin,Africa,1967,BEN,2872953,1525,41.7587,NA,NA,NA,NA,NA,0.175
Benin,Africa,1968,BEN,2934215,1545,42.1823,NA,NA,NA,NA,NA,0.22
Benin,Africa,1969,BEN,2998179,1551,42.5912,NA,NA,NA,NA,NA,0.256
Benin,Africa,1970,BEN,3065006,1543,43.0293,NA,NA,NA,NA,NA,0.175
Benin,Africa,1971,BEN,3134711,1535,43.3908,NA,NA,NA,NA,NA,0.169
Benin,Africa,1972,BEN,3207493,1640,43.9282,NA,NA,NA,NA,NA,0.124
Benin,Africa,1973,BEN,3283447,1666,44.4352,NA,NA,NA,NA,NA,0.094
Benin,Africa,1974,BEN,3362585,1733,44.8758,NA,NA,NA,NA,NA,0.088
Benin,Africa,1975,BEN,3445361,1570,45.4053,18.45298898,19.14225166,NA,NA,NA,0.085
Benin,Africa,1976,BEN,3532157,1548,45.9515,18.63679244,19.26974595,NA,NA,NA,0.085
Benin,Africa,1977,BEN,3623154,1570,46.504,18.81953426,19.397287,NA,NA,NA,0.085
Benin,Africa,1978,BEN,3718258,1519,46.941,19.00084883,19.52512219,NA,NA,NA,0.085
Benin,Africa,1979,BEN,3818482,1594,47.3624,19.18103163,19.65293825,NA,NA,NA,0.087
Benin,Africa,1980,BEN,3925195,1691,47.7469,19.35965773,19.78026808,NA,NA,NA,0.107
Benin,Africa,1981,BEN,4038268,1733,48.1223,19.53276351,19.90526852,NA,NA,NA,0.107
Benin,Africa,1982,BEN,4156550,1862,48.4934,19.70108251,20.02697457,NA,NA,NA,0.107
Benin,Africa,1983,BEN,4278927,1728,48.8449,19.86542033,20.14581969,NA,NA,NA,0.107
Benin,Africa,1984,BEN,4405848,1809,49.3992,20.02603629,20.26231153,NA,NA,NA,0.103
Benin,Africa,1985,BEN,4537963,1886,49.9591,20.18334246,20.3762995,NA,NA,NA,0.101
Benin,Africa,1986,BEN,4675383,1867,50.6318,20.33846822,20.48750094,NA,NA,NA,0.101
Benin,Africa,1987,BEN,4818432,1782,51.2576,20.4915772,20.59592492,NA,NA,NA,0.102
Benin,Africa,1988,BEN,4967293,1780,52.0188,20.64353709,20.70217997,NA,NA,NA,0.101
Benin,Africa,1989,BEN,5121611,1715,52.4504,20.79467967,20.80598151,NA,NA,NA,0.102
Benin,Africa,1990,BEN,5281430,1811,53.0205,20.94561406,20.90817623,NA,NA,NA,0.222
Benin,Africa,1991,BEN,5446879,1812.4215,53.441,21.09401138,21.00678336,1.639,NA,NA,0.47
Benin,Africa,1992,BEN,5617799,1790.53,54.1366,21.24067066,21.10149894,1.51,NA,NA,0.601
Benin,Africa,1993,BEN,5872663,1791.9633,54.6123,21.38619607,21.19327402,1.494,0.4405992,NA,0.601
Benin,Africa,1994,BEN,6096466,1731.8035,54.9884,21.53153775,21.28231801,1.455,38.530865,NA,0.601
Benin,Africa,1995,BEN,6226726,1835.5746,55.3657,21.67850625,21.36951056,1.307,14.462548,NA,0.624
Benin,Africa,1996,BEN,6391818,1840.4858,55.648,21.82724402,21.45464121,1.25,4.91424,NA,0.624
Benin,Africa,1997,BEN,6583322,1867.6058,55.9859,21.97884377,21.53795861,1.102,3.466296,NA,0.623
Benin,Africa,1998,BEN,6789446,1862.7557,56.1545,22.13355029,21.62063176,1.051,5.7533145,NA,0.623
Benin,Africa,1999,BEN,7002781,1881.6971,56.3363,22.29085169,21.70234064,0.951,0.3267229,NA,0.61
Benin,Africa,2000,BEN,7221570,1908.9366,56.5945,22.44973106,21.78360858,0.865,4.1654043,NA,0.607
Benin,Africa,2001,BEN,7445548,1928.0967,56.6542,22.60886142,21.86430019,0.766,3.9842954,NA,0.605
Benin,Africa,2002,BEN,7675382,1934.3967,56.851,22.76593351,21.94384029,0.69,2.4891624,NA,0.606
Benin,Africa,2003,BEN,7913016,1919.6151,57.0924,22.92022506,22.02235217,0.747,1.4872425,15.99,0.606
Benin,Africa,2004,BEN,8159045,1923.7192,57.3465,23.07058626,22.09840653,0.79,0.8738908,NA,0.606
Benin,Africa,2005,BEN,8426103,1875.9193,57.7384,23.21613502,22.17056904,0.86,5.364521,NA,0.628
Benin,Africa,2006,BEN,8693194,1870.5325,57.9659,23.35782754,22.23887001,0.888,3.782177,NA,0.661
Benin,Africa,2007,BEN,8953918,1904.5496,58.2488,23.49548793,22.30236316,0.902,1.2980682,NA,0.653
Benin,Africa,2008,BEN,9228420,1920.306,58.099,23.62836573,22.35983705,0.892,7.9472985,NA,0.642
Benin,Africa,2009,BEN,9509380,1888.7758,58.258,23.7567054,22.41043997,0.947,0.8960723,NA,0.644
Benin,Africa,2010,BEN,9797446,1854.6655,58.3873,23.88114081,22.4546351,1.04,2.2078354,NA,0.643
Benin,Africa,2011,BEN,10093579,1836,58.4618,24.00230106,22.49446362,2.647,2.7042391,15.150001,0.604
Benin,Africa,2012,BEN,10397614,1867,58.5585,24.12017079,22.52999177,2.415,6.7446823,NA,0.598
Benin,Africa,2013,BEN,10708774,1939,58.8634,24.23619791,22.5637992,2.113,0.4288889,NA,0.595
Benin,Africa,2014,BEN,11029964,2008,59.0082,24.35131929,22.59805057,1.892,-0.54875755,NA,0.605
Benin,Africa,2015,BEN,11360628,2055,59.1233,24.4658024,22.63234042,1.855,0.21878593,17.5,0.656
Benin,Africa,2016,BEN,11697798,2061.9036,59.2826,24.57959394,22.66670723,1.835,-0.79331017,NA,0.709
Benin,Africa,2017,BEN,12039735,2115.587,59.5278,NA,NA,1.722,0.043264855,NA,0.714
Benin,Africa,2018,BEN,12383302,2192.261,59.7097,NA,NA,1.473,0.91917074,NA,0.611
Benin,Africa,2019,BEN,12726713,2276.1038,59.8875,NA,NA,1.402,0.73284936,NA,0.456
Benin,Africa,2020,BEN,13070131,2297.7698,60.154,NA,NA,1.565,3.0227213,NA,0.411
Benin,Africa,2021,BEN,13413371,2395.1663,59.6103,NA,NA,1.694,1.7335396,NA,0.395
Benin,Africa,2022,BEN,13759458,2477.0903,60.4751,NA,NA,1.473,1.3507786,12.639999,0.435
Benin,Africa,2023,BEN,14110987,NA,60.7738,NA,NA,1.452,2.7310247,12.639999,0.493
Bolivia,Americas,1952,BOL,3187487,3237,41.0405,NA,NA,NA,NA,NA,0.132
Bolivia,Americas,1953,BOL,3240922,2869,41.4209,NA,NA,NA,NA,NA,0.216
Bolivia,Americas,1954,BOL,3297802,2868,41.6891,NA,NA,NA,NA,NA,0.216
Bolivia,Americas,1955,BOL,3357965,2954,41.9303,NA,NA,NA,NA,NA,0.217
Bolivia,Americas,1956,BOL,3421304,2719,42.1966,NA,NA,NA,NA,NA,0.241
Bolivia,Americas,1957,BOL,3487526,2573,42.4284,NA,NA,NA,NA,NA,0.263
Bolivia,Americas,1958,BOL,3556501,2576,42.7205,NA,NA,NA,NA,NA,0.261
Bolivia,Americas,1959,BOL,3628138,2511,43.0097,NA,NA,NA,NA,NA,0.26
Bolivia,Americas,1960,BOL,3702263,2560,43.3382,NA,NA,NA,11.533153,NA,0.265
Bolivia,Americas,1961,BOL,3778686,2555,43.6283,NA,NA,NA,7.561493,NA,0.267
Bolivia,Americas,1962,BOL,3857444,2636,44.0025,NA,NA,NA,5.8793316,NA,0.261
Bolivia,Americas,1963,BOL,3938863,2742,44.3348,NA,NA,NA,-0.70635724,NA,0.257
Bolivia,Americas,1964,BOL,4022961,2809,44.6739,NA,NA,NA,10.181818,NA,0.229
Bolivia,Americas,1965,BOL,4109750,2879,45.09,NA,NA,NA,2.860286,NA,0.123
Bolivia,Americas,1966,BOL,4199493,3014,45.4788,NA,NA,NA,6.951872,NA,0.137
Bolivia,Americas,1967,BOL,4292521,3127,45.9044,NA,NA,NA,11.2,NA,0.184
Bolivia,Americas,1968,BOL,4388897,3314,46.342,NA,NA,NA,5.4706235,NA,0.184
Bolivia,Americas,1969,BOL,4488191,3379,46.7053,NA,NA,NA,2.2097485,NA,0.168
Bolivia,Americas,1970,BOL,4589963,3469,47.1027,NA,NA,NA,3.9555092,NA,0.109
Bolivia,Americas,1971,BOL,4694302,3513,47.4826,NA,NA,NA,3.6746142,NA,0.098
Bolivia,Americas,1972,BOL,4800935,3602,47.8291,NA,NA,NA,6.511544,NA,0.09
Bolivia,Americas,1973,BOL,4910155,3757,48.2818,NA,NA,NA,31.486029,NA,0.09
Bolivia,Americas,1974,BOL,5022429,3854,48.7521,NA,NA,NA,62.836075,NA,0.089
Bolivia,Americas,1975,BOL,5137477,4010,49.336,22.01821107,21.48297555,NA,7.976746,NA,0.088
Bolivia,Americas,1976,BOL,5256448,4219,49.9707,22.15757909,21.55940259,NA,4.494012,NA,0.088
Bolivia,Americas,1977,BOL,5379115,4289,50.387,22.3014192,21.63882848,NA,8.107256,NA,0.088
Bolivia,Americas,1978,BOL,5504082,4328,50.8379,22.44910676,21.72109848,NA,10.355672,NA,0.107
Bolivia,Americas,1979,BOL,5630799,4227,51.3527,22.59970915,21.80573016,NA,19.719717,NA,0.14
Bolivia,Americas,1980,BOL,5758853,4100,51.8285,22.75236055,21.89184014,NA,47.24165,NA,0.126
Bolivia,Americas,1981,BOL,5888067,4060,52.2593,22.90869561,21.98038231,NA,32.133602,NA,0.1
Bolivia,Americas,1982,BOL,6018045,3816,52.5108,23.06787421,22.07128994,NA,123.53572,NA,0.202
Bolivia,Americas,1983,BOL,6149021,3585,52.8608,23.22893646,22.16380352,NA,275.58627,NA,0.321
Bolivia,Americas,1984,BOL,6281824,3561,53.3832,23.39083027,22.2577866,NA,1281.35,NA,0.325
Bolivia,Americas,1985,BOL,6416153,3476,53.7774,23.55295133,22.35241695,NA,11749.64,NA,0.463
Bolivia,Americas,1986,BOL,6552428,3306,54.2467,23.71471774,22.44675107,NA,276.33597,NA,0.627
Bolivia,Americas,1987,BOL,6692123,3330,54.9012,23.87597773,22.54189056,NA,14.578698,NA,0.636
Bolivia,Americas,1988,BOL,6835460,3386,55.5046,24.03691439,22.63771188,NA,16.00209,NA,0.638
Bolivia,Americas,1989,BOL,6981727,3408,56.1463,24.19735201,22.73399856,NA,15.173468,NA,0.646
Bolivia,Americas,1990,BOL,7130085,3502,56.7967,24.3575208,22.83046428,NA,17.118774,NA,0.652
Bolivia,Americas,1991,BOL,7280258,3610.0518,57.4388,24.51485303,22.92586828,2.927,21.44707,NA,0.692
Bolivia,Americas,1992,BOL,7430292,3592.1367,57.9227,24.67015329,23.02034358,3.028,12.060324,NA,0.707
Bolivia,Americas,1993,BOL,7579145,3670.2744,58.6598,24.82310929,23.11458093,3.049,8.527877,NA,0.712
Bolivia,Americas,1994,BOL,7727273,3765.1694,59.2821,24.97406257,23.20907422,3.08,7.8740444,NA,0.726
Bolivia,Americas,1995,BOL,7874632,3865.438,59.7873,25.12385374,23.30362229,2.665,10.193207,NA,0.737
Bolivia,Americas,1996,BOL,8021698,3959.4453,60.2866,25.27060054,23.39717201,2.375,12.425487,NA,0.737
Bolivia,Americas,1997,BOL,8167859,4079.5378,60.745,25.41477462,23.49001352,2.08,4.7084446,NA,0.739
Bolivia,Americas,1998,BOL,8313355,4205.6943,61.2274,25.55662892,23.58253929,2.122,7.6732287,NA,0.738
Bolivia,Americas,1999,BOL,8459762,4146.4707,61.6551,25.69607921,23.67543403,2.3,2.1595163,NA,0.744
Bolivia,Americas,2000,BOL,8606277,4173.5493,62.0572,25.83240823,23.76895716,2.442,4.60823,NA,0.744
Bolivia,Americas,2001,BOL,8752692,4166.4917,62.5381,25.96548722,23.86288728,2.626,1.5896537,NA,0.744
Bolivia,Americas,2002,BOL,8900306,4193.755,63.0676,26.09576313,23.95743283,2.606,0.92825884,NA,0.727
Bolivia,Americas,2003,BOL,9050652,4230.3726,63.4553,26.22369612,24.05320354,2.657,3.337275,NA,0.722
Bolivia,Americas,2004,BOL,9204246,4330.5557,63.818600000000004,26.35024939,24.15093156,2.618,4.437381,NA,0.753
Bolivia,Americas,2005,BOL,9360702,4445.3477,64.1822,26.47650481,24.25026724,2.6,5.393231,NA,0.748
Bolivia,Americas,2006,BOL,9521625,4581.9023,64.529,26.60347197,24.35139811,2.576,4.282396,NA,0.721
Bolivia,Americas,2007,BOL,9685913,4713.448,64.9386,26.73132245,24.45412244,2.615,8.705609,NA,0.719
Bolivia,Americas,2008,BOL,9850806,4924.032,65.2987,26.86061806,24.55880018,2.603,14.006811,NA,0.716
Bolivia,Americas,2009,BOL,10016233,5011.3384,65.6555,26.99168131,24.66498041,2.973,3.3464541,NA,0.712
Bolivia,Americas,2010,BOL,10182290,5141.759,66.0033,27.12397011,24.77222097,2.609,2.503276,NA,0.685
Bolivia,Americas,2011,BOL,10348877,5331,66.2816,27.25781606,24.88035731,2.255,9.884464,NA,0.681
Bolivia,Americas,2012,BOL,10515765,5503.908,66.5858,27.39225354,24.98892496,2.066,4.515603,NA,0.674
Bolivia,Americas,2013,BOL,10682555,5775.7515,66.7773,27.52700216,25.09742201,2.437,5.7364,NA,0.661
Bolivia,Americas,2014,BOL,10848842,5988.2773,66.9697,27.66156174,25.20572542,2.021,5.7666006,NA,0.646
Bolivia,Americas,2015,BOL,11014657,6176.267,67.2052,27.79510888,25.31401264,3.111,4.0596104,NA,0.617
Bolivia,Americas,2016,BOL,11179968,6337.799,67.3925,27.92672885,25.42187349,3.498,3.6232142,NA,0.619
Bolivia,Americas,2017,BOL,11344540,6503.387,67.5357,NA,NA,3.655,2.822758,NA,0.615
Bolivia,Americas,2018,BOL,11508320,6679.4385,67.6992,NA,NA,3.519,2.27206,NA,0.598
Bolivia,Americas,2019,BOL,11671329,6730.809,67.8198,NA,NA,3.682,1.839545,NA,0.481
Bolivia,Americas,2020,BOL,11816245,6062.065,62.906,NA,NA,7.903,0.94074214,NA,0.331
Bolivia,Americas,2021,BOL,11937318,6355.615,61.4268,NA,NA,5.089,0.7373837,NA,0.614
Bolivia,Americas,2022,BOL,12077101,6481.3906,67.4342,NA,NA,3.552,1.7463287,17.87,0.589
Bolivia,Americas,2023,BOL,12244104,NA,68.5814,NA,NA,3.081,2.576888,17.87,0.584
Bosnia and Herzegovina,Europe,1952,BIH,2774647,1894,49.4351,NA,NA,NA,NA,NA,0.094
Bosnia and Herzegovina,Europe,1953,BIH,2829177,1878,51.0856,NA,NA,NA,NA,NA,0.095
Bosnia and Herzegovina,Europe,1954,BIH,2890165,1847,51.909,NA,NA,NA,NA,NA,0.094
Bosnia and Herzegovina,Europe,1955,BIH,2952123,2265,53.0394,NA,NA,NA,NA,NA,0.094
Bosnia and Herzegovina,Europe,1956,BIH,3015515,1932,53.9236,NA,NA,NA,NA,NA,0.094
Bosnia and Herzegovina,Europe,1957,BIH,3079890,2214,55.0889,NA,NA,NA,NA,NA,0.094
Bosnia and Herzegovina,Europe,1958,BIH,3145372,2284,56.1637,NA,NA,NA,NA,NA,0.093
Bosnia and Herzegovina,Europe,1959,BIH,3212329,2667,57.605,NA,NA,NA,NA,NA,0.093
Bosnia and Herzegovina,Europe,1960,BIH,3281335,2871,58.5297,NA,NA,NA,NA,NA,0.093
Bosnia and Herzegovina,Europe,1961,BIH,3347997,2925,59.2846,NA,NA,NA,NA,NA,0.093
Bosnia and Herzegovina,Europe,1962,BIH,3407480,2868,60.1223,NA,NA,NA,NA,NA,0.093
Bosnia and Herzegovina,Europe,1963,BIH,3461893,3174,60.5107,NA,NA,NA,NA,NA,0.094
Bosnia and Herzegovina,Europe,1964,BIH,3513402,3469,61.5115,NA,NA,NA,NA,NA,0.094
Bosnia and Herzegovina,Europe,1965,BIH,3562800,3569,62.213,NA,NA,NA,NA,NA,0.094
Bosnia and Herzegovina,Europe,1966,BIH,3610517,3810,63.1293,NA,NA,NA,NA,NA,0.094
Bosnia and Herzegovina,Europe,1967,BIH,3656185,3724,63.7341,NA,NA,NA,NA,NA,0.095
Bosnia and Herzegovina,Europe,1968,BIH,3698763,3849,64.0061,NA,NA,NA,NA,NA,0.095
Bosnia and Herzegovina,Europe,1969,BIH,3737712,4132,64.4478,NA,NA,NA,NA,NA,0.095
Bosnia and Herzegovina,Europe,1970,BIH,3773194,4251,64.8442,NA,NA,NA,NA,NA,0.095
Bosnia and Herzegovina,Europe,1971,BIH,3809343,4490,65.1806,NA,NA,NA,NA,NA,0.095
Bosnia and Herzegovina,Europe,1972,BIH,3848229,4661,65.6816,NA,NA,NA,NA,NA,0.095
Bosnia and Herzegovina,Europe,1973,BIH,3887326,4801,66.5858,NA,NA,NA,NA,NA,0.095
Bosnia and Herzegovina,Europe,1974,BIH,3926419,5112,67.6346,NA,NA,NA,NA,NA,0.092
Bosnia and Herzegovina,Europe,1975,BIH,3965688,5247,68.3287,23.40394469,23.53753089,NA,NA,NA,0.095
Bosnia and Herzegovina,Europe,1976,BIH,4004511,5268,68.574,23.48711981,23.62719884,NA,NA,NA,0.095
Bosnia and Herzegovina,Europe,1977,BIH,4042087,5647,68.7792,23.56854253,23.7163401,NA,NA,NA,0.095
Bosnia and Herzegovina,Europe,1978,BIH,4078207,5977,68.8438,23.64853439,23.80497577,NA,NA,NA,0.095
Bosnia and Herzegovina,Europe,1979,BIH,4113257,6376,69.0833,23.72682593,23.89277522,NA,NA,NA,0.095
Bosnia and Herzegovina,Europe,1980,BIH,4148380,6588,69.6033,23.8035158,23.98015421,NA,NA,7.4900002,0.115
Bosnia and Herzegovina,Europe,1981,BIH,4184171,6762,70.0554,23.8744767,24.06433345,NA,NA,7.4900002,0.137
Bosnia and Herzegovina,Europe,1982,BIH,4221057,6841,70.0763,23.94056238,24.14552309,NA,NA,7.4900002,0.137
Bosnia and Herzegovina,Europe,1983,BIH,4258678,6773,70.0971,24.00174802,24.22342487,NA,NA,7.4900002,0.137
Bosnia and Herzegovina,Europe,1984,BIH,4295491,6843,70.2287,24.05845059,24.29861115,NA,NA,7.48,0.137
Bosnia and Herzegovina,Europe,1985,BIH,4330317,6875,70.5815,24.11082059,24.37031714,NA,NA,7.48,0.137
Bosnia and Herzegovina,Europe,1986,BIH,4362058,7066,70.7506,24.15811569,24.43824775,NA,NA,7.48,0.137
Bosnia and Herzegovina,Europe,1987,BIH,4390205,6886,70.8756,24.20117361,24.50185594,NA,NA,7.48,0.138
Bosnia and Herzegovina,Europe,1988,BIH,4414365,6668,70.9702,24.24019041,24.56161279,NA,NA,NA,0.139
Bosnia and Herzegovina,Europe,1989,BIH,4433940,6711,71.4447,24.27609658,24.61791111,NA,NA,NA,0.138
Bosnia and Herzegovina,Europe,1990,BIH,4448604,5893,71.5093,24.30957223,24.67199817,NA,NA,7.48,0.204
Bosnia and Herzegovina,Europe,1991,BIH,4458299,5128.9395,71.8134,24.33967676,24.72371216,17.55,NA,NA,0.163
Bosnia and Herzegovina,Europe,1992,BIH,4234572,3830.219,51.9671,24.36702219,24.77393124,18.481,NA,NA,0.249
Bosnia and Herzegovina,Europe,1993,BIH,3904437,2831.0393,50.8941,24.3926747,24.8238443,19.422,NA,NA,0.249
Bosnia and Herzegovina,Europe,1994,BIH,3725362,3017.001,66.6025,24.41733448,24.87464375,20.251,NA,NA,0.187
Bosnia and Herzegovina,Europe,1995,BIH,3715510,3237.3074,70.1882,24.44205925,24.92698458,21.063,NA,NA,0.187
Bosnia and Herzegovina,Europe,1996,BIH,3875200,4915.325,73.4537,24.46771825,24.98209015,21.84,NA,NA,0.268
Bosnia and Herzegovina,Europe,1997,BIH,4018182,5913.081,73.8955,24.49522192,25.03997312,22.727,NA,NA,0.585
Bosnia and Herzegovina,Europe,1998,BIH,4089306,6589.637,74.4725,24.5257634,25.10233442,23.633,NA,NA,0.602
Bosnia and Herzegovina,Europe,1999,BIH,4130270,7025.973,74.9464,24.55912346,25.16874131,24.572,NA,NA,0.618
Bosnia and Herzegovina,Europe,2000,BIH,4159737,7082.035,75.292,24.59512436,25.23821322,25.473,NA,NA,0.638
Bosnia and Herzegovina,Europe,2001,BIH,4179394,7129.3867,75.5725,24.6336357,25.3105924,26.461,NA,8.57,0.659
Bosnia and Herzegovina,Europe,2002,BIH,4187959,7391.5923,75.9938,24.67418907,25.38481812,27.414,NA,NA,0.655
Bosnia and Herzegovina,Europe,2003,BIH,4178486,7551.408,76.4487,24.71660071,25.46060931,28.415,NA,NA,0.664
Bosnia and Herzegovina,Europe,2004,BIH,4140947,7857.3784,76.4891,24.76038933,25.53782012,29.288,NA,8.6,0.646
Bosnia and Herzegovina,Europe,2005,BIH,4096437,8057.6826,76.4243,24.80543314,25.6164318,30.213,NA,NA,0.646
Bosnia and Herzegovina,Europe,2006,BIH,4063222,8410.801,76.0275,24.85145617,25.6956657,31.11,6.125566,NA,0.626
Bosnia and Herzegovina,Europe,2007,BIH,4013375,8811.861,76.1618,24.89810603,25.7751911,28.984,1.5007771,8.070001,0.566
Bosnia and Herzegovina,Europe,2008,BIH,3947499,9199.262,76.3005,24.94536858,25.85443759,23.405,7.427043,NA,0.564
Bosnia and Herzegovina,Europe,2009,BIH,3879744,9018.506,76.7013,24.99242357,25.932826940000002,24.068,-0.38146427,NA,0.563
Bosnia and Herzegovina,Europe,2010,BIH,3811423,8982.458,76.827,25.03924592,26.0109357,27.312,1.9962124,NA,0.57
Bosnia and Herzegovina,Europe,2011,BIH,3741747,8961,76.9632,25.08707929,26.09049398,27.582,3.67125,9.75,0.573
Bosnia and Herzegovina,Europe,2012,BIH,3670056,8894.932,77.0365,25.13574787,26.17228275,28.01,2.0526745,NA,0.573
Bosnia and Herzegovina,Europe,2013,BIH,3610814,9113.055,77.1292,25.18542067,26.25735447,27.49,-0.09304568,NA,0.563
Bosnia and Herzegovina,Europe,2014,BIH,3564777,9228.818,77.089,25.23629401,26.34591726,27.517,-0.897194,NA,0.56
Bosnia and Herzegovina,Europe,2015,BIH,3518485,9639.478,77.0733,25.28791462,26.43731882,27.695,-1.036023,10,0.549
Bosnia and Herzegovina,Europe,2016,BIH,3472950,9966.366,77.1241,25.34013918,26.53071356,25.408,-1.5840083,NA,0.554
Bosnia and Herzegovina,Europe,2017,BIH,3428638,10305.933,77.3855,NA,NA,20.527,0.8100394,NA,0.545
Bosnia and Herzegovina,Europe,2018,BIH,3386940,10718.778,77.9425,NA,NA,18.4,1.4171082,NA,0.519
Bosnia and Herzegovina,Europe,2019,BIH,3345480,11048.235,77.3939,NA,NA,15.692,0.56278217,NA,0.524
Bosnia and Herzegovina,Europe,2020,BIH,3299297,10736.168,76.0395,NA,NA,15.868,-1.051296,NA,0.524
Bosnia and Herzegovina,Europe,2021,BIH,3244869,11553.761,74.5673,NA,NA,14.897,1.981639,NA,0.517
Bosnia and Herzegovina,Europe,2022,BIH,3204770,12142.863,76.7772,NA,NA,12.657,14.020844,9.33,0.521
Bosnia and Herzegovina,Europe,2023,BIH,3185033,NA,77.8504,NA,NA,10.42,6.1059012,9.38,0.504
Botswana,Africa,1952,BWA,433672,504,47.0391,NA,NA,NA,NA,NA,0.036
Botswana,Africa,1953,BWA,443933,513,47.5007,NA,NA,NA,NA,NA,0.036
Botswana,Africa,1954,BWA,454008,521,47.9732,NA,NA,NA,NA,NA,0.036
Botswana,Africa,1955,BWA,463881,529,48.4653,NA,NA,NA,NA,NA,0.036
Botswana,Africa,1956,BWA,473737,537,48.9907,NA,NA,NA,NA,NA,0.036
Botswana,Africa,1957,BWA,483756,544,49.5298,NA,NA,NA,NA,NA,0.043
Botswana,Africa,1958,BWA,494058,550,50.0894,NA,NA,NA,NA,NA,0.043
Botswana,Africa,1959,BWA,504848,559,50.6686,NA,NA,NA,NA,NA,0.055
Botswana,Africa,1960,BWA,516131,564,51.2198,NA,NA,NA,NA,NA,0.078
Botswana,Africa,1961,BWA,527910,575,51.7811,NA,NA,NA,NA,NA,0.183
Botswana,Africa,1962,BWA,540135,582,52.3127,NA,NA,NA,NA,NA,0.219
Botswana,Africa,1963,BWA,552930,591,52.8482,NA,NA,NA,NA,NA,0.219
Botswana,Africa,1964,BWA,566231,604,53.3582,NA,NA,NA,NA,NA,0.219
Botswana,Africa,1965,BWA,574611,612,53.8534,NA,NA,NA,NA,NA,0.273
Botswana,Africa,1966,BWA,577824,663,54.3599,NA,NA,NA,NA,NA,0.405
Botswana,Africa,1967,BWA,580896,719,54.8589,NA,NA,NA,NA,NA,0.596
Botswana,Africa,1968,BWA,583925,781,55.3718,NA,NA,NA,NA,NA,0.596
Botswana,Africa,1969,BWA,587027,843,55.9032,NA,NA,NA,NA,NA,0.603
Botswana,Africa,1970,BWA,590287,907,56.4464,NA,NA,NA,NA,NA,0.628
Botswana,Africa,1971,BWA,600437,1113,57.0617,NA,NA,NA,NA,NA,0.628
Botswana,Africa,1972,BWA,622376,1361,57.6691,NA,NA,NA,NA,NA,0.628
Botswana,Africa,1973,BWA,652373,1589,58.286,NA,NA,NA,NA,NA,0.628
Botswana,Africa,1974,BWA,685406,1656,58.9137,NA,NA,NA,NA,NA,0.629
Botswana,Africa,1975,BWA,720341,1712,59.5303,22.15152159,18.72496329,NA,11.974755,NA,0.627
Botswana,Africa,1976,BWA,758463,1801,60.2089,22.28233538,18.84114291,NA,11.732424,NA,0.625
Botswana,Africa,1977,BWA,799545,1889,60.8665,22.41267138,18.95754659,NA,13.168724,NA,0.625
Botswana,Africa,1978,BWA,849200,2005,61.4854,22.54264496,19.07405501,NA,9.043988,NA,0.625
Botswana,Africa,1979,BWA,901704,2184,62.0346,22.67160108,19.19039615,NA,11.736231,NA,0.626
Botswana,Africa,1980,BWA,937455,2348,62.5267,22.79930819,19.30645182,NA,13.632425,NA,0.631
Botswana,Africa,1981,BWA,969951,2528,63.0272,22.93697034,19.42968344,NA,16.428026,NA,0.632
Botswana,Africa,1982,BWA,1009228,2640,63.3821,23.08246634,19.55823201,NA,11.137206,NA,0.641
Botswana,Africa,1983,BWA,1046096,2848,63.6054,23.23430184,19.69115955,NA,10.477144,NA,0.641
Botswana,Africa,1984,BWA,1083618,3124,63.7059,23.3907974,19.82742522,NA,8.577469,NA,0.655
Botswana,Africa,1985,BWA,1121907,3301,63.6466,23.54929298,19.96570036,NA,8.094576,24.69,0.661
Botswana,Africa,1986,BWA,1160604,3432,63.3627,23.71782422,20.11086293,NA,10.001716,NA,0.661
Botswana,Africa,1987,BWA,1199135,3601,62.837,23.8931943,20.26140665,NA,9.801934,NA,0.661
Botswana,Africa,1988,BWA,1235436,3920,61.6957,24.07338632,20.41528508,NA,8.35168,NA,0.666
Botswana,Africa,1989,BWA,1270237,5066,61.1887,24.25585357,20.57060444,NA,11.575015,NA,0.666
Botswana,Africa,1990,BWA,1305648,5267,60.104,24.43794177,20.72554234,NA,11.396346,NA,0.687
Botswana,Africa,1991,BWA,1341717,5616.011,58.9109,24.60367462,20.86862352,13.82,11.765017,NA,0.687
Botswana,Africa,1992,BWA,1379980,5733.63,58.1903,24.75510611,21.00079326,16.331,16.167612,NA,0.687
Botswana,Africa,1993,BWA,1420068,5787.1143,57.3159,24.89341378,21.12297008,18.762,14.330803,28.32,0.687
Botswana,Africa,1994,BWA,1459984,5946.4272,55.9696,25.02018135,21.236471,21.2,10.542921,NA,0.679
Botswana,Africa,1995,BWA,1498791,6318.4766,54.7127,25.13755515,21.34248246,21.395,10.512547,NA,0.683
Botswana,Africa,1996,BWA,1535870,6647.7676,54.2842,25.24294407,21.43895078,21.593,10.082858,NA,0.683
Botswana,Africa,1997,BWA,1571657,7152.1475,53.594,25.33853126,21.52774923,21.041,8.719932,NA,0.7
Botswana,Africa,1998,BWA,1606858,7185.2725,52.9685,25.42634518,21.61127999,20.86,6.661399,NA,0.705
Botswana,Africa,1999,BWA,1641956,7876.1387,52.4993,25.50845599,21.69059475,18.231,7.749296,NA,0.702
Botswana,Africa,2000,BWA,1677336,8044.142,52.2631,25.58636498,21.76729165,15.88,8.601485,NA,0.701
Botswana,Africa,2001,BWA,1712217,8082.8237,52.2104,25.65780648,21.840112,18.54,6.5590377,NA,0.701
Botswana,Africa,2002,BWA,1744721,8604.067,52.3733,25.72389452,21.90985561,21.272,8.032797,28.21,0.701
Botswana,Africa,2003,BWA,1775689,9042.52,52.8508,25.78546236,21.97702502,23.8,9.189902,NA,0.701
Botswana,Africa,2004,BWA,1807107,9329.509,53.5729,25.84280786,22.04303312,21.754,6.9457035,NA,0.71
Botswana,Africa,2005,BWA,1839833,9798.087,54.3862,25.89593001,22.10770929,19.847,8.610226,NA,0.717
Botswana,Africa,2006,BWA,1874480,10665.68,55.1119,25.94469962,22.1698176,17.782,11.555219,NA,0.71
Botswana,Africa,2007,BWA,1911153,11602.068,56.7351,25.9898509,22.22826942,16.99,7.0809984,NA,0.714
Botswana,Africa,2008,BWA,1949922,12385.149,57.6607,26.03175218,22.28239256,16.315,12.7021885,NA,0.713
Botswana,Africa,2009,BWA,1990616,11494.757,58.2975,26.0701608,22.33101204,16.169,8.027297,29.6,0.713
Botswana,Africa,2010,BWA,2033065,12544.728,59.1373,26.10551926,22.37570906,17.86,6.9488764,NA,0.717
Botswana,Africa,2011,BWA,2073479,13376,59.7149,26.13910111,22.41919057,18.062,8.459872,NA,0.715
Botswana,Africa,2012,BWA,2108563,13134.406,60.3844,26.1714911,22.46207715,17.949,7.5369024,NA,0.715
Botswana,Africa,2013,BWA,2140639,14355.76,61.2167,26.20301737,22.50443925,18.203,5.884607,NA,0.71
Botswana,Africa,2014,BWA,2172010,14929.678,62.1675,26.23442103,22.54718393,18.518,4.402253,NA,0.707
Botswana,Africa,2015,BWA,2203232,13980.036,63.215,26.26568877,22.59010931,18.939,3.0620317,22.66,0.69
Botswana,Africa,2016,BWA,2234732,14752.188,64.3199,26.29687711,22.63366824,19.343,2.8149579,NA,0.69
Botswana,Africa,2017,BWA,2266701,15121.662,65.4203,NA,NA,19.678,3.3082807,NA,0.676
Botswana,Africa,2018,BWA,2299095,15515.622,66.3709,NA,NA,19.679,3.2380157,NA,0.673
Botswana,Africa,2019,BWA,2332038,15747.324,67.1668,NA,NA,20.094,2.7728643,NA,0.654
Botswana,Africa,2020,BWA,2365846,14162.686,67.6426,NA,NA,21.017,1.8903592,NA,0.586
Botswana,Africa,2021,BWA,2401410,15612.078,63.3025,NA,NA,23.106,7.240978,NA,0.59
Botswana,Africa,2022,BWA,2439843,16351.91,68.7487,NA,NA,23.615,11.665567,22.6,0.569
Botswana,Africa,2023,BWA,2480185,NA,69.1631,NA,NA,23.381,5.0676155,22.67,0.556
Brazil,Americas,1952,BRA,56694832,2377,49.5531,NA,NA,NA,NA,NA,0.379
Brazil,Americas,1953,BRA,58433700,2418,49.9883,NA,NA,NA,NA,NA,0.38
Brazil,Americas,1954,BRA,60235068,2531,50.4339,NA,NA,NA,NA,NA,0.378
Brazil,Americas,1955,BRA,62101343,2675,50.8866,NA,NA,NA,NA,NA,0.388
Brazil,Americas,1956,BRA,64033951,2672,51.3433,NA,NA,NA,NA,NA,0.393
Brazil,Americas,1957,BRA,66031450,2793,51.8056,NA,NA,NA,NA,NA,0.394
Brazil,Americas,1958,BRA,68092105,3005,52.2487,NA,NA,NA,NA,NA,0.395
Brazil,Americas,1959,BRA,70214424,3201,52.7043,NA,NA,NA,NA,NA,0.397
Brazil,Americas,1960,BRA,72388071,3398,53.1624,NA,NA,NA,NA,NA,0.408
Brazil,Americas,1961,BRA,74605393,3585,53.5944,NA,NA,NA,NA,NA,0.407
Brazil,Americas,1962,BRA,76865270,3711,54.0165,NA,NA,NA,NA,NA,0.407
Brazil,Americas,1963,BRA,79164180,3623,54.4516,NA,NA,NA,NA,NA,0.403
Brazil,Americas,1964,BRA,81488546,3637,54.8483,NA,NA,NA,NA,NA,0.21
Brazil,Americas,1965,BRA,83817535,3617,55.2429,NA,NA,NA,NA,NA,0.147
Brazil,Americas,1966,BRA,86139306,3747,55.6252,NA,NA,NA,NA,NA,0.144
Brazil,Americas,1967,BRA,88446075,3795,56.0157,NA,NA,NA,NA,NA,0.181
Brazil,Americas,1968,BRA,90741191,4050,56.4704,NA,NA,NA,NA,NA,0.18
Brazil,Americas,1969,BRA,93045719,4313,56.8978,NA,NA,NA,NA,NA,0.173
Brazil,Americas,1970,BRA,95375606,4635,57.338,NA,NA,NA,NA,NA,0.177
Brazil,Americas,1971,BRA,97739228,5024,57.7857,NA,NA,NA,NA,NA,0.174
Brazil,Americas,1972,BRA,100146746,5480,58.2553,NA,NA,NA,NA,NA,0.174
Brazil,Americas,1973,BRA,102600924,6086,58.6812,NA,NA,NA,NA,NA,0.174
Brazil,Americas,1974,BRA,105089625,6416,59.0812,NA,NA,NA,NA,NA,0.175
Brazil,Americas,1975,BRA,107619517,6582,59.5561,22.91392441,22.5152231,NA,NA,NA,0.185
Brazil,Americas,1976,BRA,110213306,7079,60.0072,23.02770865,22.60461669,NA,NA,NA,0.187
Brazil,Americas,1977,BRA,112875239,7248,60.4612,23.13896471,22.69286717,NA,NA,NA,0.188
Brazil,Americas,1978,BRA,115600895,7425,60.9215,23.24794312,22.78010925,NA,NA,NA,0.188
Brazil,Americas,1979,BRA,118380770,7736,61.3654,23.35474952,22.86662698,NA,NA,NA,0.205
Brazil,Americas,1980,BRA,121207403,8249,61.8195,23.45961645,22.95260483,NA,NA,NA,0.254
Brazil,Americas,1981,BRA,124063068,7709,62.2672,23.56253779,23.03756745,NA,101.725075,NA,0.254
Brazil,Americas,1982,BRA,126923109,7587,62.7083,23.66356744,23.12201015,NA,100.54336,NA,0.263
Brazil,Americas,1983,BRA,129790032,7203,63.1329,23.76283684,23.20558162,NA,135.02768,NA,0.284
Brazil,Americas,1984,BRA,132658811,7438,63.5532,23.86033294,23.28825316,NA,192.12173,NA,0.291
Brazil,Americas,1985,BRA,135515541,7862,63.9795,23.95622464,23.3705726,NA,225.98967,NA,0.396
Brazil,Americas,1986,BRA,138336321,8281,64.3887,24.05003939,23.45182125,NA,147.14282,NA,0.478
Brazil,Americas,1987,BRA,141104892,8402,64.7849,24.14154511,23.532659,NA,228.33617,NA,0.569
Brazil,Americas,1988,BRA,143826311,8230,65.1613,24.23055764,23.61394387,NA,629.1145,NA,0.685
Brazil,Americas,1989,BRA,146502923,8333,65.5141,24.31745776,23.69542748,NA,1430.7238,NA,0.728
Brazil,Americas,1990,BRA,149143183,7842,65.8624,24.40271538,23.77735439,NA,2947.7327,NA,0.814
Brazil,Americas,1991,BRA,151724204,7888.0483,66.203,24.48564431,23.85933387,6.896,432.78665,NA,0.829
Brazil,Americas,1992,BRA,154275022,7812.7944,66.5393,24.56716462,23.94109229,7.086,951.96204,NA,0.839
Brazil,Americas,1993,BRA,156794519,8166.2354,66.8923,24.64789894,24.02240834,6.03,1927.3807,NA,0.842
Brazil,Americas,1994,BRA,159264962,8615.688,67.2934,24.72800574,24.10446625,6.578,2075.8884,NA,0.847
Brazil,Americas,1995,BRA,161735036,8951.694,67.7006,24.80850796,24.1865803,7.092,66.007034,NA,0.848
Brazil,Americas,1996,BRA,164202497,9124.516,68.1084,24.89070022,24.26982604,8.035,15.757666,NA,0.85
Brazil,Americas,1997,BRA,166661609,9409.946,68.505,24.97516538,24.35427663,9.003,6.9267125,NA,0.85
Brazil,Americas,1998,BRA,169159594,9419.107,68.8482,25.06214845,24.4410656,10.15,3.1950762,NA,0.851
Brazil,Americas,1999,BRA,171641487,9441.759,69.2111,25.15188781,24.53006369,11.125,4.8584476,NA,0.854
Brazil,Americas,2000,BRA,174018229,9834.425,69.5842,25.24370161,24.62157116,10.892,7.0441413,NA,0.857
Brazil,Americas,2001,BRA,176301154,9953.31,69.98,25.33488541,24.71296374,10.649,6.840359,22.15,0.857
Brazil,Americas,2002,BRA,178503419,10245.069,70.3958,25.42599228,24.80642867,10.641,8.450165,22.460001,0.858
Brazil,Americas,2003,BRA,180622646,10354.596,70.8841,25.51805571,24.90261944,11.169,14.71492,22.72,0.856
Brazil,Americas,2004,BRA,182675086,10949.66,71.3611,25.61299345,25.003013,10.072,6.597185,22.51,0.856
Brazil,Americas,2005,BRA,184688047,11305.771,71.8319,25.71188354,25.10747459,10.551,6.8695374,22.939999,0.873
Brazil,Americas,2006,BRA,186653053,11766.605,72.2963,25.8144995,25.21634696,9.692,4.183568,23.47,0.874
Brazil,Americas,2007,BRA,188552256,12500.007,72.7297,25.92083341,25.3292521,9.28,3.641273,23.880001,0.869
Brazil,Americas,2008,BRA,190367242,13164.012,73.1109,26.03117051,25.44585493,8.268,5.678594,23.43,0.869
Brazil,Americas,2009,BRA,192079912,13180.891,73.4569,26.14616675,25.56615686,9.419,4.888035,22.28,0.869
Brazil,Americas,2010,BRA,193701879,14215.612,73.779,26.26620868,25.68976399,8.424,5.038727,23.49,0.872
Brazil,Americas,2011,BRA,195284687,14831,74.0473,26.39036706,25.81635176,7.578,6.63645,24.69,0.876
Brazil,Americas,2012,BRA,196876061,14985.498,74.3346,26.51745477,25.94513057,7.251,5.403499,25.420002,0.872
Brazil,Americas,2013,BRA,198478236,15305.414,74.6093,26.64692278,26.075243,7.071,6.204311,23.68,0.876
Brazil,Americas,2014,BRA,200085074,15251.89,74.8225,26.77741486,26.20689236,6.755,6.32904,24.04,0.877
Brazil,Americas,2015,BRA,201675482,14583.982,75.1064,26.90829736,26.33917967,8.538,9.029901,22.77,0.863
Brazil,Americas,2016,BRA,203218058,13990.646,75.0805,27.03856248,26.47157714,11.58,8.739143,21.119999,0.782
Brazil,Americas,2017,BRA,204703394,14062.75,75.3835,NA,NA,12.792,3.4463735,20.900002,0.778
Brazil,Americas,2018,BRA,206107217,14197.55,75.6335,NA,NA,12.33,3.6648502,20.69,0.753
Brazil,Americas,2019,BRA,207455405,14257.871,75.8093,NA,NA,11.936,3.7329762,20.34,0.698
Brazil,Americas,2020,BRA,208660785,13685.926,74.5058,NA,NA,13.697,3.2117682,NA,0.699
Brazil,Americas,2021,BRA,209550238,14292.936,73.0377,NA,NA,13.159,8.30166,NA,0.688
Brazil,Americas,2022,BRA,210306358,14640.076,74.8719,NA,NA,9.231,9.280107,21.13,0.699
Brazil,Americas,2023,BRA,211140678,NA,75.8482,NA,NA,7.95,4.5935626,21.13,0.789
Bulgaria,Europe,1952,BGR,7361901,3017,59.5744,NA,NA,NA,NA,NA,0.164
Bulgaria,Europe,1953,BGR,7415866,3323,64.1912,NA,NA,NA,NA,NA,0.166
Bulgaria,Europe,1954,BGR,7476218,3228,64.3912,NA,NA,NA,NA,NA,0.173
Bulgaria,Europe,1955,BGR,7533615,3424,64.8294,NA,NA,NA,NA,NA,0.173
Bulgaria,Europe,1956,BGR,7587120,3392,65.2191,NA,NA,NA,NA,NA,0.173
Bulgaria,Europe,1957,BGR,7649500,3714,66.5906,NA,NA,NA,NA,NA,0.175
Bulgaria,Europe,1958,BGR,7724834,3998,68.7143,NA,NA,NA,NA,NA,0.172
Bulgaria,Europe,1959,BGR,7794129,4278,66.6294,NA,NA,NA,NA,NA,0.172
Bulgaria,Europe,1960,BGR,7862886,4642,69.1772,NA,NA,NA,NA,NA,0.172
Bulgaria,Europe,1961,BGR,7938262,4897,70.2257,NA,NA,NA,NA,NA,0.172
Bulgaria,Europe,1962,BGR,8008284,5252,69.5347,NA,NA,NA,NA,NA,0.176
Bulgaria,Europe,1963,BGR,8073685,5448,70.339,NA,NA,NA,NA,NA,0.176
Bulgaria,Europe,1964,BGR,8140032,5829,71.1367,NA,NA,NA,NA,NA,0.176
Bulgaria,Europe,1965,BGR,8202371,6137,71.3063,NA,NA,NA,NA,NA,0.177
Bulgaria,Europe,1966,BGR,8258735,6575,71.2179,NA,NA,NA,NA,NA,0.177
Bulgaria,Europe,1967,BGR,8311082,6886,70.4117,NA,NA,NA,NA,NA,0.176
Bulgaria,Europe,1968,BGR,8370601,6963,71.2001,NA,NA,NA,NA,NA,0.176
Bulgaria,Europe,1969,BGR,8435228,7246,70.4684,NA,NA,NA,NA,NA,0.176
Bulgaria,Europe,1970,BGR,8490780,7608,71.2505,NA,NA,NA,NA,NA,0.177
Bulgaria,Europe,1971,BGR,8538849,7814,70.8551,NA,NA,NA,NA,NA,0.177
Bulgaria,Europe,1972,BGR,8579861,8145,70.8589,NA,NA,NA,NA,NA,0.176
Bulgaria,Europe,1973,BGR,8624758,8423,71.3021,NA,NA,NA,NA,NA,0.176
Bulgaria,Europe,1974,BGR,8682710,8630,71.2172,NA,NA,NA,NA,NA,0.176
Bulgaria,Europe,1975,BGR,8723102,9295,71.0056,24.2224236,24.19946106,NA,NA,NA,0.178
Bulgaria,Europe,1976,BGR,8759381,9535,71.358,24.30074846,24.28799155,NA,NA,NA,0.178
Bulgaria,Europe,1977,BGR,8804647,9398,70.7678,24.37428642,24.37471874,NA,NA,NA,0.177
Bulgaria,Europe,1978,BGR,8813691,9594,71.1261,24.44341566,24.45939153,NA,NA,NA,0.177
Bulgaria,Europe,1979,BGR,8824954,9954,71.2172,24.50863577,24.54194867,NA,NA,NA,0.177
Bulgaria,Europe,1980,BGR,8859491,9634,71.0809,24.57084555,24.62309636,NA,NA,8.299999,0.179
Bulgaria,Europe,1981,BGR,8887751,9860,71.4778,24.62648125,24.70054341,NA,NA,8.299999,0.179
Bulgaria,Europe,1982,BGR,8912687,10154,71.0775,24.67654127,24.77416621,NA,NA,8.299999,0.18
Bulgaria,Europe,1983,BGR,8933276,9942,71.2393,24.72148255,24.8442559,NA,NA,8.309999,0.18
Bulgaria,Europe,1984,BGR,8952560,10249,71.3472,24.76168826,24.91086067,NA,NA,8.33,0.181
Bulgaria,Europe,1985,BGR,8958799,9924,71.0482,24.79769085,24.97396854,NA,NA,8.299999,0.181
Bulgaria,Europe,1986,BGR,8963423,10170,71.5502,24.8283746,25.0332493,NA,2.7,8.299999,0.18
Bulgaria,Europe,1987,BGR,8976164,10173,71.3442,24.85492267,25.0883955,NA,2.7263875,8.299999,0.18
Bulgaria,Europe,1988,BGR,8985672,10098,71.4156,24.87733138,25.13997852,NA,2.3696682,8.299999,0.18
Bulgaria,Europe,1989,BGR,8936335,9908,71.4801,24.89709614,25.1884636,NA,6.388889,8.309999,0.182
Bulgaria,Europe,1990,BGR,8822320,8922,71.3213,24.91493635,25.23540017,NA,23.8,8.299999,0.574
Bulgaria,Europe,1991,BGR,8695748,8319.673,71.1938,24.93142009,25.28131855,11.1,338.4491,8.309999,0.628
Bulgaria,Europe,1992,BGR,8559045,7846.1157,71.178,24.94699151,25.32719072,15.3,91.297935,8.34,0.695
Bulgaria,Europe,1993,BGR,8466479,7959.1636,71.1853,24.96236126,25.37458147,16.4,72.87879,8.32,0.691
Bulgaria,Europe,1994,BGR,8416871,8212.297,70.8608,24.97826989,25.42412771,12.8,96.057335,8.32,0.691
Bulgaria,Europe,1995,BGR,8357522,8566.603,70.962,24.99594381,25.47653013,11.1,62.054832,8.32,0.695
Bulgaria,Europe,1996,BGR,8291353,7901.1235,70.8357,25.01573021,25.53271405,12.5,121.607544,8.63,0.703
Bulgaria,Europe,1997,BGR,8217060,7927.429,70.3137,25.03835988,25.59298628,13.7,1058.3735,9.11,0.715
Bulgaria,Europe,1998,BGR,8138142,8322.082,70.8733,25.06494806,25.65868478,12.2,18.672205,9.46,0.71
Bulgaria,Europe,1999,BGR,8067415,7921.765,71.5607,25.09545213,25.72941882,14.1,2.5730429,9.79,0.719
Bulgaria,Europe,2000,BGR,8000476,8410.795,71.5746,25.12977865,25.80430541,16.218,10.316262,10.09,0.72
Bulgaria,Europe,2001,BGR,7928407,8832.291,71.8788,25.16807863,25.88371147,19.921,7.3609395,10.41,0.692
Bulgaria,Europe,2002,BGR,7861901,9471.766,72.128,25.20996435,25.96729589,18.11,5.8101435,NA,0.718
Bulgaria,Europe,2003,BGR,7804359,10080.783,72.3727,25.25478399,26.05390054,13.733,2.3486416,NA,0.718
Bulgaria,Europe,2004,BGR,7749383,10853.785,72.5754,25.30236173,26.14333096,12.037,6.147131,NA,0.714
Bulgaria,Europe,2005,BGR,7695001,11758.084,72.5591,25.35245984,26.23535112,10.083,5.038838,NA,0.705
Bulgaria,Europe,2006,BGR,7640243,12706.182,72.6899,25.40420686,26.32938606,8.951,7.261595,10.71,0.706
Bulgaria,Europe,2007,BGR,7586847,13785.228,73.008,25.45710043,26.42466086,6.878,8.4025345,NA,0.708
Bulgaria,Europe,2008,BGR,7535541,14761.715,73.3385,25.51035454,26.52034657,5.61,12.34872,NA,0.709
Bulgaria,Europe,2009,BGR,7487966,14363.259,73.6808,25.56322696,26.61574034,6.817,2.7532022,13.04,0.696
Bulgaria,Europe,2010,BGR,7437542,14686.461,73.814,25.61530393,26.71115646,10.279,2.4389906,13.4800005,0.678
Bulgaria,Europe,2011,BGR,7379973,15112,74.1693,25.6674326,26.80752093,11.26,4.2199035,13.9,0.672
Bulgaria,Europe,2012,BGR,7316974,15314.524,74.3373,25.71982417,26.9057579,12.27,2.9545684,15.43,0.663
Bulgaria,Europe,2013,BGR,7264556,15314.154,74.8277,25.77226047,27.00646463,12.941,0.89009356,13.65,0.657
Bulgaria,Europe,2014,BGR,7223406,15550.346,74.4664,25.82511382,27.1096759,11.424,-1.4181838,15.05,0.677
Bulgaria,Europe,2015,BGR,7177463,16186.409,74.6208,25.87790241,27.21528481,9.143,-0.104633264,15.09,0.669
Bulgaria,Europe,2016,BGR,7127389,16795.824,74.8271,25.93015482,27.32226907,7.575,-0.7986499,17.51,0.669
Bulgaria,Europe,2017,BGR,7075586,17386.271,74.7977,NA,NA,6.164,2.0615962,20.76,0.624
Bulgaria,Europe,2018,BGR,7024687,17982.424,74.9325,NA,NA,5.212,2.8145447,20.3,0.614
Bulgaria,Europe,2019,BGR,6975420,18840.764,75.0874,NA,NA,4.23,3.1037295,NA,0.614
Bulgaria,Europe,2020,BGR,6933606,18203.832,73.5992,NA,NA,5.125,1.672441,NA,0.603
Bulgaria,Europe,2021,BGR,6877173,19753.994,71.4137,NA,NA,5.267,3.2977443,NA,0.666
Bulgaria,Europe,2022,BGR,6825817,20592.455,74.0342,NA,NA,4.268,15.325259,16.72,0.694
Bulgaria,Europe,2023,BGR,6795757,NA,75.6363,NA,NA,4.295,9.442842,17.06,0.67
Burkina Faso,Africa,1952,BFA,4310303,797,33.6027,NA,NA,NA,NA,NA,0.147
Burkina Faso,Africa,1953,BFA,4361277,816,33.8987,NA,NA,NA,NA,NA,0.147
Burkina Faso,Africa,1954,BFA,4413832,838,34.1847,NA,NA,NA,NA,NA,0.147
Burkina Faso,Africa,1955,BFA,4469018,859,34.4693,NA,NA,NA,NA,NA,0.152
Burkina Faso,Africa,1956,BFA,4526612,883,34.7622,NA,NA,NA,NA,NA,0.152
Burkina Faso,Africa,1957,BFA,4586528,905,35.101,NA,NA,NA,NA,NA,0.204
Burkina Faso,Africa,1958,BFA,4647242,929,35.4012,NA,NA,NA,NA,NA,0.204
Burkina Faso,Africa,1959,BFA,4710807,953,35.7159,NA,NA,NA,NA,NA,0.23
Burkina Faso,Africa,1960,BFA,4778595,971,36.0736,NA,NA,NA,7.788162,NA,0.302
Burkina Faso,Africa,1961,BFA,4848178,1004,36.3612,NA,NA,NA,18.56214,NA,0.37
Burkina Faso,Africa,1962,BFA,4919631,1060,36.7531,NA,NA,NA,1.6759095,NA,0.37
Burkina Faso,Africa,1963,BFA,4993581,1039,37.0928,NA,NA,NA,5.574203,NA,0.37
Burkina Faso,Africa,1964,BFA,5070996,1055,37.3986,NA,NA,NA,1.8451232,NA,0.37
Burkina Faso,Africa,1965,BFA,5152786,1087,37.758,NA,NA,NA,-0.7302525,NA,0.351
Burkina Faso,Africa,1966,BFA,5237897,1082,38.0912,NA,NA,NA,2.364106,NA,0.188
Burkina Faso,Africa,1967,BFA,5326306,1165,38.432,NA,NA,NA,-4.333754,NA,0.175
Burkina Faso,Africa,1968,BFA,5418597,1189,38.7602,NA,NA,NA,-0.2867137,NA,0.175
Burkina Faso,Africa,1969,BFA,5513127,1199,39.0231,NA,NA,NA,9.655529,NA,0.175
Burkina Faso,Africa,1970,BFA,5610258,1188,39.5404,NA,NA,NA,1.7726033,NA,0.182
Burkina Faso,Africa,1971,BFA,5707949,1219,39.8529,NA,NA,NA,2.0612183,NA,0.177
Burkina Faso,Africa,1972,BFA,5807189,1253,40.3986,NA,NA,NA,-2.9233565,NA,0.177
Burkina Faso,Africa,1973,BFA,5911880,1172,40.9475,NA,NA,NA,7.6038904,NA,0.177
Burkina Faso,Africa,1974,BFA,6024853,1132,41.7112,NA,NA,NA,8.719609,NA,0.177
Burkina Faso,Africa,1975,BFA,6147532,1068,42.4857,18.51101335,18.63582026,NA,18.756947,NA,0.177
Burkina Faso,Africa,1976,BFA,6280595,1039,43.3266,18.60151321,18.73046364,NA,-8.400719,NA,0.177
Burkina Faso,Africa,1977,BFA,6428699,1090,44.1672,18.69506599,18.82752684,NA,29.986105,NA,0.178
Burkina Faso,Africa,1978,BFA,6590940,1189,44.9947,18.79101187,18.9269644,NA,8.26914,NA,0.233
Burkina Faso,Africa,1979,BFA,6763855,1173,45.7017,18.88888258,19.02786639,NA,14.993466,NA,0.379
Burkina Faso,Africa,1980,BFA,6947854,1165,46.4653,18.98817828,19.12984484,NA,12.202637,NA,0.319
Burkina Faso,Africa,1981,BFA,7140221,1186,46.8656,19.09079635,19.23446056,NA,7.5557055,NA,0.16
Burkina Faso,Africa,1982,BFA,7340153,1183,47.6334,19.19577692,19.34032427,NA,12.059765,NA,0.16
Burkina Faso,Africa,1983,BFA,7551091,1140,48.0612,19.30283917,19.44781711,NA,8.153763,NA,0.161
Burkina Faso,Africa,1984,BFA,7772217,1129,48.4637,19.41079438,19.55606951,NA,4.8469577,NA,0.158
Burkina Faso,Africa,1985,BFA,7999886,1243,48.7475,19.51879488,19.66450162,NA,6.906058,NA,0.155
Burkina Faso,Africa,1986,BFA,8228800,1400,48.987,19.62252477,19.76991392,NA,-2.611743,NA,0.155
Burkina Faso,Africa,1987,BFA,8457062,1336,49.0968,19.72168933,19.87221432,NA,-2.6817842,NA,0.161
Burkina Faso,Africa,1988,BFA,8687396,1403,49.2152,19.81714921,19.97149792,NA,4.255616,NA,0.161
Burkina Faso,Africa,1989,BFA,8921126,1342,49.2704,19.90926378,20.06831313,NA,-0.4817987,NA,0.161
Burkina Faso,Africa,1990,BFA,9159313,1286,49.3145,19.99828805,20.16250823,NA,-0.5043034,NA,0.168
Burkina Faso,Africa,1991,BFA,9394584,1331.2303,49.3296,20.08374133,20.25378003,2.468,2.1626005,NA,0.193
Burkina Faso,Africa,1992,BFA,9629232,1264.992,49.378,20.16643695,20.34142537,2.505,-1.9911358,NA,0.408
Burkina Faso,Africa,1993,BFA,9871666,1240.1422,49.4119,20.24704425,20.42688304,2.432,0.5534557,NA,0.476
Burkina Faso,Africa,1994,BFA,10123754,1189.1213,49.4695,20.32663664,20.51032538,2.58,25.177876,21.05,0.476
Burkina Faso,Africa,1995,BFA,10386684,1191.3074,49.5545,20.40704507,20.59279054,2.532,7.458845,NA,0.476
Burkina Faso,Africa,1996,BFA,10655892,1255.7749,49.6934,20.49170232,20.67686477,2.448,6.0978045,NA,0.472
Burkina Faso,Africa,1997,BFA,10934171,1268.2632,49.5597,20.58059998,20.76270939,2.414,2.3186905,NA,0.483
Burkina Faso,Africa,1998,BFA,11240624,1293.5734,50.1629,20.67373639,20.85092122,2.44,5.0843334,26.269999,0.49
Burkina Faso,Africa,1999,BFA,11574884,1318.7197,50.4632,20.77084617,20.94072024,2.55,-1.0726136,NA,0.494
Burkina Faso,Africa,2000,BFA,11925495,1275.4819,50.8081,20.87050627,21.03208383,2.681,-0.30421218,NA,0.51
Burkina Faso,Africa,2001,BFA,12294946,1283.3822,51.1884,20.97219269,21.12536941,2.742,5.007433,NA,0.519
Burkina Faso,Africa,2002,BFA,12680857,1255.5571,51.4475,21.07367975,21.22032202,2.855,2.1756947,NA,0.515
Burkina Faso,Africa,2003,BFA,13082483,1277.5808,51.9586,21.17383197,21.31623998,2.78,2.0345657,22.04,0.513
Burkina Faso,Africa,2004,BFA,13500483,1268.6866,52.5999,21.27105498,21.41170356,3.475,-0.4002287,NA,0.513
Burkina Faso,Africa,2005,BFA,13932081,1309.9836,53.271,21.3642113,21.50458921,4,6.41504,NA,0.518
Burkina Faso,Africa,2006,BFA,14373659,1322.6372,53.7837,21.45379631,21.59513357,3.67,2.3331087,NA,0.546
Burkina Faso,Africa,2007,BFA,14816271,1308.5203,54.3768,21.53937175,21.68127995,3.3,-0.23062731,NA,0.54
Burkina Faso,Africa,2008,BFA,15258045,1315.4537,55.1985,21.62063671,21.7622512,3.497,10.659798,NA,0.539
Burkina Faso,Africa,2009,BFA,15710025,1287.3678,55.7909,21.69743358,21.83630299,3.715,2.6081767,16.96,0.535
Burkina Faso,Africa,2010,BFA,16176456,1326.1975,56.343,21.77012764,21.90361302,3.723,-0.7642307,NA,0.554
Burkina Faso,Africa,2011,BFA,16661858,1344,57.0011,21.8389456,21.9661274,3.827,2.7597673,NA,0.565
Burkina Faso,Africa,2012,BFA,17172238,1387.6171,57.4574,21.90451337,22.02460387,3.852,3.8181524,NA,0.569
Burkina Faso,Africa,2013,BFA,17695371,1424.2133,57.9033,21.96782123,22.08141148,4.055,0.5337385,NA,0.604
Burkina Faso,Africa,2014,BFA,18229421,1443.2963,58.3315,22.02947066,22.13865166,4.254,-0.2580895,14.290001,0.575
Burkina Faso,Africa,2015,BFA,18777451,1456.9303,58.7777,22.08968057,22.19577356,4.468,0.724839,NA,0.376
Burkina Faso,Africa,2016,BFA,19334810,1500.0236,59.1732,22.1477769,22.25253512,4.594,0.44104144,NA,0.684
Burkina Faso,Africa,2017,BFA,19894368,1548.481,59.5775,NA,NA,4.66,1.482999,NA,0.685
Burkina Faso,Africa,2018,BFA,20438245,1605.3588,59.9719,NA,NA,4.695,1.955943,NA,0.672
Burkina Faso,Africa,2019,BFA,20961910,1651.1173,60.1842,NA,NA,4.701,-3.2333894,NA,0.657
Burkina Faso,Africa,2020,BFA,21478640,1638.8279,60.4536,NA,NA,4.985,1.88444,NA,0.663
Burkina Faso,Africa,2021,BFA,21995205,1706.9633,60.0463,NA,NA,5.11,3.653533,NA,0.628
Burkina Faso,Africa,2022,BFA,22508995,1704.966,60.7,NA,NA,5.348,14.2902355,14.5199995,0.274
Burkina Faso,Africa,2023,BFA,23025738,NA,61.092,NA,NA,5.293,0.74291044,14.5199995,0.211
Burundi,Africa,1952,BDI,2355757,626,41.4802,NA,NA,NA,NA,NA,0.023
Burundi,Africa,1953,BDI,2405140,641,41.7429,NA,NA,NA,NA,NA,0.038
Burundi,Africa,1954,BDI,2454549,665,41.9731,NA,NA,NA,NA,NA,0.038
Burundi,Africa,1955,BDI,2504608,674,42.1749,NA,NA,NA,NA,NA,0.038
Burundi,Africa,1956,BDI,2555264,687,42.4124,NA,NA,NA,NA,NA,0.038
Burundi,Africa,1957,BDI,2606432,701,42.6432,NA,NA,NA,NA,NA,0.045
Burundi,Africa,1958,BDI,2657371,708,42.8673,NA,NA,NA,NA,NA,0.052
Burundi,Africa,1959,BDI,2709559,736,43.0676,NA,NA,NA,NA,NA,0.063
Burundi,Africa,1960,BDI,2764222,733,43.262,NA,NA,NA,NA,NA,0.108
Burundi,Africa,1961,BDI,2835076,615,43.3642,NA,NA,NA,NA,NA,0.126
Burundi,Africa,1962,BDI,2907897,657,43.4919,NA,NA,NA,NA,NA,0.187
Burundi,Africa,1963,BDI,2969792,673,43.5585,NA,NA,NA,NA,NA,0.192
Burundi,Africa,1964,BDI,3055606,695,43.601,NA,NA,NA,NA,NA,0.192
Burundi,Africa,1965,BDI,3141333,703,41.8441,NA,NA,NA,NA,NA,0.18
Burundi,Africa,1966,BDI,3217915,716,43.5285,NA,NA,NA,4.43686,NA,0.124
Burundi,Africa,1967,BDI,3300648,764,43.3318,NA,NA,NA,-1.0893246,NA,0.085
Burundi,Africa,1968,BDI,3380341,740,43.4048,NA,NA,NA,6.0572686,NA,0.085
Burundi,Africa,1969,BDI,3454554,717,43.0002,NA,NA,NA,4.023884,NA,0.084
Burundi,Africa,1970,BDI,3530381,893,43.2251,NA,NA,NA,-0.19965062,NA,0.083
Burundi,Africa,1971,BDI,3617254,902,43.1724,NA,NA,NA,3.8509626,NA,0.083
Burundi,Africa,1972,BDI,3617088,866,25.7768,NA,NA,NA,3.8285577,NA,0.083
Burundi,Africa,1973,BDI,3611941,921,37.4086,NA,NA,NA,6.0064936,NA,0.083
Burundi,Africa,1974,BDI,3703557,904,43.3367,NA,NA,NA,15.722307,NA,0.083
Burundi,Africa,1975,BDI,3796571,883,43.4453,17.89691591,18.46886669,NA,15.709874,NA,0.083
Burundi,Africa,1976,BDI,3882574,956,43.6913,17.99607495,18.57980189,NA,6.8565516,NA,0.08
Burundi,Africa,1977,BDI,3983534,1020,43.9703,18.09570934,18.69064989,NA,6.834514,NA,0.081
Burundi,Africa,1978,BDI,4100295,1042,44.4044,18.1954249,18.80168466,NA,23.89562,NA,0.081
Burundi,Africa,1979,BDI,4203483,1011,45.0381,18.29524466,18.91270922,NA,36.540756,NA,0.083
Burundi,Africa,1980,BDI,4383663,952,45.7311,18.39515836,19.02408881,NA,2.4985194,NA,0.084
Burundi,Africa,1981,BDI,4565964,1014,46.4119,18.49543751,19.13541023,NA,12.167395,NA,0.09
Burundi,Africa,1982,BDI,4681348,985,47.0119,18.5956389,19.24651804,NA,5.8680964,NA,0.137
Burundi,Africa,1983,BDI,4808486,991,47.4333,18.69609014,19.3576179,NA,8.151232,NA,0.138
Burundi,Africa,1984,BDI,4926441,968,47.6871,18.79676413,19.46809801,NA,14.31687,NA,0.137
Burundi,Africa,1985,BDI,5034001,1057,47.6621,18.89702148,19.57774069,NA,3.8042867,NA,0.193
Burundi,Africa,1986,BDI,5129377,1078,47.4021,18.99705522,19.68670129,NA,1.6756756,NA,0.193
Burundi,Africa,1987,BDI,5247755,1095,47.0665,19.09653871,19.79454398,NA,7.113238,NA,0.159
Burundi,Africa,1988,BDI,5365292,1119,42.8894,19.19552207,19.90088259,NA,4.486798,NA,0.088
Burundi,Africa,1989,BDI,5471650,1111,45.7452,19.29431535,20.00579614,NA,11.6616,NA,0.089
Burundi,Africa,1990,BDI,5587010,1124,45.184,19.39240531,20.10863057,NA,7.0021696,NA,0.089
Burundi,Africa,1991,BDI,5703814,1149.7976,44.66,19.48880098,20.20859709,3.168,8.996939,NA,0.089
Burundi,Africa,1992,BDI,5858357,1128.3474,44.469,19.58296592,20.30498832,3.141,1.8233334,17.44,0.165
Burundi,Africa,1993,BDI,5676803,1075.6154,37.2214,19.6751649,20.39699186,3.112,9.679347,NA,0.275
Burundi,Africa,1994,BDI,5713811,1057.6414,44.5152,19.76581446,20.48503442,3.133,14.852815,NA,0.238
Burundi,Africa,1995,BDI,6066272,934.20306,44.5888,19.85581694,20.56941888,3.088,19.263254,NA,0.254
Burundi,Africa,1996,BDI,6070462,824.5116,44.8069,19.94585055,20.65050142,3.095,26.43678,NA,0.225
Burundi,Africa,1997,BDI,6069992,800.27203,45.7207,20.03627965,20.72872902,3.147,31.11159,NA,0.188
Burundi,Africa,1998,BDI,6187073,808.3241,46.6781,20.12664279,20.80474854,3.191,12.500411,17.36,0.184
Burundi,Africa,1999,BDI,6337100,772.3172,47.6266,20.21718881,20.87812659,3.146,3.3854243999999998,NA,0.186
Burundi,Africa,2000,BDI,6470151,739.7609,47.6166,20.30672822,20.94883893,3.145,24.432024,NA,0.185
Burundi,Africa,2001,BDI,6634321,730.4278,48.5094,20.39559934,21.01776363,3.164,9.296187,NA,0.188
Burundi,Africa,2002,BDI,6824086,737.286,49.9237,20.48324043,21.08493199,3.18,-1.3656801,NA,0.202
Burundi,Africa,2003,BDI,7043104,703.5615,50.997,20.56939733,21.15039877,3.137,10.647465,NA,0.208
Burundi,Africa,2004,BDI,7310604,709.7372,52.2171,20.65328697,21.21488733,3.179,8.17643,NA,0.209
Burundi,Africa,2005,BDI,7587267,691.61975,53.0529,20.73416927,21.27659308,3.15,13.252069,NA,0.299
Burundi,Africa,2006,BDI,7865501,703.36096,53.962,20.81374985,21.33636061,3.185,2.74542,12.620001,0.415
Burundi,Africa,2007,BDI,8161832,700.95874,54.8317,20.89225145,21.39337903,2.4,8.412063,NA,0.412
Burundi,Africa,2008,BDI,8505591,708.6786,55.5813,20.97015583,21.44763842,1.634,24.406952,NA,0.404
Burundi,Africa,2009,BDI,8947608,709.0326,56.4215,21.04800882,21.49919663,1.618,10.555435,NA,0.394
Burundi,Africa,2010,BDI,9376393,717.6115,57.0883,21.12589299,21.54853644,1.612,6.493266,NA,0.321
Burundi,Africa,2011,BDI,9717923,719,57.8039,21.20475558,21.5981561,1.599,9.592166,NA,0.285
Burundi,Africa,2012,BDI,10070981,727,58.5008,21.28427458,21.64887263,1.591,18.161045,NA,0.285
Burundi,Africa,2013,BDI,10439290,738,59.1786,21.36444887,21.70018881,1.584,7.9379582,14.55,0.279
Burundi,Africa,2014,BDI,10799746,748,59.7644,21.44485367,21.7525225,1.572,4.405352,NA,0.271
Burundi,Africa,2015,BDI,11047534,694,60.1068,21.52499897,21.80526402,1.444,5.5446887,NA,0.197
Burundi,Africa,2016,BDI,11239416,704.635,60.7887,21.60407468,21.85867709,1.356,5.5576897,NA,0.165
Burundi,Africa,2017,BDI,11506721,715.09454,61.3452,NA,NA,1.258,16.052536,NA,0.157
Burundi,Africa,2018,BDI,11859386,730.9046,61.8065,NA,NA,1.157,-2.814698,NA,0.157
Burundi,Africa,2019,BDI,12255290,738.9831,62.1801,NA,NA,1.053,-0.68677217,NA,0.158
Burundi,Africa,2020,BDI,12616994,720.446,62.5694,NA,NA,1.03,7.3211064,NA,0.168
Burundi,Africa,2021,BDI,12965439,723.1921,62.1013,NA,NA,1.11,8.404538,NA,0.181
Burundi,Africa,2022,BDI,13321056,717.22845,62.8819,NA,NA,0.919,18.800879,14.280001,0.19
Burundi,Africa,2023,BDI,13689406,NA,63.6511,NA,NA,0.93,26.941484,14.280001,0.187
Cambodia,Asia,1952,KHM,4577905,803,39.3388,NA,NA,NA,NA,NA,0.087
Cambodia,Asia,1953,KHM,4680425,792,39.6179,NA,NA,NA,NA,NA,0.069
Cambodia,Asia,1954,KHM,4783785,864,39.9046,NA,NA,NA,NA,NA,0.104
Cambodia,Asia,1955,KHM,4890335,826,40.2528,NA,NA,NA,NA,NA,0.144
Cambodia,Asia,1956,KHM,4999435,912,40.5041,NA,NA,NA,NA,NA,0.269
Cambodia,Asia,1957,KHM,5110397,947,40.8713,NA,NA,NA,NA,NA,0.269
Cambodia,Asia,1958,KHM,5220794,969,41.2178,NA,NA,NA,NA,NA,0.267
Cambodia,Asia,1959,KHM,5332885,1036,41.6521,NA,NA,NA,NA,NA,0.266
Cambodia,Asia,1960,KHM,5449909,1070,42.1339,NA,NA,NA,NA,NA,0.271
Cambodia,Asia,1961,KHM,5571127,1031,42.5882,NA,NA,NA,NA,NA,0.271
Cambodia,Asia,1962,KHM,5697511,1084,43.0786,NA,NA,NA,NA,NA,0.265
Cambodia,Asia,1963,KHM,5822967,1135,43.6125,NA,NA,NA,NA,NA,0.263
Cambodia,Asia,1964,KHM,5946139,1074,44.044,NA,NA,NA,NA,NA,0.263
Cambodia,Asia,1965,KHM,6072244,1095,44.4969,NA,NA,NA,NA,NA,0.265
Cambodia,Asia,1966,KHM,6201188,1116,44.9476,NA,NA,NA,NA,NA,0.264
Cambodia,Asia,1967,KHM,6332895,1143,45.1928,NA,NA,NA,NA,NA,0.263
Cambodia,Asia,1968,KHM,6467275,1164,45.5859,NA,NA,NA,NA,NA,0.263
Cambodia,Asia,1969,KHM,6604676,1151,45.9354,NA,NA,NA,NA,NA,0.263
Cambodia,Asia,1970,KHM,6639139,1031,38.6281,NA,NA,NA,NA,NA,0.161
Cambodia,Asia,1971,KHM,6620831,980,38.7005,NA,NA,NA,NA,NA,0.138
Cambodia,Asia,1972,KHM,6673839,920,38.9094,NA,NA,NA,NA,NA,0.148
Cambodia,Asia,1973,KHM,6739691,1239,39.078,NA,NA,NA,NA,NA,0.163
Cambodia,Asia,1974,KHM,6783202,1049,39.2958,NA,NA,NA,NA,NA,0.163
Cambodia,Asia,1975,KHM,6581335,925,12.7845,18.0015954,18.84575709,NA,NA,NA,0.067
Cambodia,Asia,1976,KHM,6134946,1025,11.6323,18.03329073,18.87331035,NA,NA,NA,0.104
Cambodia,Asia,1977,KHM,5668517,1143,11.2952,18.08563327,18.91310546,NA,NA,NA,0.13
Cambodia,Asia,1978,KHM,5211610,1291,11.5726,18.15780576,18.96499663,NA,NA,NA,0.13
Cambodia,Asia,1979,KHM,5088766,1325,41.0717,18.24903431,19.02878178,NA,NA,NA,0.069
Cambodia,Asia,1980,KHM,5199831,1320,47.4978,18.35826656,19.10412884,NA,NA,NA,0.071
Cambodia,Asia,1981,KHM,5284463,1301,48.0351,18.48196945,19.18829553,NA,NA,NA,0.089
Cambodia,Asia,1982,KHM,5436392,1358,48.7555,18.61645287,19.27901354,NA,NA,NA,0.105
Cambodia,Asia,1983,KHM,5636160,1412,49.3829,18.75763276,19.37410422,NA,NA,NA,0.105
Cambodia,Asia,1984,KHM,5845071,1476,50.0891,18.90185153,19.47131836,NA,NA,NA,0.105
Cambodia,Asia,1985,KHM,6043723,1540,50.7986,19.04575787,19.56742117,NA,NA,NA,0.105
Cambodia,Asia,1986,KHM,6285655,1578,51.5552,19.18240009,19.65826427,NA,NA,NA,0.105
Cambodia,Asia,1987,KHM,6557930,1490,53.6738,19.31251445,19.74444548,NA,NA,NA,0.105
Cambodia,Asia,1988,KHM,6811959,1473,54.4333,19.43690646,19.82711631,NA,NA,NA,0.105
Cambodia,Asia,1989,KHM,7073418,1455,54.7681,19.55594861,19.90603131,NA,NA,NA,0.105
Cambodia,Asia,1990,KHM,7374704,1404,55.205,19.67063365,19.98215254,NA,NA,NA,0.139
Cambodia,Asia,1991,KHM,7686811,1425.0455,55.582,19.78226307,20.05678155,0.761,NA,NA,0.14
Cambodia,Asia,1992,KHM,8113030,1427.2858,55.7473,19.89126969,20.1309609,0.746,NA,NA,0.166
Cambodia,Asia,1993,KHM,8616342,1384.2925,56.0364,19.9979685,20.20530207,0.734,NA,NA,0.319
Cambodia,Asia,1994,KHM,9239109,1416.4637,56.2205,20.10289102,20.28031836,0.99,NA,NA,0.364
Cambodia,Asia,1995,KHM,10018456,1439.2865,56.562,20.20658983,20.35613608,0.974,-0.79894435,NA,0.364
Cambodia,Asia,1996,KHM,10801215,1450.5251,56.832,20.30797134,20.43288537,0.963,7.1508613,NA,0.364
Cambodia,Asia,1997,KHM,11570940,1466.3667,57.2661,20.40768308,20.50959257,0.638,7.960214,NA,0.364
Cambodia,Asia,1998,KHM,12058131,1476.296,57.8595,20.5058786,20.58644439,0.712,14.806503,NA,0.348
Cambodia,Asia,1999,KHM,12265683,1586.2104,58.6108,20.60277513,20.66344521,0.727,4.008207,NA,0.326
Cambodia,Asia,2000,KHM,12462304,1659.0891,59.4914,20.69826296,20.74019742,0.746,-0.79199255,NA,0.319
Cambodia,Asia,2001,KHM,12658434,1726.4713,60.4566,20.79198114,20.8164617,0.775,-0.6006483,NA,0.319
Cambodia,Asia,2002,KHM,12855203,1770.9572,61.3945,20.88472087,20.89368304,0.853,0.21146657,NA,0.319
Cambodia,Asia,2003,KHM,13050916,1850.2043,62.3452,20.97657985,20.97211591,0.909,0.9417461,NA,0.322
Cambodia,Asia,2004,KHM,13244689,1965.8787,63.2558,21.06874405,21.05174572,1.005,4.319337,NA,0.324
Cambodia,Asia,2005,KHM,13439152,2144.845,64.1128,21.16219818,21.13320369,1.067,6.615259,NA,0.322
Cambodia,Asia,2006,KHM,13638973,2286.3848,64.8859,21.25806968,21.21618754,1.154,5.8106856,NA,0.322
Cambodia,Asia,2007,KHM,13841733,2422.7566,65.5491,21.35670943,21.30030958,1.257,8.708828,NA,0.319
Cambodia,Asia,2008,KHM,14053432,2482.0068,66.1469,21.45894109,21.38577824,0.825,24.096851,NA,0.316
Cambodia,Asia,2009,KHM,14276762,2433.3062,66.7473,21.5651499,21.47314173,0.579,-1.2417176,NA,0.314
Cambodia,Asia,2010,KHM,14500683,2426.687,67.3108,21.67499275,21.56209291,0.771,3.9963953,29.4,0.307
Cambodia,Asia,2011,KHM,14722537,2496,67.8691,21.78881636,21.65514216,0.577,5.4784474,20.11,0.307
Cambodia,Asia,2012,KHM,14945041,2649.3062,68.3714,21.90632871,21.75127582,0.496,2.9343162,18.63,0.306
Cambodia,Asia,2013,KHM,15170170,2813.6704,68.7548,22.02550238,21.84929865,0.438,2.941625,20.730001,0.298
Cambodia,Asia,2014,KHM,15396720,2982.7285,69.1174,22.14597531,21.94926331,0.692,3.8556886,NA,0.295
Cambodia,Asia,2015,KHM,15623205,3149.8743,69.3977,22.26680459,22.05113884,0.393,1.2239319,NA,0.293
Cambodia,Asia,2016,KHM,15852754,3312.0815,69.6352,22.38762001,22.15405293,0.716,3.0191398,NA,0.28
Cambodia,Asia,2017,KHM,16073324,3488.5952,69.8424,NA,NA,0.141,2.9126356,NA,0.234
Cambodia,Asia,2018,KHM,16274473,3692.43,69.9935,NA,NA,0.13,2.4590852,NA,0.211
Cambodia,Asia,2019,KHM,16481244,3896.7979,70.1267,NA,NA,0.12,1.942575,NA,0.195
Cambodia,Asia,2020,KHM,16725440,3728.1985,70.0594,NA,NA,0.172,2.9402952,NA,0.192
Cambodia,Asia,2021,KHM,16974258,3796.4844,69.3012,NA,NA,0.396,2.920735,NA,0.192
Cambodia,Asia,2022,KHM,17201662,3944.2468,70.528,NA,NA,0.247,5.343703,18.76,0.199
Cambodia,Asia,2023,KHM,17423835,NA,70.6675,NA,NA,0.239,2.1274679,19.04,0.19
Cameroon,Africa,1952,CMR,4464668,1122,34.6187,NA,NA,NA,NA,NA,NA
Cameroon,Africa,1953,CMR,4538402,1148,35.5222,NA,NA,NA,NA,NA,NA
Cameroon,Africa,1954,CMR,4616834,1175,36.5069,NA,NA,NA,NA,NA,NA
Cameroon,Africa,1955,CMR,4700213,1202,37.4971,NA,NA,NA,NA,NA,NA
Cameroon,Africa,1956,CMR,4788296,1229,38.4145,NA,NA,NA,NA,NA,NA
Cameroon,Africa,1957,CMR,4878888,1256,38.2755,NA,NA,NA,NA,NA,NA
Cameroon,Africa,1958,CMR,4972164,1283,39.0744,NA,NA,NA,NA,NA,NA
Cameroon,Africa,1959,CMR,5070034,1310,39.8041,NA,NA,NA,NA,NA,NA
Cameroon,Africa,1960,CMR,5159005,1326,34.6667,NA,NA,NA,NA,NA,NA
Cameroon,Africa,1961,CMR,5239226,1321,35.1862,NA,NA,NA,NA,NA,0.16
Cameroon,Africa,1962,CMR,5338565,1339,42.5986,NA,NA,NA,NA,NA,0.16
Cameroon,Africa,1963,CMR,5456565,1366,43.0744,NA,NA,NA,NA,NA,0.16
Cameroon,Africa,1964,CMR,5578210,1390,43.5963,NA,NA,NA,NA,NA,0.16
Cameroon,Africa,1965,CMR,5704631,1393,44.1753,NA,NA,NA,NA,NA,0.16
Cameroon,Africa,1966,CMR,5837267,1431,44.8387,NA,NA,NA,NA,NA,0.157
Cameroon,Africa,1967,CMR,5977266,1443,45.6024,NA,NA,NA,NA,NA,0.157
Cameroon,Africa,1968,CMR,6125807,1508,46.3888,NA,NA,NA,NA,NA,0.157
Cameroon,Africa,1969,CMR,6283419,1551,47.1912,NA,NA,NA,-1.1015912,NA,0.157
Cameroon,Africa,1970,CMR,6449753,1565,47.9542,NA,NA,NA,5.8580856,NA,0.157
Cameroon,Africa,1971,CMR,6624365,1578,48.5766,NA,NA,NA,4.0140295,NA,0.157
Cameroon,Africa,1972,CMR,6806820,1612,49.1203,NA,NA,NA,8.092918,NA,0.157
Cameroon,Africa,1973,CMR,6996620,1599,49.517,NA,NA,NA,10.384748,NA,0.157
Cameroon,Africa,1974,CMR,7193543,1632,49.7337,NA,NA,NA,17.232933,NA,0.156
Cameroon,Africa,1975,CMR,7397077,1677,49.8911,19.92258597,19.8522948,NA,13.553329,NA,0.158
Cameroon,Africa,1976,CMR,7597909,1664,50.0165,20.10283644,19.99061746,NA,9.930651,NA,0.158
Cameroon,Africa,1977,CMR,7796458,1706,50.1302,20.27914513,20.12717934,NA,14.698309,NA,0.158
Cameroon,Africa,1978,CMR,8011865,1744,50.3191,20.45119734,20.26193001,NA,12.463053,NA,0.158
Cameroon,Africa,1979,CMR,8239592,1785,50.5352,20.61883145,20.39453685,NA,6.5806108,NA,0.157
Cameroon,Africa,1980,CMR,8512159,1900,50.8516,20.78217722,20.52485343,NA,9.551754,NA,0.163
Cameroon,Africa,1981,CMR,8816322,2153,51.2274,20.9407643,20.6527652,NA,10.7275,NA,0.163
Cameroon,Africa,1982,CMR,9028626,2257,51.801,21.0947308,20.77775496,NA,13.25702,NA,0.169
Cameroon,Africa,1983,CMR,9215332,2345,52.4473,21.24569887,20.90056898,NA,16.631226,NA,0.177
Cameroon,Africa,1984,CMR,9475036,2450,52.8859,21.39405684,21.02135307,NA,11.3733225,NA,0.177
Cameroon,Africa,1985,CMR,9761674,2585,53.4653,21.54044488,21.14004527,NA,8.508374,NA,0.179
Cameroon,Africa,1986,CMR,10060303,2683,53.5719,21.68345301,21.25583329,NA,7.770025,NA,0.179
Cameroon,Africa,1987,CMR,10370699,2471,54.1875,21.82360593,21.36899092,NA,13.1405,NA,0.179
Cameroon,Africa,1988,CMR,10684921,2287,54.3594,21.96166039,21.47950963,NA,1.6823326,NA,0.179
Cameroon,Africa,1989,CMR,11002700,2021,54.3892,22.09743418,21.58786505,NA,-1.6655259,NA,0.18
Cameroon,Africa,1990,CMR,11331770,1930,54.3484,22.23161838,21.69455283,NA,1.0993813,NA,0.246
Cameroon,Africa,1991,CMR,11667134,1833.3545,54.1677,22.36304531,21.79842559,8.933,0.06005133,NA,0.263
Cameroon,Africa,1992,CMR,12006318,1754.2467,54.0527,22.49233343,21.89881458,9.012,-0.016055046,NA,0.291
Cameroon,Africa,1993,CMR,12353076,1677.14,53.8723,22.62008028,21.99662776,9.118,-3.2065547,NA,0.29
Cameroon,Africa,1994,CMR,12704854,1615.5973,53.5366,22.74759198,22.09210631,8.854,35.094463,NA,0.29
Cameroon,Africa,1995,CMR,13058470,1648.6416,53.3471,22.87624997,22.18577833,8.585,9.069691,NA,0.288
Cameroon,Africa,1996,CMR,13414719,1710.106,53.2003,23.00712708,22.27852247,8.06,3.9240637,18.21,0.288
Cameroon,Africa,1997,CMR,13775169,1780.4967,53.1048,23.14062396,22.37117533,7.86,4.7862387,NA,0.292
Cameroon,Africa,1998,CMR,14144808,1847.2189,53.0433,23.27724662,22.46448283,7.696,3.1707518,NA,0.294
Cameroon,Africa,1999,CMR,14525091,1902.266,53.1663,23.41624012,22.55745563,7.596,1.871745,NA,0.294
Cameroon,Africa,2000,CMR,14912588,1961.0879,53.3376,23.55645378,22.65049686,7.534,1.2271901,NA,0.306
Cameroon,Africa,2001,CMR,15309439,2028.5474,53.5983,23.69570905,22.74268558,7.46,4.4197726,18.92,0.306
Cameroon,Africa,2002,CMR,15725487,2084.9207,53.9219,23.83246551,22.83407797,6.711,2.8344226,NA,0.31
Cameroon,Africa,2003,CMR,16160301,2143.98,54.2528,23.96535395,22.92428175,5.909,0.6231636,NA,0.313
Cameroon,Africa,2004,CMR,16610427,2198.236,54.5782,24.09256819,23.01159769,5.088,0.23364738,NA,0.314
Cameroon,Africa,2005,CMR,17074551,2222.911,54.9042,24.2134105,23.09429575,4.4,2.0135396,NA,0.317
Cameroon,Africa,2006,CMR,17550365,2269.518,55.3014,24.32801891,23.1723351,3.73,5.117578,NA,0.317
Cameroon,Africa,2007,CMR,18049854,2315.607,55.7101,24.43706268,23.24448141,3.063,0.9214022,15.5,0.316
Cameroon,Africa,2008,CMR,18574008,2352.7996,56.1164,24.54033874,23.31000279,3.385,5.337806,NA,0.317
Cameroon,Africa,2009,CMR,19113922,2370.1306,56.4855,24.63802467,23.36786486,3.742,3.0436184,NA,0.317
Cameroon,Africa,2010,CMR,19668016,2420.1328,56.9652,24.73059215,23.41842306,4.11,1.2753805,NA,0.319
Cameroon,Africa,2011,CMR,20232269,2494,57.482,24.81909326,23.46320358,3.989,2.9396994,NA,0.321
Cameroon,Africa,2012,CMR,20809477,2536.5469,58.1696,24.90412976,23.50333711,3.837,2.7352967,NA,0.325
Cameroon,Africa,2013,CMR,21402330,2590.71,58.7305,24.98691292,23.54141149,3.687,2.050347,NA,0.321
Cameroon,Africa,2014,CMR,22059848,2657.403,59.1301,25.06846113,23.57978347,3.534,1.8548985,15.73,0.329
Cameroon,Africa,2015,CMR,22763375,2718.3054,59.6866,25.14831825,23.61837342,3.52,2.6762352,NA,0.326
Cameroon,Africa,2016,CMR,23454117,2758.029,60.2934,25.22671897,23.65643975,3.534,0.8741904,NA,0.308
Cameroon,Africa,2017,CMR,24128563,2779.5483,60.8174,NA,NA,3.581,0.6404092,NA,0.3
Cameroon,Africa,2018,CMR,24806341,2815.3162,61.1888,NA,NA,3.619,1.0688581,NA,0.294
Cameroon,Africa,2019,CMR,25506047,2832.0767,61.6952,NA,NA,3.646,2.4528022,NA,0.283
Cameroon,Africa,2020,CMR,26210514,2769.2869,61.6738,NA,NA,3.866,2.4376087,NA,0.287
Cameroon,Africa,2021,CMR,26915707,2791.79,61.1463,NA,NA,3.951,2.2718577,NA,0.285
Cameroon,Africa,2022,CMR,27632723,2812.2148,62.4428,NA,NA,3.687,6.2476773,13.13,0.291
Cameroon,Africa,2023,CMR,28372638,NA,63.6996,NA,NA,3.646,7.382814,13.13,0.29
Canada,Americas,1952,CAN,14482744,12486,68.6817,NA,NA,NA,NA,7.0699997,0.748
Canada,Americas,1953,CAN,14897828,12726,69.067,NA,NA,NA,NA,7.09,0.749
Canada,Americas,1954,CAN,15318941,12272,69.9377,NA,NA,NA,NA,7.4900002,0.752
Canada,Americas,1955,CAN,15728228,13072,69.9974,NA,NA,NA,NA,7.36,0.752
Canada,Americas,1956,CAN,16159573,13791,69.9698,NA,NA,NA,NA,6.9300003,0.752
Canada,Americas,1957,CAN,16641283,13719,69.9152,NA,NA,NA,NA,7.01,0.753
Canada,Americas,1958,CAN,17104033,13603,70.572,NA,NA,NA,NA,7.16,0.754
Canada,Americas,1959,CAN,17515473,13829,70.6124,NA,NA,NA,NA,7.0699997,0.754
Canada,Americas,1960,CAN,17898743,13952,70.9728,NA,NA,NA,1.3586956,7.1500006,0.777
Canada,Americas,1961,CAN,18263022,14080,71.2153,NA,NA,NA,1.0187668,7.25,0.799
Canada,Americas,1962,CAN,18613545,14787,71.2363,NA,NA,NA,1.0615711,6.87,0.813
Canada,Americas,1963,CAN,18964204,15248,71.266,NA,NA,NA,1.6281513,6.69,0.821
Canada,Americas,1964,CAN,19321627,15938,71.6382,NA,NA,NA,1.9121447,6.88,0.821
Canada,Americas,1965,CAN,19685472,16694,71.7479,NA,NA,NA,2.332657,6.7100005,0.821
Canada,Americas,1966,CAN,20053620,17448,71.8676,NA,NA,NA,3.815659,6.48,0.816
Canada,Americas,1967,CAN,20408732,17658,72.0808,NA,NA,NA,3.5799522,6.5899997,0.816
Canada,Americas,1968,CAN,20734119,18297,72.2375,NA,NA,NA,4.0552998,6.6,0.814
Canada,Americas,1969,CAN,21037563,18988,72.3957,NA,NA,NA,4.5615587,6.6,0.812
Canada,Americas,1970,CAN,21439963,19207,72.6092,NA,NA,NA,3.3460398,6.6200004,0.823
Canada,Americas,1971,CAN,21895650,20024,72.9489,NA,NA,NA,2.7049181,6.47,0.825
Canada,Americas,1972,CAN,22230830,20837,72.8259,NA,NA,NA,4.9880285,6.47,0.827
Canada,Americas,1973,CAN,22512184,22058,73.0691,NA,NA,NA,7.487647,6.6699996,0.834
Canada,Americas,1974,CAN,22824046,22643,73.1423,NA,NA,NA,10.997171,6.6699996,0.826
Canada,Americas,1975,CAN,23148920,22819,73.4485,23.71977809,25.0097732,NA,10.672189,7.4199996,0.826
Canada,Americas,1976,CAN,23455739,23754,73.87,23.79126793,25.06485739,NA,7.5417385,6.85,0.826
Canada,Americas,1977,CAN,23730289,24265,74.1536,23.86072179,25.11888449,NA,7.976445,6.5399995,0.826
Canada,Americas,1978,CAN,23978689,24994,74.4822,23.92918538,25.1730071,NA,8.973723,6.7000003,0.826
Canada,Americas,1979,CAN,24237129,25775,74.8362,23.99863858,25.22888026,NA,9.144677,7.16,0.828
Canada,Americas,1980,CAN,24533733,25784,75.0612,24.07021759,25.2867825,NA,10.129221,7.63,0.829
Canada,Americas,1981,CAN,24844926,26256,75.4816,24.14691494,25.34851361,NA,12.471612,7.08,0.829
Canada,Americas,1982,CAN,25140108,25151,75.6923,24.22836974,25.41386061,NA,10.768971,7.0200005,0.829
Canada,Americas,1983,CAN,25412558,25625,76.0662,24.3142783,25.48220826,NA,5.863588,7.39,0.829
Canada,Americas,1984,CAN,25670330,26836,76.3553,24.40404247,25.55385177,NA,4.304778,7.75,0.837
Canada,Americas,1985,CAN,25927419,28025,76.3479,24.49727653,25.6289376,NA,3.9620306,7.66,0.835
Canada,Americas,1986,CAN,26210985,28472,76.4911,24.59236597,25.70623586,NA,4.194786,7.8199997,0.835
Canada,Americas,1987,CAN,26540862,29246,76.7975,24.68916991,25.78521683,NA,4.3561087,8.06,0.835
Canada,Americas,1988,CAN,26927889,30275,76.8618,24.78717423,25.86617902,NA,4.028234,8.91,0.835
Canada,Americas,1989,CAN,27365995,30458,77.1239,24.88616436,25.94917205,NA,4.983622,9.52,0.837
Canada,Americas,1990,CAN,27789386,30082,77.4333,24.98579606,26.03417126,NA,4.780477,9.309999,0.837
Canada,Americas,1991,CAN,28157104,29151.697,77.5939,25.08773974,26.12090669,10.316,5.625864,9.15,0.837
Canada,Americas,1992,CAN,28500013,29141.191,77.8525,25.19133203,26.20916537,11.197,1.4901329,9.25,0.832
Canada,Americas,1993,CAN,28830582,29657.574,77.7251,25.29593977,26.2979676,11.377,1.8650794,9.6,0.832
Canada,Americas,1994,CAN,29147326,30745.822,77.9007,25.40051744,26.38630886,10.395,0.16556291,9.63,0.841
Canada,Americas,1995,CAN,29459088,31330.72,78.0206,25.50447782,26.47330306,9.489,2.1487603,9.91,0.841
Canada,Americas,1996,CAN,29767159,31594.242,78.272,25.60823653,26.55935044,9.62,1.5705311,10.440001,0.847
Canada,Americas,1997,CAN,30059030,32709.691,78.4649,25.71065273,26.6439663,9.101,1.6212164,11.26,0.844
Canada,Americas,1998,CAN,30329929,33785.746,78.6741,25.81020194,26.72706573,8.279,0.9959425,11.46,0.842
Canada,Americas,1999,CAN,30599404,35345.723,78.8851,25.90623208,26.80834629,7.583,1.7348429,11.900001,0.842
Canada,Americas,2000,CAN,30891756,36942.562,79.233,25.99758282,26.88792163,6.829,2.71944,12.8,0.843
Canada,Americas,2001,CAN,31213533,37307.207,79.4494,26.0815589,26.9638172,7.219,2.5251203,12.76,0.838
Canada,Americas,2002,CAN,31535531,38123.99,79.5658,26.15830306,27.03466447,7.665,2.2583945,13.12,0.831
Canada,Americas,2003,CAN,31836434,38559.977,79.7363,26.22780414,27.10012372,7.574,2.7585633,13.259999,0.831
Canada,Americas,2004,CAN,32132620,39491.57,80.029,26.2909195,27.16022092,7.185,1.8572587,13.63,0.83
Canada,Americas,2005,CAN,32440126,40485.02,80.131,26.34834303,27.214071,6.758,2.213552,14.219999,0.829
Canada,Americas,2006,CAN,32759122,41247.15,80.5398,26.40056581,27.26199086,6.484,2.0020254,14.38,0.834
Canada,Americas,2007,CAN,33092121,41806.863,80.5422,26.44888931,27.30392768,6.156,2.138384,14.46,0.834
Canada,Americas,2008,CAN,33449040,41896.426,80.7304,26.49344377,27.33966953,6.284,2.3702707,13.68,0.832
Canada,Americas,2009,CAN,33826322,40312.62,81.0648,26.53477723,27.36879711,8.46,0.2994668,11.91,0.833
Canada,Americas,2010,CAN,34196847,41209.426,81.3363,26.57243243,27.39109928,8.178,1.7768716,12.58,0.833
Canada,Americas,2011,CAN,34555403,42197,81.5133,26.60673484,27.40769719,7.637,2.9121351,12.4,0.818
Canada,Americas,2012,CAN,34922466,42476.344,81.7037,26.63871399,27.41932724,7.392,1.5156783,11.79,0.814
Canada,Americas,2013,CAN,35293366,43008.83,81.7852,26.67003405,27.42854023,7.143,0.9382919,11.77,0.817
Canada,Americas,2014,CAN,35634224,43800.64,81.8373,26.7014865,27.43701704,7.023,1.9066359,11.66,0.812
Canada,Americas,2015,CAN,35962183,43761.527,81.9084,26.73270436,27.44537476,6.945,1.1252414,11.75,0.814
Canada,Americas,2016,CAN,36353292,43702.08,82.0301,26.76370753,27.45423618,7.038,1.4287596,10.440001,0.837
Canada,Americas,2017,CAN,36808448,44493.652,81.9195,NA,NA,6.426,1.5968841,10.78,0.84
Canada,Americas,2018,CAN,37294942,45087.887,81.9247,NA,NA,5.837,2.2682257,10.67,0.84
Canada,Americas,2019,CAN,37782884,45284.215,82.2848,NA,NA,5.69,1.949269,NA,0.851
Canada,Americas,2020,CAN,38171851,42493.63,81.6536,NA,NA,9.657,0.71699965,NA,0.849
Canada,Americas,2021,CAN,38454011,44379.594,81.976,NA,NA,7.527,3.395193,NA,0.846
Canada,Americas,2022,CAN,38821209,45529.645,81.2493,NA,NA,5.28,6.802801,11.93,0.847
Canada,Americas,2023,CAN,39299053,NA,82.6302,NA,NA,5.366,3.8790016,11.91,0.848
Central African Republic,Africa,1952,CAF,1484777,1369,36.2463,NA,NA,NA,NA,NA,0.139
Central African Republic,Africa,1953,CAF,1508907,1400,36.6366,NA,NA,NA,NA,NA,0.14
Central African Republic,Africa,1954,CAF,1533718,1431,37.0361,NA,NA,NA,NA,NA,0.14
Central African Republic,Africa,1955,CAF,1559326,1462,37.4395,NA,NA,NA,NA,NA,0.14
Central African Republic,Africa,1956,CAF,1585800,1492,37.8372,NA,NA,NA,NA,NA,0.148
Central African Republic,Africa,1957,CAF,1613233,1522,38.2503,NA,NA,NA,NA,NA,0.213
Central African Republic,Africa,1958,CAF,1641622,1553,38.6722,NA,NA,NA,NA,NA,0.215
Central African Republic,Africa,1959,CAF,1671289,1581,39.102,NA,NA,NA,NA,NA,0.218
Central African Republic,Africa,1960,CAF,1702307,1567,39.5724,NA,NA,NA,NA,NA,0.218
Central African Republic,Africa,1961,CAF,1734534,1597,40.0563,NA,NA,NA,NA,NA,0.26
Central African Republic,Africa,1962,CAF,1768073,1525,40.5622,NA,NA,NA,NA,NA,0.254
Central African Republic,Africa,1963,CAF,1803022,1492,41.0897,NA,NA,NA,NA,NA,0.218
Central African Republic,Africa,1964,CAF,1839541,1486,41.6398,NA,NA,NA,NA,NA,0.178
Central African Republic,Africa,1965,CAF,1877805,1466,42.2069,NA,NA,NA,NA,NA,0.179
Central African Republic,Africa,1966,CAF,1918043,1427,42.7869,NA,NA,NA,NA,NA,0.092
Central African Republic,Africa,1967,CAF,1960401,1452,43.3793,NA,NA,NA,NA,NA,0.092
Central African Republic,Africa,1968,CAF,2005058,1435,43.9795,NA,NA,NA,NA,NA,0.092
Central African Republic,Africa,1969,CAF,2051472,1476,44.5795,NA,NA,NA,NA,NA,0.092
Central African Republic,Africa,1970,CAF,2097467,1508,45.1758,NA,NA,NA,NA,NA,0.091
Central African Republic,Africa,1971,CAF,2141413,1427,45.7641,NA,NA,NA,NA,NA,0.091
Central African Republic,Africa,1972,CAF,2183732,1368,46.3321,NA,NA,NA,NA,NA,0.091
Central African Republic,Africa,1973,CAF,2225953,1403,46.8838,NA,NA,NA,NA,NA,0.091
Central African Republic,Africa,1974,CAF,2269300,1333,47.4054,NA,NA,NA,NA,NA,0.091
Central African Republic,Africa,1975,CAF,2313873,1323,47.8924,19.04415061,19.02822081,NA,NA,NA,0.091
Central African Republic,Africa,1976,CAF,2348523,1345,48.3554,19.18752007,19.14202162,NA,NA,NA,0.091
Central African Republic,Africa,1977,CAF,2372890,1417,48.7784,19.32466026,19.25250118,NA,NA,NA,0.088
Central African Republic,Africa,1978,CAF,2397910,1398,49.1615,19.45662993,19.36000956,NA,NA,NA,0.088
Central African Republic,Africa,1979,CAF,2423744,1326,49.4997,19.58394075,19.46472985,NA,NA,NA,0.091
Central African Republic,Africa,1980,CAF,2450485,1234,49.7894,19.70750642,19.56664879,NA,NA,NA,0.164
Central African Republic,Africa,1981,CAF,2478369,1219,50.0284,19.82683666,19.66636663,NA,-0.033333335,NA,0.185
Central African Republic,Africa,1982,CAF,2507321,1208,50.2126,19.9434751,19.76336742,NA,13.296099,NA,0.107
Central African Republic,Africa,1983,CAF,2537365,1105,50.3422,20.05799613,19.8587206,NA,14.612611,NA,0.107
Central African Republic,Africa,1984,CAF,2568562,1146,50.4269,20.1712078,19.95202534,NA,2.5422096,NA,0.107
Central African Republic,Africa,1985,CAF,2600894,1148,50.463,20.28358778,20.04352903,NA,10.4238405,NA,0.107
Central African Republic,Africa,1986,CAF,2634204,1162,50.4446,20.39474573,20.13288679,NA,2.2451525,NA,0.12
Central African Republic,Africa,1987,CAF,2669098,1079,50.3715,20.5052765,20.22024577,NA,-6.9868026,NA,0.18
Central African Republic,Africa,1988,CAF,2713912,1073,50.2429,20.61569515,20.30564138,NA,-3.9644687,NA,0.199
Central African Republic,Africa,1989,CAF,2783930,1070,50.0744,20.7266797,20.3893042,NA,0.6890558,NA,0.199
Central African Republic,Africa,1990,CAF,2871873,1023,49.8543,20.83765184,20.47079441,NA,-0.012330457,NA,0.224
Central African Republic,Africa,1991,CAF,2963149,1006.9958,49.5748,20.94713949,20.54872521,5.561,-2.7623627,NA,0.248
Central African Republic,Africa,1992,CAF,3058793,965.19336,49.2128,21.05517103,20.62263478,5.672,-1.0336081,21.98,0.289
Central African Republic,Africa,1993,CAF,3157792,933.0602,48.8994,21.16245074,20.69350264,5.735,-2.9153585,NA,0.345
Central African Republic,Africa,1994,CAF,3257896,952.0174,48.5087,21.26993091,20.76161675,5.757,24.571014,NA,0.353
Central African Republic,Africa,1995,CAF,3348007,978.55664,48.1087,21.3784298,20.82749652,5.709,19.189404,NA,0.353
Central African Republic,Africa,1996,CAF,3435931,885.8864,47.6995,21.48873655,20.89210911,5.676,3.724941,NA,0.353
Central African Republic,Africa,1997,CAF,3531649,917.48,47.2836,21.60076936,20.95546832,5.633,1.6113135,NA,0.353
Central African Republic,Africa,1998,CAF,3628796,936.2383,47.0892,21.71510874,21.01888568,5.602,-1.885201,NA,0.352
Central African Republic,Africa,1999,CAF,3729400,967.8432,46.9095,21.83158045,21.08173283,5.593,-1.4142022,NA,0.344
Central African Republic,Africa,2000,CAF,3833380,963.94617,46.6095,21.95000155,21.14436186,5.546,3.2034009,NA,0.341
Central African Republic,Africa,2001,CAF,3919444,952.5118,46.7338,22.06931709,21.20691413,5.589,3.8348606,NA,0.341
Central African Republic,Africa,2002,CAF,4006035,928.77167,46.8395,22.18922811,21.27020681,5.625,2.3318172,NA,0.341
Central African Republic,Africa,2003,CAF,4103038,845.50555,47.3059,22.30892161,21.33338178,5.631,4.134709,28.09,0.246
Central African Republic,Africa,2004,CAF,4192786,853.182,47.6964,22.42746045,21.39679204,5.56,-2.066406,NA,0.22
Central African Republic,Africa,2005,CAF,4288762,858.5237,48.207,22.54462769,21.45943096,5.53,2.8835208,NA,0.293
Central African Republic,Africa,2006,CAF,4377527,881.48517,48.6867,22.66053253,21.52104062,5.46,6.695265,NA,0.34
Central African Republic,Africa,2007,CAF,4462730,897.47833,49.3267,22.775648,21.58143152,5.419,0.9599176,NA,0.34
Central African Republic,Africa,2008,CAF,4558941,901.8513,49.8728,22.8896149,21.63968712,5.372,9.258951,30.84,0.34
Central African Republic,Africa,2009,CAF,4529009,898.7005,14.6655,23.00258636,21.69567773,5.463,3.5212622,NA,0.34
Central African Republic,Africa,2010,CAF,4492954,910.31036,46.8707,23.11433997,21.75007536,5.585,1.4910237,NA,0.341
Central African Republic,Africa,2011,CAF,4564986,909,50.107,23.22594216,21.80370333,5.551,1.1944758,NA,0.319
Central African Republic,Africa,2012,CAF,4610805,916,51.3355,23.33733216,21.85770257,5.52,5.478296,NA,0.318
Central African Republic,Africa,2013,CAF,4642385,567,49.4871,23.44849868,21.91191039,5.56,6.9887934,NA,0.27
Central African Republic,Africa,2014,CAF,4623146,561,40.2652,23.55951723,21.96709178,5.685,14.8986845,NA,0.281
Central African Republic,Africa,2015,CAF,4629279,576,51.9338,23.6709651,22.02261212,5.871,1.4029702,NA,0.283
Central African Republic,Africa,2016,CAF,4713609,592.92346,50.9988,23.78232058,22.07918352,5.904,4.9454327,NA,0.395
Central African Republic,Africa,2017,CAF,4793464,608.28564,45.2315,NA,NA,5.969,4.180723,NA,0.395
Central African Republic,Africa,2018,CAF,4878612,619.18744,52.2973,NA,NA,5.896,1.6121569,NA,0.406
Central African Republic,Africa,2019,CAF,4944659,623.5598,31.5302,NA,NA,5.978,2.6853735,NA,0.379
Central African Republic,Africa,2020,CAF,5026583,613.78937,50.5959,NA,NA,6.556,1.7101566,NA,0.377
Central African Republic,Africa,2021,CAF,5112047,606.85913,40.2791,NA,NA,6.676,4.259364,NA,0.34
Central African Republic,Africa,2022,CAF,5097987,596.393,18.8177,NA,NA,6.337,5.5831676,15.440001,0.328
Central African Republic,Africa,2023,CAF,5152373,NA,57.4077,NA,NA,6.286,2.9791386,15.440001,0.305
Chad,Africa,1952,TCD,2616253,851,35.8555,NA,NA,NA,NA,NA,0.146
Chad,Africa,1953,TCD,2663733,870,36.2833,NA,NA,NA,NA,NA,0.145
Chad,Africa,1954,TCD,2712954,888,36.7859,NA,NA,NA,NA,NA,0.145
Chad,Africa,1955,TCD,2764201,907,37.3461,NA,NA,NA,NA,NA,0.145
Chad,Africa,1956,TCD,2817613,926,37.9189,NA,NA,NA,NA,NA,0.145
Chad,Africa,1957,TCD,2873051,945,38.333,NA,NA,NA,NA,NA,0.246
Chad,Africa,1958,TCD,2930323,966,38.7392,NA,NA,NA,NA,NA,0.274
Chad,Africa,1959,TCD,2989277,983,38.9612,NA,NA,NA,NA,NA,0.271
Chad,Africa,1960,TCD,3049786,974,39.2157,NA,NA,NA,NA,NA,0.213
Chad,Africa,1961,TCD,3111912,971,39.4211,NA,NA,NA,NA,NA,0.257
Chad,Africa,1962,TCD,3175551,1004,39.6075,NA,NA,NA,NA,NA,0.208
Chad,Africa,1963,TCD,3240864,972,39.8927,NA,NA,NA,NA,NA,0.193
Chad,Africa,1964,TCD,3307441,929,40.1203,NA,NA,NA,NA,NA,0.194
Chad,Africa,1965,TCD,3374170,913,40.05,NA,NA,NA,NA,NA,0.194
Chad,Africa,1966,TCD,3440856,878,40.0887,NA,NA,NA,NA,NA,0.194
Chad,Africa,1967,TCD,3508474,866,40.393,NA,NA,NA,NA,NA,0.194
Chad,Africa,1968,TCD,3578183,843,40.7015,NA,NA,NA,NA,NA,0.193
Chad,Africa,1969,TCD,3651069,881,41.0187,NA,NA,NA,NA,NA,0.192
Chad,Africa,1970,TCD,3727795,880,41.3855,NA,NA,NA,NA,NA,0.194
Chad,Africa,1971,TCD,3807281,877,40.8688,NA,NA,NA,NA,NA,0.194
Chad,Africa,1972,TCD,3893204,800,41.9221,NA,NA,NA,NA,NA,0.188
Chad,Africa,1973,TCD,3985865,746,42.3987,NA,NA,NA,NA,NA,0.188
Chad,Africa,1974,TCD,4078317,829,42.6007,NA,NA,NA,NA,NA,0.188
Chad,Africa,1975,TCD,4167183,952,42.7364,18.2131159,18.75689122,NA,NA,NA,0.117
Chad,Africa,1976,TCD,4251245,918,42.6865,18.34651352,18.87781042,NA,NA,NA,0.091
Chad,Africa,1977,TCD,4331614,830,42.8839,18.47739014,18.99803344,NA,NA,NA,0.091
Chad,Africa,1978,TCD,4411325,808,43.0167,18.60575862,19.1175778,NA,NA,NA,0.091
Chad,Africa,1979,TCD,4505343,622,43.2392,18.73172959,19.23606002,NA,NA,NA,0.091
Chad,Africa,1980,TCD,4515416,583,43.4522,18.85542108,19.3535099,NA,NA,NA,0.09
Chad,Africa,1981,TCD,4520919,521,43.4968,18.97255234,19.46734984,NA,NA,NA,0.09
Chad,Africa,1982,TCD,4738432,524,43.9105,19.08414554,19.57703726,NA,NA,NA,0.08
Chad,Africa,1983,TCD,4979076,577,44.4456,19.19124408,19.68399962,NA,NA,NA,0.08
Chad,Africa,1984,TCD,5045104,601,44.7316,19.29458997,19.78825364,NA,20.250896,NA,0.08
Chad,Africa,1985,TCD,5096226,642,45.3147,19.39458345,19.88940763,NA,5.153999,NA,0.08
Chad,Africa,1986,TCD,5251031,662,45.598,19.49189164,19.98810522,NA,-13.056573,NA,0.08
Chad,Africa,1987,TCD,5438268,663,43.071,19.58697137,20.08418776,NA,-5.9748425,NA,0.08
Chad,Africa,1988,TCD,5625553,692,46.3521,19.6806476,20.17797864,NA,15.477518,NA,0.08
Chad,Africa,1989,TCD,5819543,685,46.4337,19.77298168,20.2695836,NA,-3.6891346,NA,0.08
Chad,Africa,1990,TCD,5982793,692,45.0738,19.86486942,20.35969557,NA,-0.73828226,NA,0.126
Chad,Africa,1991,TCD,6205631,703.28375,46.5959,19.95569439,20.44779893,0.669,3.1938748,NA,0.169
Chad,Africa,1992,TCD,6474612,698.739,46.7769,20.04578714,20.53344005,0.66,-3.1130307,NA,0.174
Chad,Africa,1993,TCD,6629100,680.80054,47.0023,20.13554644,20.61751794,0.7,-8.427934,NA,0.174
Chad,Africa,1994,TCD,6783407,713.8271,47.0796,20.22560896,20.69989196,0.711,41.724895,NA,0.174
Chad,Africa,1995,TCD,7089011,700.70764,47.4533,20.31728127,20.78091426,0.751,9.230326,NA,0.174
Chad,Africa,1996,TCD,7410061,694.10504,47.5508,20.41092867,20.86101474,0.701,11.330879,NA,0.224
Chad,Africa,1997,TCD,7670327,719.15314,47.7622,20.50648659,20.94054954,0.732,5.572257,NA,0.282
Chad,Africa,1998,TCD,7938791,753.8608,47.8024,20.60449453,21.02093167,0.727,4.258851,NA,0.283
Chad,Africa,1999,TCD,8222655,733.78125,47.9336,20.70462979,21.1012027,0.752,-8.02506,NA,0.283
Chad,Africa,2000,TCD,8512037,716.04236,47.937,20.80568646,21.18090442,0.792,3.8226008,NA,0.285
Chad,Africa,2001,TCD,8804068,783.0552,48.3056,20.90626159,21.2598872,0.789,12.431287,NA,0.282
Chad,Africa,2002,TCD,9116146,831.82916,48.3596,21.00458252,21.33819022,0.768,5.1918187,14.290001,0.28
Chad,Africa,2003,TCD,9487772,925.51263,48.6095,21.09982591,21.41601846,0.728,-1.7525694,14.290001,0.28
Chad,Africa,2004,TCD,9919974,1200.2726,48.6865,21.19102728,21.49154303,0.679,-5.3554,NA,0.282
Chad,Africa,2005,TCD,10328047,1266.105,48.86,21.27730206,21.56335276,0.67,7.8903656,NA,0.281
Chad,Africa,2006,TCD,10706385,1225.5164,48.7467,21.35884344,21.63103505,0.716,8.036289,NA,0.281
Chad,Africa,2007,TCD,11081609,1422.3408,49.2102,21.43583129,21.69378272,0.829,-8.97474,NA,0.277
Chad,Africa,2008,TCD,11476247,1422.2312,49.5034,21.50793048,21.75058041,0.904,10.296976,NA,0.28
Chad,Africa,2009,TCD,11893711,1533.1794,49.8275,21.57511577,21.80030514,0.903,9.952423,NA,0.28
Chad,Africa,2010,TCD,12312535,1720.3344,50.1067,21.63828966,21.84304352,0.873,-2.0778658,NA,0.283
Chad,Africa,2011,TCD,12754948,1661,50.4258,21.69843523,21.88114582,0.899,2.0292406,15.59,0.283
Chad,Africa,2012,TCD,13210954,1742.654,50.7651,21.75567026,21.91528831,0.893,7.5166235,NA,0.281
Chad,Africa,2013,TCD,13691034,1776.092,51.0508,21.81172693,21.94809306,0.942,0.22267157,NA,0.279
Chad,Africa,2014,TCD,14188639,1829.8347,51.1411,21.86747939,21.98147914,0.926,1.6819731,NA,0.278
Chad,Africa,2015,TCD,14647574,1802.3212,51.3196,21.92290168,22.0155931,0.968,4.3771267,NA,0.281
Chad,Africa,2016,TCD,15114606,1648.0383,51.6027,21.97868164,22.05057441,1.044,-0.79244053,NA,0.281
Chad,Africa,2017,TCD,15622715,1555.7141,51.8747,NA,NA,1.116,-1.5370996,NA,0.267
Chad,Africa,2018,TCD,16156480,1541.4716,52.4467,NA,NA,1.135,4.274622,NA,0.267
Chad,Africa,2019,TCD,16685179,1543.8029,52.9927,NA,NA,1.081,-0.97193915,NA,0.273
Chad,Africa,2020,TCD,17224636,1463.5312,53.0818,NA,NA,1.693,4.464144,NA,0.27
Chad,Africa,2021,TCD,17828225,1402.6732,53.1362,NA,NA,1.511,-0.7728444,NA,0.177
Chad,Africa,2022,TCD,18455270,1393.5635,54.5275,NA,NA,1.104,5.788027,12.630001,0.146
Chad,Africa,2023,TCD,19319025,NA,55.0692,NA,NA,1.082,10.836357,12.630001,0.147
Chile,Americas,1952,CHL,6891938,6252,53.929,NA,NA,NA,NA,NA,0.413
Chile,Americas,1953,CHL,7033491,6582,54.3125,NA,NA,NA,NA,NA,0.421
Chile,Americas,1954,CHL,7180520,6237,54.7141,NA,NA,NA,NA,NA,0.421
Chile,Americas,1955,CHL,7332262,6341,54.9278,NA,NA,NA,NA,NA,0.421
Chile,Americas,1956,CHL,7489485,6285,55.4818,NA,NA,NA,NA,NA,0.421
Chile,Americas,1957,CHL,7651256,6758,55.7734,NA,NA,NA,NA,NA,0.422
Chile,Americas,1958,CHL,7815946,6958,56.2881,NA,NA,NA,NA,NA,0.454
Chile,Americas,1959,CHL,7983376,6409,56.6425,NA,NA,NA,NA,NA,0.52
Chile,Americas,1960,CHL,8153307,6781,57.2163,NA,NA,NA,NA,NA,0.538
Chile,Americas,1961,CHL,8324760,6923,57.3091,NA,NA,NA,NA,NA,0.548
Chile,Americas,1962,CHL,8497007,7071,57.8108,NA,NA,NA,NA,NA,0.549
Chile,Americas,1963,CHL,8670098,7336,58.3487,NA,NA,NA,NA,NA,0.557
Chile,Americas,1964,CHL,8842487,7320,58.8118,NA,NA,NA,NA,NA,0.583
Chile,Americas,1965,CHL,9012896,7208,59.4726,NA,NA,NA,NA,NA,0.586
Chile,Americas,1966,CHL,9181680,7844,60.3733,NA,NA,NA,NA,NA,0.586
Chile,Americas,1967,CHL,9348888,7933,61.0536,NA,NA,NA,NA,NA,0.586
Chile,Americas,1968,CHL,9514669,8053,61.6798,NA,NA,NA,NA,NA,0.586
Chile,Americas,1969,CHL,9680240,8187,62.341,NA,NA,NA,NA,NA,0.588
Chile,Americas,1970,CHL,9845299,8195,62.6344,NA,NA,NA,NA,NA,0.604
Chile,Americas,1971,CHL,10009653,8773,63.0715,NA,NA,NA,20.05223,NA,0.701
Chile,Americas,1972,CHL,10174627,8520,63.717,NA,NA,NA,77.79574,NA,0.689
Chile,Americas,1973,CHL,10340329,7911,64.42,NA,NA,NA,352.81097,NA,0.311
Chile,Americas,1974,CHL,10505769,7857,65.0853,NA,NA,NA,504.73856,NA,0.071
Chile,Americas,1975,CHL,10671519,6731,66.0374,25.32067191,24.468581,NA,374.73526,NA,0.071
Chile,Americas,1976,CHL,10838208,6868,66.8193,25.41539197,24.55459253,NA,211.9243,NA,0.071
Chile,Americas,1977,CHL,11005479,7438,67.5294,25.50800144,24.6392031,NA,91.95413,NA,0.072
Chile,Americas,1978,CHL,11172644,7936,68.0421,25.5983387,24.72275357,NA,40.087223,NA,0.072
Chile,Americas,1979,CHL,11339723,8475,68.8581,25.68682581,24.80569311,NA,33.389217,NA,0.073
Chile,Americas,1980,CHL,11508504,9024,69.4748,25.77349834,24.88808079,NA,35.13834,NA,0.074
Chile,Americas,1981,CHL,11678670,9427,69.8222,25.85641853,24.96835836,NA,19.686832,NA,0.075
Chile,Americas,1982,CHL,11850159,8016,70.291,25.93623845,25.04661065,NA,9.941027,NA,0.075
Chile,Americas,1983,CHL,12026098,7667,70.8302,26.01355751,25.12304,NA,27.257195,NA,0.075
Chile,Americas,1984,CHL,12207683,7992,71.2153,26.08850868,25.19785914,NA,19.860207,NA,0.075
Chile,Americas,1985,CHL,12395228,8024,71.6153,26.16186069,25.27208376,NA,30.703499,NA,0.077
Chile,Americas,1986,CHL,12588885,8325,72.0606,26.23216666,25.34438963,NA,19.476837,NA,0.077
Chile,Americas,1987,CHL,12790094,8721,72.4662,26.29982593,25.41564424,NA,19.880846,NA,0.08
Chile,Americas,1988,CHL,12999380,9199,72.7881,26.36539409,25.48671148,NA,14.684351,NA,0.112
Chile,Americas,1989,CHL,13214962,10005,73.1876,26.42931779,25.55818676,NA,17.027937,NA,0.133
Chile,Americas,1990,CHL,13437138,10203,73.6752,26.4921454,25.62961036,NA,26.036482,NA,0.723
Chile,Americas,1991,CHL,13662434,10746.491,74.0824,26.55514614,25.70218896,5.23,21.784412,NA,0.819
Chile,Americas,1992,CHL,13884526,11773.301,74.3673,26.61821017,25.77549302,4.35,15.425806,NA,0.819
Chile,Americas,1993,CHL,14102219,12296.926,74.6793,26.68148191,25.85038886,4.49,12.727767,NA,0.814
Chile,Americas,1994,CHL,14316210,12692.551,74.973,26.74462193,25.92716076,5.87,11.44312,NA,0.853
Chile,Americas,1995,CHL,14527329,13715.933,75.2984,26.8085387,26.00527164,4.7,8.232631,NA,0.853
Chile,Americas,1996,CHL,14734005,14433.319,75.5548,26.87403959,26.08532417,7.414,7.359118,NA,0.853
Chile,Americas,1997,CHL,14932385,15079.831,75.8262,26.94113952,26.16704114,7.136,6.133865,NA,0.853
Chile,Americas,1998,CHL,15127752,15259.541,76.3241,27.00969318,26.25070745,7.307,5.1102495,NA,0.853
Chile,Americas,1999,CHL,15319256,14846.418,76.7382,27.07929213,26.33601236,11.158,3.3368793,NA,0.851
Chile,Americas,2000,CHL,15503580,15211.623,77.1276,27.14840157,26.42286222,10.491,3.843273,NA,0.879
Chile,Americas,2001,CHL,15683809,15448.009,77.5798,27.2160809,26.51026079,10.39,3.5691006,25.32,0.879
Chile,Americas,2002,CHL,15857882,15509.825,77.8397,27.28301766,26.59929587,10.168,2.4893982,24.3,0.879
Chile,Americas,2003,CHL,16024700,15809.178,77.8841,27.34966535,26.68995462,9.765,2.8101788,23.27,0.879
Chile,Americas,2004,CHL,16187270,16478.973,78.2765,27.41671821,26.78231039,10.162,1.0547388,24.95,0.879
Chile,Americas,2005,CHL,16348730,17137.486,78.4589,27.48463218,26.87642764,9.34,3.0525763,26.62,0.877
Chile,Americas,2006,CHL,16509144,17920.803,78.5328,27.5541092,26.97199935,9.024,3.3920174,28.29,0.893
Chile,Americas,2007,CHL,16671520,18487.9,78.6519,27.62532972,27.06909837,8.427,4.4077992,27.849998,0.893
Chile,Americas,2008,CHL,16838934,18804.03,78.7518,27.69860351,27.16795814,9.285,8.716269,27.42,0.893
Chile,Americas,2009,CHL,17009684,18184.48,78.8901,27.77438332,27.26768325,11.313,0.35304517,27.000002,0.887
Chile,Americas,2010,CHL,17181416,18909.848,79.0954,27.85279261,27.36891517,8.547,1.410711,26.85,0.887
Chile,Americas,2011,CHL,17351762,19705,79.2357,27.93324433,27.47158437,7.492,3.341217,26.730001,0.89
Chile,Americas,2012,CHL,17519067,20690.797,79.2211,28.01461294,27.57494936,6.79,3.0074484,26.519999,0.894
Chile,Americas,2013,CHL,17686958,21171.06,79.5509,28.09702097,27.67873852,6.361,1.7895555,26.320002,0.894
Chile,Americas,2014,CHL,17864143,21337.76,79.7137,28.17938522,27.78297785,6.761,4.718675,26.429998,0.894
Chile,Americas,2015,CHL,18047575,21574.018,80.0079,28.26195968,27.8873564,6.605,4.3487735,26.539999,0.888
Chile,Americas,2016,CHL,18267176,21715.713,80.2949,28.34360496,27.99180302,6.926,3.7861936,25.94,0.888
Chile,Americas,2017,CHL,18558817,21709.428,80.6096,NA,NA,7.29,2.1827185,25.34,0.891
Chile,Americas,2018,CHL,18893141,22175.664,80.5594,NA,NA,7.647,2.4348898,24.92,0.871
Chile,Americas,2019,CHL,19197702,21924.408,80.3243,NA,NA,7.533,2.5575447,24.5,0.829
Chile,Americas,2020,CHL,19370563,20205.87,79.3488,NA,NA,11.006,3.0454907,NA,0.835
Chile,Americas,2021,CHL,19456275,22324.96,78.8764,NA,NA,9.325,4.5245686,NA,0.839
Chile,Americas,2022,CHL,19552984,22740.72,79.1762,NA,NA,8.299,11.643867,22.04,0.838
Chile,Americas,2023,CHL,19658791,NA,81.1667,NA,NA,9.037,7.5816827,22.04,0.837
China,Asia,1952,CHN,565131382,1047,45.3416,NA,NA,NA,NA,NA,0.075
China,Asia,1953,CHN,577557087,1157,45.9092,NA,NA,NA,NA,NA,0.075
China,Asia,1954,CHN,590113816,1049,46.763,NA,NA,NA,NA,NA,0.074
China,Asia,1955,CHN,603546968,1119,47.2366,NA,NA,NA,NA,NA,0.074
China,Asia,1956,CHN,616558539,1189,47.8067,NA,NA,NA,NA,NA,0.073
China,Asia,1957,CHN,630356163,1195,48.3776,NA,NA,NA,NA,NA,0.07
China,Asia,1958,CHN,644219437,1173,48.8336,NA,NA,NA,NA,NA,0.07
China,Asia,1959,CHN,652708165,1117,40.1699,NA,NA,NA,NA,NA,0.07
China,Asia,1960,CHN,654802013,1057,33.419,NA,NA,NA,NA,NA,0.07
China,Asia,1961,CHN,655773420,874,40.1583,NA,NA,NA,NA,NA,0.07
China,Asia,1962,CHN,665073645,926,50.9594,NA,NA,NA,NA,NA,0.07
China,Asia,1963,CHN,684552592,1034,51.6698,NA,NA,NA,NA,NA,0.07
China,Asia,1964,CHN,704798214,1152,52.3425,NA,NA,NA,NA,NA,0.07
China,Asia,1965,CHN,723415690,1253,53.0009,NA,NA,NA,NA,NA,0.07
China,Asia,1966,CHN,742402158,1261,53.6624,NA,NA,NA,NA,NA,0.071
China,Asia,1967,CHN,761025974,1237,54.4005,NA,NA,NA,NA,NA,0.071
China,Asia,1968,CHN,781010987,1178,55.1908,NA,NA,NA,NA,NA,0.071
China,Asia,1969,CHN,802140300,1264,55.9878,NA,NA,NA,NA,NA,0.069
China,Asia,1970,CHN,823308913,1398,56.8241,NA,NA,NA,NA,NA,0.068
China,Asia,1971,CHN,844069819,1446,57.7312,NA,NA,NA,NA,NA,0.068
China,Asia,1972,CHN,863677753,1431,58.5789,NA,NA,NA,NA,NA,0.068
China,Asia,1973,CHN,882576897,1513,59.4961,NA,NA,NA,NA,NA,0.07
China,Asia,1974,CHN,900307531,1519,60.2408,NA,NA,NA,NA,NA,0.07
China,Asia,1975,CHN,916116747,1594,60.952,21.26967863,20.89856909,NA,NA,NA,0.07
China,Asia,1976,CHN,930372242,1519,61.225,21.30923069,20.95391576,NA,NA,NA,0.07
China,Asia,1977,CHN,943546327,1583,62.458,21.35296897,21.01225534,NA,NA,NA,0.069
China,Asia,1978,CHN,956161425,1744,63.1016,21.40044969,21.07288781,NA,NA,NA,0.076
China,Asia,1979,CHN,969288020,1859,63.7043,21.45099492,21.13499793,NA,NA,6.7599998,0.093
China,Asia,1980,CHN,983163494,1930,64.2433,21.50339951,21.19858227,NA,NA,6.79,0.098
China,Asia,1981,CHN,997721024,1962,64.7779,21.55994783,21.26469907,NA,NA,6.99,0.098
China,Asia,1982,CHN,1013588115,2128,65.2494,21.61972539,21.33340459,NA,NA,7.2599998,0.098
China,Asia,1983,CHN,1029064904,2227,65.7285,21.68227893,21.4043165,NA,NA,7.53,0.098
China,Asia,1984,CHN,1043849592,2444,66.1478,21.74498486,21.47567182,NA,NA,7.74,0.098
China,Asia,1985,CHN,1059807770,2619,66.5319,21.80654323,21.54583503,NA,NA,8.5,0.098
China,Asia,1986,CHN,1077233559,2748,66.8873,21.86546081,21.61376742,NA,NA,8.84,0.103
China,Asia,1987,CHN,1096217389,2931,67.263,21.92081648,21.67916437,NA,7.2338357,8.33,0.104
China,Asia,1988,CHN,1115244112,3045,67.6071,21.97256103,21.74241978,NA,18.811817,8.24,0.104
China,Asia,1989,CHN,1133990957,3022,67.9303,22.01990412,21.80276303,NA,18.245638,8.91,0.101
China,Asia,1990,CHN,1153582668,2982,68.1547,22.06285827,21.86010268,NA,3.0522902,8.76,0.094
China,Asia,1991,CHN,1170788481,3051.3152,68.6099,22.10456302,21.91800892,2.37,3.5566857,8.72,0.094
China,Asia,1992,CHN,1184574195,3227.7441,69.0587,22.145746,21.97862058,2.37,6.3539815,9.5,0.097
China,Asia,1993,CHN,1197308522,3506.48,69.4924,22.18711029,22.04096159,2.69,14.610079,9.440001,0.101
China,Asia,1994,CHN,1209003049,3730.164,69.8355,22.22780457,22.10355401,2.9,24.25699,9.92,0.101
China,Asia,1995,CHN,1220133877,3999.7292,70.3631,22.26906222,22.16659986,3,16.791225,9.440001,0.102
China,Asia,1996,CHN,1230944759,4219.644,70.8225,22.31068637,22.23122143,3.12,8.31316,9.700001,0.102
China,Asia,1997,CHN,1241139564,4310.828,71.2271,22.35308927,22.29636364,3.23,2.7864652,9.660001,0.102
China,Asia,1998,CHN,1250847078,4309.847,71.6014,22.39673529,22.36252661,3.24,-0.773186,10.1,0.102
China,Asia,1999,CHN,1260176600,4466.7363,71.9519,22.441661,22.42965226,3.25,-1.4014727,10.38,0.102
China,Asia,2000,CHN,1269581120,4730.3545,72.2885,22.48811066,22.49666789,3.26,0.34781122,10.849999,0.101
China,Asia,2001,CHN,1278725010,4995.1445,72.6755,22.53866199,22.56697911,3.8,0.7191256,10.9800005,0.101
China,Asia,2002,CHN,1286866794,5343.1123,73.0339,22.59350727,22.64218073,4.24,-0.7319709,13.05,0.102
China,Asia,2003,CHN,1294517277,5649.4634,73.3853,22.65243426,22.7231744,4.58,1.1276035,13.58,0.102
China,Asia,2004,CHN,1302100264,6067.5913,73.7274,22.71580157,22.80964132,4.49,3.8246374,14.5199995,0.103
China,Asia,2005,CHN,1310027084,6626.592,74.085,22.78308903,22.9021595,4.52,1.776414,14.54,0.094
China,Asia,2006,CHN,1318053984,7271.0356,74.4037,22.85465638,23.00159503,4.43,1.649431,15.000001,0.094
China,Asia,2007,CHN,1325813524,7895.713,74.7886,22.92994084,23.10676032,4.35,4.8167677,15.73,0.094
China,Asia,2008,CHN,1333820960,8190.1123,74.8333,23.00707164,23.21594156,4.59,5.9252515,15.389999,0.095
China,Asia,2009,CHN,1342522666,8734.041,75.3174,23.085025,23.33035212,4.72,-0.72816527,16.210001,0.094
China,Asia,2010,CHN,1351561462,9658.419,75.6679,23.16244451,23.44923811,4.53,3.1753247,15.440001,0.094
China,Asia,2011,CHN,1360250601,10221,75.8891,23.23847663,23.57391257,4.55,5.553899,15.16,0.094
China,Asia,2012,CHN,1369520822,10946.834,76.2,23.31287235,23.70453322,4.58,2.6195242,15.25,0.094
China,Asia,2013,CHN,1379007984,11731.295,76.4521,23.38583275,23.84128089,4.6,2.6210501,14.23,0.086
China,Asia,2014,CHN,1387951920,12515.198,76.7143,23.45685224,23.98322938,4.63,1.9216416,14.53,0.084
China,Asia,2015,CHN,1396134112,13325.432,76.9755,23.52585449,24.12940796,4.65,1.4370238,14.97,0.082
China,Asia,2016,CHN,1404052581,14138.955,77.214,23.59199764,24.27643908,4.56,2.000002,15.41,0.08
China,Asia,2017,CHN,1412354694,15030.447,77.2353,NA,NA,4.47,1.593136,NA,0.078
China,Asia,2018,CHN,1419008910,15977.008,77.709,NA,NA,4.31,2.0747905,NA,0.077
China,Asia,2019,CHN,1423520298,16879.54,77.9396,NA,NA,4.56,2.899234,NA,0.075
China,Asia,2020,CHN,1426106040,17225.969,78.0191,NA,NA,5,2.419422,NA,0.075
China,Asia,2021,CHN,1426437224,18666.605,78.1166,NA,NA,4.55,0.98101515,NA,0.077
China,Asia,2022,CHN,1425179509,19238.18,78.2021,NA,NA,4.98,1.9735756,15.98,0.075
China,Asia,2023,CHN,1422584878,NA,77.9529,NA,NA,4.67,0.23483683,15.77,0.074
Colombia,Americas,1952,COL,12405805,3529,49.8149,NA,NA,NA,NA,NA,0.177
Colombia,Americas,1953,COL,12746001,3629,50.6142,NA,NA,NA,NA,NA,0.132
Colombia,Americas,1954,COL,13100788,3759,51.2783,NA,NA,NA,NA,NA,0.099
Colombia,Americas,1955,COL,13473009,3783,51.9303,NA,NA,NA,NA,NA,0.099
Colombia,Americas,1956,COL,13861760,3811,52.5246,NA,NA,NA,NA,NA,0.099
Colombia,Americas,1957,COL,14270221,3826,54.081,NA,NA,NA,NA,NA,0.1
Colombia,Americas,1958,COL,14693246,3798,54.7166,NA,NA,NA,NA,NA,0.228
Colombia,Americas,1959,COL,15136174,3942,55.8631,NA,NA,NA,NA,NA,0.336
Colombia,Americas,1960,COL,15606155,3980,56.6086,NA,NA,NA,5.8140764,NA,0.349
Colombia,Americas,1961,COL,16095159,4049,57.2025,NA,NA,NA,8.283191,NA,0.353
Colombia,Americas,1962,COL,16598978,4135,57.7368,NA,NA,NA,4.697094,NA,0.356
Colombia,Americas,1963,COL,17113769,4140,58.2961,NA,NA,NA,26.355436,NA,0.357
Colombia,Americas,1964,COL,17637368,4264,58.7695,NA,NA,NA,17.072435,NA,0.356
Colombia,Americas,1965,COL,18169002,4286,59.2469,NA,NA,NA,7.5906835,NA,0.356
Colombia,Americas,1966,COL,18702643,4383,59.7126,NA,NA,NA,16.728168,NA,0.356
Colombia,Americas,1967,COL,19235569,4438,60.1495,NA,NA,NA,8.328192,NA,0.355
Colombia,Americas,1968,COL,19766748,4581,60.5723,NA,NA,NA,7.447539,NA,0.354
Colombia,Americas,1969,COL,20291890,4744,61.031,NA,NA,NA,6.981663,NA,0.353
Colombia,Americas,1970,COL,20811750,4932,61.4646,NA,NA,NA,6.9086227,NA,0.349
Colombia,Americas,1971,COL,21319053,5091,62.0051,NA,NA,NA,11.940262,NA,0.364
Colombia,Americas,1972,COL,21819516,5348,62.5304,NA,NA,NA,12.444459,NA,0.371
Colombia,Americas,1973,COL,22325337,5577,62.9911,NA,NA,NA,22.529648,NA,0.371
Colombia,Americas,1974,COL,22833431,5767,63.4971,NA,NA,NA,23.870956,NA,0.417
Colombia,Americas,1975,COL,23344600,5772,64.0117,22.62422423,21.59093317,NA,23.437502,NA,0.448
Colombia,Americas,1976,COL,23858762,5918,64.6421,22.76913356,21.6944886,NA,19.831224,NA,0.448
Colombia,Americas,1977,COL,24393453,6046,65.2366,22.91227035,21.79732623,NA,33.80282,NA,0.449
Colombia,Americas,1978,COL,24950293,6443,65.8268,23.05409307,21.89960911,NA,17.763159,NA,0.429
Colombia,Americas,1979,COL,25515570,6658,66.1616,23.19412906,22.00194272,NA,24.134075,NA,0.412
Colombia,Americas,1980,COL,26104448,6786,66.6932,23.332648850000002,22.10401861,NA,26.552652,NA,0.409
Colombia,Americas,1981,COL,26713212,6782,67.1895,23.47002076,22.20590432,NA,27.453762,NA,0.409
Colombia,Americas,1982,COL,27338283,6698,67.8614,23.60620585,22.30819289,NA,24.720987,NA,0.411
Colombia,Americas,1983,COL,27988129,6655,68.1211,23.7416249,22.41077237,NA,19.597317,NA,0.47
Colombia,Americas,1984,COL,28642644,6741,68.3081,23.87611333,22.51369956,NA,16.161617,NA,0.46
Colombia,Americas,1985,COL,29268416,6809,65.3591,24.00942822,22.61683443,NA,24.090174,NA,0.458
Colombia,Americas,1986,COL,29879060,7071,68.3034,24.14066662,22.72003413,NA,18.842463,NA,0.45
Colombia,Americas,1987,COL,30499419,7296,68.1659,24.27016694,22.82355485,NA,23.302029,NA,0.448
Colombia,Americas,1988,COL,31130481,7442,68.3012,24.39826211,22.92714201,NA,28.108397,NA,0.449
Colombia,Americas,1989,COL,31776227,7533,68.6156,24.52504102,23.03038213,NA,25.867548,NA,0.449
Colombia,Americas,1990,COL,32440020,7693,68.7008,24.6508122,23.13440697,NA,29.152025,NA,0.472
Colombia,Americas,1991,COL,33098327,7713.022,68.7719,24.77380073,23.23843937,10.12,30.387821,NA,0.513
Colombia,Americas,1992,COL,33760526,7888.1055,68.7643,24.89423264,23.34293792,9.44,27.010626,NA,0.557
Colombia,Americas,1993,COL,34441431,8180.8706,69.0831,25.01153612,23.44808084,7.8,22.442482,NA,0.557
Colombia,Americas,1994,COL,35127363,8447.857,69.4223,25.12505739,23.55430461,8.25,22.846241,NA,0.557
Colombia,Americas,1995,COL,35804622,8735.884,69.8096,25.23513204,23.66138751,8.72,20.891792,NA,0.563
Colombia,Americas,1996,COL,36462687,8770.583,70.2085,25.34066347,23.76896316,11.81,20.797575,NA,0.554
Colombia,Americas,1997,COL,37121106,8952.473,70.632,25.441926080000002,23.87718439,12.14,18.470022,NA,0.554
Colombia,Americas,1998,COL,37792117,8863.262,70.9236,25.538978,23.98606327,15,18.67698,NA,0.544
Colombia,Americas,1999,COL,38454817,8382.14,70.9131,25.63106848,24.095308760000002,20.06,10.873687,NA,0.539
Colombia,Americas,2000,COL,39089879,8496.792,70.905,25.71717921,24.20469284,20.52,9.225348,NA,0.548
Colombia,Americas,2001,COL,39709209,8528.033,71.1853,25.79691359,24.31407977,15.04,7.965561,24.6,0.549
Colombia,Americas,2002,COL,40324632,8630.542,71.5366,25.87093652,24.42383705,14.481,6.351507,24.6,0.538
Colombia,Americas,2003,COL,40937378,8855.218,72.3086,25.93975615,24.53389343,13.221,7.1297884,21.63,0.545
Colombia,Americas,2004,COL,41543134,9211.279,72.7605,26.00490889,24.6441342,13.717,5.90402,23.6,0.546
Colombia,Americas,2005,COL,42128928,9524.723,73.1557,26.06744101,24.7539114,11.062,5.0510197,22.470001,0.551
Colombia,Americas,2006,COL,42691022,10039.684,73.4974,26.12798154,24.86360735,11.091,4.2934237,23.01,0.573
Colombia,Americas,2007,COL,43235327,10602.305,73.7509,26.18752787,24.97403605,11.204,5.544385,23.55,0.589
Colombia,Americas,2008,COL,43758748,10846.737,74.2057,26.24746388,25.08545096,11.273,6.996885,24.09,0.588
Colombia,Americas,2009,COL,44271496,10894.103,74.5306,26.30840333,25.19739373,12.066,4.2025166,23,0.592
Colombia,Americas,2010,COL,44777278,11191.687,74.8757,26.37028447,25.3101021,11.153,2.2720022,23.17,0.626
Colombia,Americas,2011,COL,45259560,11788,75.1803,26.43337235,25.42362106,10.288,3.4150333,24.130001,0.661
Colombia,Americas,2012,COL,45715766,12129.81,75.6106,26.49755998,25.53714981,9.959,3.169302,20.880001,0.664
Colombia,Americas,2013,COL,46151536,12633.481,75.8343,26.56208878,25.65034242,9.246,2.0169923,21.75,0.669
Colombia,Americas,2014,COL,46565374,12981.565,75.949700000000007,26.62678415,25.76383415,8.799,2.8988378,20.45,0.682
Colombia,Americas,2015,COL,46969894,13237.291,76.0665,26.69102002,25.87730931,8.572,4.989831,18.9,0.687
Colombia,Americas,2016,COL,47437468,13367.445,76.2285,26.75453166,25.990732,8.922,7.51346,19.66,0.688
Colombia,Americas,2017,COL,48131023,13380.643,76.4178,NA,NA,9.086,4.3143134,18.3,0.685
Colombia,Americas,2018,COL,49024413,13485.702,76.5791,NA,NA,9.36,3.2405694,19.03,0.67
Colombia,Americas,2019,COL,49907932,13603.993,76.7927,NA,NA,10.28,3.5230193,19.220001,0.659
Colombia,Americas,2020,COL,50629945,12377.135,74.7565,NA,NA,15.983,2.526635,NA,0.645
Colombia,Americas,2021,COL,51188120,13553.399,72.6983,NA,NA,13.898,3.4950576,NA,0.658
Colombia,Americas,2022,COL,51737891,14468.964,76.5081,NA,NA,10.547,10.177232,17.94,0.696
Colombia,Americas,2023,COL,52321104,NA,77.7246,NA,NA,9.565,11.735905,17.94,0.709
Comoros,Africa,1952,COM,168942,559,38.0401,NA,NA,NA,NA,NA,0.067
Comoros,Africa,1953,COM,172568,571,38.3791,NA,NA,NA,NA,NA,0.067
Comoros,Africa,1954,COM,176115,590,38.7048,NA,NA,NA,NA,NA,0.067
Comoros,Africa,1955,COM,179553,596,39.0327,NA,NA,NA,NA,NA,0.067
Comoros,Africa,1956,COM,182919,606,39.3666,NA,NA,NA,NA,NA,0.067
Comoros,Africa,1957,COM,186539,615,39.7391,NA,NA,NA,NA,NA,0.117
Comoros,Africa,1958,COM,190529,618,40.0947,NA,NA,NA,NA,NA,0.118
Comoros,Africa,1959,COM,194254,639,40.4717,NA,NA,NA,NA,NA,0.118
Comoros,Africa,1960,COM,197666,679,40.7774,NA,NA,NA,NA,NA,0.118
Comoros,Africa,1961,COM,201166,671,41.1574,NA,NA,NA,NA,NA,0.118
Comoros,Africa,1962,COM,204668,714,41.5339,NA,NA,NA,NA,NA,0.118
Comoros,Africa,1963,COM,208152,846,41.9093,NA,NA,NA,NA,NA,0.118
Comoros,Africa,1964,COM,211601,888,42.3277,NA,NA,NA,NA,NA,0.118
Comoros,Africa,1965,COM,214933,870,42.6756,NA,NA,NA,NA,NA,0.12
Comoros,Africa,1966,COM,218624,937,43.1525,NA,NA,NA,NA,NA,0.12
Comoros,Africa,1967,COM,223820,952,43.5928,NA,NA,NA,NA,NA,0.12
Comoros,Africa,1968,COM,230210,928,44.1008,NA,NA,NA,NA,NA,0.12
Comoros,Africa,1969,COM,236956,918,44.6434,NA,NA,NA,NA,NA,0.12
Comoros,Africa,1970,COM,244143,961,45.226,NA,NA,NA,NA,NA,0.122
Comoros,Africa,1971,COM,251842,974,45.8488,NA,NA,NA,NA,NA,0.123
Comoros,Africa,1972,COM,260045,966,46.4626,NA,NA,NA,NA,NA,0.124
Comoros,Africa,1973,COM,268782,1006,47.0449,NA,NA,NA,NA,NA,0.148
Comoros,Africa,1974,COM,278041,1004,47.6091,NA,NA,NA,NA,NA,0.148
Comoros,Africa,1975,COM,287662,1038,46.866,19.39109726,19.76796334,NA,NA,NA,0.132
Comoros,Africa,1976,COM,297505,1009,48.6454,19.54893301,19.88934348,NA,NA,NA,0.169
Comoros,Africa,1977,COM,307544,966,49.1703,19.70570392,20.01081806,NA,NA,NA,0.169
Comoros,Africa,1978,COM,317641,964,49.7019,19.861508,20.13162387,NA,NA,NA,0.15
Comoros,Africa,1979,COM,327763,1023,50.126,20.0169542,20.25220973,NA,NA,NA,0.221
Comoros,Africa,1980,COM,337684,1065,50.6809,20.1723551,20.37328594,NA,NA,NA,0.231
Comoros,Africa,1981,COM,347349,1081,51.2105,20.32810159,20.49422578,NA,NA,NA,0.231
Comoros,Africa,1982,COM,357095,1124,51.7497,20.48431884,20.61489885,NA,NA,NA,0.21
Comoros,Africa,1983,COM,367193,1149,52.1207,20.64071634,20.73543934,NA,NA,NA,0.207
Comoros,Africa,1984,COM,377599,1168,52.7843,20.79817954,20.85582125,NA,NA,NA,0.206
Comoros,Africa,1985,COM,388321,1162,53.2626,20.95558012,20.97548017,NA,NA,NA,0.203
Comoros,Africa,1986,COM,399281,1157,53.7556,21.11316004,21.09438357,NA,NA,NA,0.203
Comoros,Africa,1987,COM,410390,1149,54.1339,21.27060231,21.21223542,NA,NA,NA,0.206
Comoros,Africa,1988,COM,421646,1152,54.6778,21.42833415,21.328247,NA,NA,NA,0.207
Comoros,Africa,1989,COM,433056,1108,54.9831,21.58670952,21.44272269,NA,NA,NA,0.207
Comoros,Africa,1990,COM,444556,1092,55.6196,21.74529671,21.55523898,NA,NA,NA,0.395
Comoros,Africa,1991,COM,455521,1101.0035,56.1042,21.89994627,21.6627876,4.834,NA,NA,0.424
Comoros,Africa,1992,COM,465075,1185.5142,56.5762,22.05131405,21.76483848,4.55,NA,NA,0.42
Comoros,Africa,1993,COM,473634,1210.6353,57.0256,22.20016613,21.86163642,4.597,NA,NA,0.345
Comoros,Africa,1994,COM,482096,1136.7435,57.4582,22.34756938,21.95351326,4.593,NA,NA,0.413
Comoros,Africa,1995,COM,490544,1166.9369,57.8299,22.49508681,22.0412917,4.709,NA,28.95,0.409
Comoros,Africa,1996,COM,499069,1141.6016,58.1506,22.64250354,22.12480899,4.813,NA,NA,0.322
Comoros,Africa,1997,COM,507729,1177.5825,58.2281,22.79079181,22.20461993,4.584,NA,NA,0.438
Comoros,Africa,1998,COM,516562,1179.8441,58.3008,22.94013035,22.28110714,4.636,NA,NA,0.442
Comoros,Africa,1999,COM,525846,1189.2567,58.8533,23.09148846,22.35473433,4.558,NA,NA,0.305
Comoros,Africa,2000,COM,536036,1204.4023,58.9407,23.244413,22.42590878,4.402,NA,NA,0.225
Comoros,Africa,2001,COM,547170,1217.4993,59.5867,23.39877816,22.49502037,4.379,5.554594,NA,0.229
Comoros,Africa,2002,COM,558876,1229.856,59.7228,23.55380241,22.56236689,4.369,3.5330422,NA,0.327
Comoros,Africa,2003,COM,569757,1240.0514,60.2402,23.70933993,22.6282796,4.565,3.7990813,NA,0.383
Comoros,Africa,2004,COM,580663,1247.2749,60.5567,23.86462151,22.69271869,4.571,4.4749928,28.95,0.426
Comoros,Africa,2005,COM,592627,1265.6866,60.8827,24.01894732,22.75463484,4.597,3.013324,NA,0.448
Comoros,Africa,2006,COM,604706,1388.0027,61.2291,24.17376447,22.81524723,4.622,3.3743637,NA,0.446
Comoros,Africa,2007,COM,616883,1382.5391,61.4753,24.32890221,22.87381762,4.688,4.4661670000000004,NA,0.447
Comoros,Africa,2008,COM,629268,1419.3671,61.9548,24.48485231,22.92994652,4.699,1.7007818,NA,0.447
Comoros,Africa,2009,COM,641899,1455.2823,62.3017,24.6412459,22.9835696,4.724,4.362348,NA,0.451
Comoros,Africa,2010,COM,654792,1432.5624,62.7473,24.79849729,23.03553047,4.692,3.3547578,NA,0.439
Comoros,Africa,2011,COM,668024,1479,63.1048,24.9571938,23.08808895,4.726,1.842663,NA,0.474
Comoros,Africa,2012,COM,681594,1509,63.4626,25.1168429,23.14152667,4.767,6.3147445,NA,0.474
Comoros,Africa,2013,COM,696157,1619,63.8388,25.27728276,23.1958147,4.79,-4.294873,NA,0.495
Comoros,Africa,2014,COM,711462,1647,64.1427,25.43853243,23.25089101,4.88,NA,14.07,0.495
Comoros,Africa,2015,COM,726628,1696,64.4727,25.5996335,23.30573763,4.972,NA,NA,0.415
Comoros,Africa,2016,COM,741693,1705.7402,64.7916,25.76026031,23.36117402,5.042,NA,NA,0.407
Comoros,Africa,2017,COM,756626,1764.7029,65.1272,NA,NA,5.04,NA,NA,0.396
Comoros,Africa,2018,COM,771548,1801.6912,65.4009,NA,NA,5.018,NA,NA,0.383
Comoros,Africa,2019,COM,786535,1832.4357,65.6622,NA,NA,5.1,NA,NA,0.318
Comoros,Africa,2020,COM,802126,1869.9441,65.7559,NA,NA,5.884,NA,NA,0.289
Comoros,Africa,2021,COM,818133,1886.0608,65.2009,NA,NA,5.857,NA,NA,0.291
Comoros,Africa,2022,COM,834135,1900.3983,66.4806,NA,NA,5.854,NA,14.07,0.283
Comoros,Africa,2023,COM,850335,NA,66.7768,NA,NA,5.795,NA,14.07,0.272
Democratic Republic of Congo,Africa,1952,COD,12803588,1065,38.8561,NA,NA,NA,NA,NA,0.01
Democratic Republic of Congo,Africa,1953,COD,13069404,1105,39.1412,NA,NA,NA,NA,NA,0.01
Democratic Republic of Congo,Africa,1954,COD,13342994,1148,39.3663,NA,NA,NA,NA,NA,0.01
Democratic Republic of Congo,Africa,1955,COD,13630311,1170,39.6563,NA,NA,NA,NA,NA,0.02
Democratic Republic of Congo,Africa,1956,COD,13929900,1224,39.9041,NA,NA,NA,NA,NA,0.02
Democratic Republic of Congo,Africa,1957,COD,14242224,1237,40.2279,NA,NA,NA,NA,NA,0.024
Democratic Republic of Congo,Africa,1958,COD,14557750,1176,40.4629,NA,NA,NA,NA,NA,0.032
Democratic Republic of Congo,Africa,1959,COD,14891542,1191,40.6155,NA,NA,NA,NA,NA,0.037
Democratic Republic of Congo,Africa,1960,COD,15264804,1192,40.7518,NA,NA,NA,NA,NA,0.226
Democratic Republic of Congo,Africa,1961,COD,15662328,1041,40.1611,NA,NA,NA,NA,NA,0.287
Democratic Republic of Congo,Africa,1962,COD,16075684,1223,40.3817,NA,NA,NA,NA,NA,0.287
Democratic Republic of Congo,Africa,1963,COD,16507565,1248,40.6039,NA,NA,NA,NA,NA,0.287
Democratic Republic of Congo,Africa,1964,COD,16955281,1191,40.0993,NA,NA,NA,35.421066,NA,0.287
Democratic Republic of Congo,Africa,1965,COD,17427753,1176,40.7669,NA,NA,NA,-2.7269802,NA,0.206
Democratic Republic of Congo,Africa,1966,COD,17931876,1224,42.169,NA,NA,NA,15.780101,NA,0.095
Democratic Republic of Congo,Africa,1967,COD,18462745,1176,42.3389,NA,NA,NA,36.926525,NA,0.106
Democratic Republic of Congo,Africa,1968,COD,19012147,1189,42.6673,NA,NA,NA,53.321674,NA,0.104
Democratic Republic of Congo,Africa,1969,COD,19570413,1262,42.9594,NA,NA,NA,6.1761956,NA,0.104
Democratic Republic of Congo,Africa,1970,COD,20137390,1224,43.3005,NA,NA,NA,8.025284,NA,0.102
Democratic Republic of Congo,Africa,1971,COD,20695523,1267,43.578,NA,NA,NA,5.77735,NA,0.148
Democratic Republic of Congo,Africa,1972,COD,21251123,1235,43.869,NA,NA,NA,15.804215,NA,0.148
Democratic Republic of Congo,Africa,1973,COD,21827609,1305,44.0905,NA,NA,NA,15.642762,NA,0.148
Democratic Republic of Congo,Africa,1974,COD,22418830,1312,44.3111,NA,NA,NA,29.46928,NA,0.148
Democratic Republic of Congo,Africa,1975,COD,23021053,1213,44.5299,18.56658503,18.33865593,NA,28.65797,NA,0.148
Democratic Republic of Congo,Africa,1976,COD,23623987,1111,44.695,18.66595017,18.42608963,NA,80.385956,NA,0.147
Democratic Republic of Congo,Africa,1977,COD,24229008,1086,44.8656,18.76482306,18.51343336,NA,68.94771,NA,0.147
Democratic Republic of Congo,Africa,1978,COD,24992634,993,44.6277,18.86348105,18.60090185,NA,48.76904,NA,0.148
Democratic Republic of Congo,Africa,1979,COD,25886729,961,45.2779,18.96195943,18.68819804,NA,101.05126,NA,0.148
Democratic Republic of Congo,Africa,1980,COD,26711056,953,45.5429,19.06039814,18.7753376,NA,46.625908,NA,0.15
Democratic Republic of Congo,Africa,1981,COD,27500479,950,45.7262,19.15884778,18.86303025,NA,35.408264,NA,0.15
Democratic Republic of Congo,Africa,1982,COD,28338147,920,45.946,19.25749004,18.94994084,NA,36.6997,NA,0.15
Democratic Republic of Congo,Africa,1983,COD,29250917,909,46.2067,19.35670691,19.03711993,NA,76.526695,NA,0.15
Democratic Republic of Congo,Africa,1984,COD,30245039,932,46.5143,19.45620795,19.12345294,NA,52.227013,NA,0.15
Democratic Republic of Congo,Africa,1985,COD,31264765,909,46.6634,19.55588752,19.20907633,NA,23.820784,NA,0.15
Democratic Republic of Congo,Africa,1986,COD,32265151,923,47.0156,19.6564027,19.29402461,NA,44.4,NA,0.15
Democratic Republic of Congo,Africa,1987,COD,33298859,918,47.3623,19.75776017,19.37816197,NA,78.67036,NA,0.151
Democratic Republic of Congo,Africa,1988,COD,34382706,894,47.755,19.86000188,19.46178967,NA,71.09173,NA,0.152
Democratic Republic of Congo,Africa,1989,COD,35486810,861,48.1494,19.96320102,19.54473358,NA,104.06523,NA,0.152
Democratic Republic of Congo,Africa,1990,COD,36684021,813,48.5381,20.06724561,19.62584418,NA,81.2954,NA,0.179
Democratic Republic of Congo,Africa,1991,COD,37925779,737.9345,48.9442,20.17182382,19.70533792,3.213,2154.4368,NA,0.201
Democratic Republic of Congo,Africa,1992,COD,39228862,656.69165,49.3232,20.27627104,19.78251559,3.312,4129.17,NA,0.203
Democratic Republic of Congo,Africa,1993,COD,40656298,563.71094,49.6213,20.38061159,19.85765123,3.39,1986.9048,NA,0.173
Democratic Republic of Congo,Africa,1994,COD,42626833,525.38873,49.8795,20.48506987,19.93080159,3.345,23773.13,NA,0.176
Democratic Republic of Congo,Africa,1995,COD,44433665,531.9909,50.381,20.59029038,20.00284058,3.233,541.9089,NA,0.176
Democratic Republic of Congo,Africa,1996,COD,45296084,523.86804,49.3762,20.69711756,20.07478299,3.117,492.44186,NA,0.176
Democratic Republic of Congo,Africa,1997,COD,46029863,489.64215,50.4609,20.80519269,20.14670502,3.14,198.51671,NA,0.128
Democratic Republic of Congo,Africa,1998,COD,47297545,472.92395,49.6637,20.91485218,20.2191349,3.169,29.148808,NA,0.148
Democratic Republic of Congo,Africa,1999,COD,48912931,452.00443,50.0888,21.0255076,20.29143743,3.206,284.895,NA,0.15
Democratic Republic of Congo,Africa,2000,COD,50507393,414.04694,51.8871,21.13649476,20.36389835,3.224,513.90686,NA,0.151
Democratic Republic of Congo,Africa,2001,COD,52132600,403.6019,52.2054,21.24739491,20.43616333,3.233,359.9366,NA,0.159
Democratic Republic of Congo,Africa,2002,COD,53750475,413.82523,52.3712,21.35793738,20.50897765,3.165,31.522583,NA,0.165
Democratic Republic of Congo,Africa,2003,COD,55343820,436.02847,52.9519,21.46724488,20.58219023,3.05,12.873965,NA,0.183
Democratic Republic of Congo,Africa,2004,COD,56997687,463.99698,53.5341,21.57433924,20.65597896,2.973,3.994384,14.290001,0.188
Democratic Republic of Congo,Africa,2005,COD,58775669,490.6905,54.0014,21.67854804,20.72900835,2.948,21.316816,14.32,0.199
Democratic Republic of Congo,Africa,2006,COD,60615860,515.25836,54.4977,21.78025312,20.8011481,3.173,13.052695,NA,0.256
Democratic Republic of Congo,Africa,2007,COD,62477704,546.0368,54.9543,21.87995248,20.87187553,3.401,16.9451,NA,0.365
Democratic Republic of Congo,Africa,2008,COD,64390611,578.8487,55.3884,21.97764643,20.94041161,3.625,17.301384,14.370001,0.367
Democratic Republic of Congo,Africa,2009,COD,66411991,595.01605,55.7981,22.07339109,21.00624396,3.879,2.8,NA,0.369
Democratic Republic of Congo,Africa,2010,COD,68562998,637.1298,56.4111,22.16700291,21.0701841,4.096,7.1,NA,0.361
Democratic Republic of Congo,Africa,2011,COD,70849263,681,56.9106,22.25947579,21.13300042,4.315,15.316516,NA,0.353
Democratic Republic of Congo,Africa,2012,COD,73254570,714.7897,57.3502,22.35088285,21.19515289,4.485,9.721828,14.5,0.328
Democratic Republic of Congo,Africa,2013,COD,75789348,756.906,57.7953,22.4416624,21.25673802,4.474,0.8082231,NA,0.32
Democratic Republic of Congo,Africa,2014,COD,78403201,784.5593,58.2355,22.53136534,21.31890184,4.446,1.2430389,NA,0.327
Democratic Republic of Congo,Africa,2015,COD,81035481,806.7695,58.6576,22.62058778,21.38105291,4.456,0.744199,NA,0.32
Democratic Republic of Congo,Africa,2016,COD,83956362,783.0341,59.0814,22.70869215,21.44356804,4.548,2.8858511,NA,0.312
Democratic Republic of Congo,Africa,2017,COD,87083355,785.1293,59.4952,NA,NA,4.637,NA,NA,0.312
Democratic Republic of Congo,Africa,2018,COD,90047595,796.89246,59.9265,NA,NA,4.661,NA,NA,0.315
Democratic Republic of Congo,Africa,2019,COD,92947398,806.479,60.2425,NA,NA,4.642,NA,NA,0.346
Democratic Republic of Congo,Africa,2020,COD,95989947,794.2714,60.4283,NA,NA,5.369,NA,NA,0.353
Democratic Republic of Congo,Africa,2021,COD,99148879,817.43225,60.0444,NA,NA,5.273,NA,NA,0.346
Democratic Republic of Congo,Africa,2022,COD,102396919,844.172,60.9789,NA,NA,4.585,NA,19.230001,0.345
Democratic Republic of Congo,Africa,2023,COD,105789681,NA,61.895,NA,NA,4.544,NA,19.230001,0.336
Congo,Africa,1952,COG,872634,1758,41.0869,NA,NA,NA,NA,NA,0.106
Congo,Africa,1953,COG,892413,1790,41.855,NA,NA,NA,NA,NA,0.106
Congo,Africa,1954,COG,912975,1822,42.6115,NA,NA,NA,NA,NA,0.106
Congo,Africa,1955,COG,934393,1854,43.4479,NA,NA,NA,NA,NA,0.106
Congo,Africa,1956,COG,956774,1884,44.276,NA,NA,NA,NA,NA,0.11
Congo,Africa,1957,COG,980160,1914,45.1279,NA,NA,NA,NA,NA,0.178
Congo,Africa,1958,COG,1004582,1946,45.9694,NA,NA,NA,NA,NA,0.189
Congo,Africa,1959,COG,1030119,1977,46.7845,NA,NA,NA,NA,NA,0.182
Congo,Africa,1960,COG,1056692,1999,47.5949,NA,NA,NA,NA,NA,0.249
Congo,Africa,1961,COG,1084343,2020,48.351,NA,NA,NA,NA,NA,0.302
Congo,Africa,1962,COG,1113138,2039,49.0381,NA,NA,NA,NA,NA,0.291
Congo,Africa,1963,COG,1143227,2059,49.7286,NA,NA,NA,NA,NA,0.229
Congo,Africa,1964,COG,1174768,2079,50.3626,NA,NA,NA,NA,NA,0.132
Congo,Africa,1965,COG,1207838,2099,50.9964,NA,NA,NA,NA,NA,0.132
Congo,Africa,1966,COG,1242499,2157,51.5567,NA,NA,NA,NA,NA,0.132
Congo,Africa,1967,COG,1278649,2216,51.9101,NA,NA,NA,NA,NA,0.132
Congo,Africa,1968,COG,1316469,2275,52.6196,NA,NA,NA,NA,NA,0.088
Congo,Africa,1969,COG,1356146,2335,53.1135,NA,NA,NA,NA,NA,0.088
Congo,Africa,1970,COG,1397588,2396,53.5549,NA,NA,NA,NA,NA,0.087
Congo,Africa,1971,COG,1441004,2546,53.9826,NA,NA,NA,NA,NA,0.087
Congo,Africa,1972,COG,1486436,2582,54.3606,NA,NA,NA,NA,NA,0.087
Congo,Africa,1973,COG,1533638,2950,54.7436,NA,NA,NA,NA,NA,0.1
Congo,Africa,1974,COG,1582255,2848,55.053,NA,NA,NA,NA,NA,0.111
Congo,Africa,1975,COG,1626971,2745,55.4024,19.65391872,19.40475387,NA,NA,NA,0.112
Congo,Africa,1976,COG,1667189,2794,55.699,19.79893498,19.51148643,NA,NA,NA,0.114
Congo,Africa,1977,COG,1707526,2517,56.0269,19.94308481,19.61817803,NA,NA,NA,0.09
Congo,Africa,1978,COG,1748049,2595,56.2475,20.086826339999998,19.72524224,NA,NA,NA,0.089
Congo,Africa,1979,COG,1788480,2807,56.5242,20.22949653,19.83209501,NA,NA,NA,0.1
Congo,Africa,1980,COG,1828945,3075,56.8031,20.37120486,19.9384176,NA,NA,NA,0.114
Congo,Africa,1981,COG,1869714,3625,57.0647,20.51132127,20.04421978,NA,NA,NA,0.114
Congo,Africa,1982,COG,1910381,4355,57.236,20.65008584,20.14830821,NA,NA,NA,0.114
Congo,Africa,1983,COG,1950279,4473,57.4284,20.78722869,20.25169739,NA,NA,NA,0.114
Congo,Africa,1984,COG,1999483,4664,57.5404,20.92334824,20.35328955,NA,NA,NA,0.114
Congo,Africa,1985,COG,2059276,4484,57.6085,21.05805091,20.45327069,NA,NA,NA,0.113
Congo,Africa,1986,COG,2120548,4058,57.6328,21.18736233,20.54805784,NA,4.158111,NA,0.112
Congo,Africa,1987,COG,2183425,3953,57.5904,21.31196054,20.63796442,NA,0.44356826,NA,0.113
Congo,Africa,1988,COG,2247607,3908,57.4935,21.43316339,20.72333868,NA,1.030422,NA,0.113
Congo,Africa,1989,COG,2313516,3865,57.2925,21.55136478,20.80456439,NA,-1.7969888,NA,0.113
Congo,Africa,1990,COG,2380511,3794,57.0703,21.66707771,20.8813706,NA,2.8890538,NA,0.156
Congo,Africa,1991,COG,2449187,3862.5742,56.7645,21.78005665,20.9538509,19.858,-1.6783497,NA,0.253
Congo,Africa,1992,COG,2519425,3940.9717,56.4826,21.89010322,21.02209841,19.866,-3.9354682,NA,0.335
Congo,Africa,1993,COG,2595072,3874.1697,56.0414,21.99822965,21.08655046,19.933,4.923664,NA,0.462
Congo,Africa,1994,COG,2673098,3635.9893,55.6414,22.10524273,21.14807253,20.179,42.439674,NA,0.449
Congo,Africa,1995,COG,2749415,3763.5957,55.4737,22.21219349,21.20755585,20.146,9.418008,NA,0.449
Congo,Africa,1996,COG,2826743,3988.8772,55.2403,22.32007904,21.26686525,19.995,10.03112,NA,0.449
Congo,Africa,1997,COG,2887813,3899.7627,48.5746,22.428838850000002,21.32587788,19.862,NA,NA,0.246
Congo,Africa,1998,COG,2952019,4042.7783,52.5509,22.53895924,21.3853643,19.88,NA,NA,0.164
Congo,Africa,1999,COG,3032832,3925.6865,54.4272,22.64993109,21.44458401,20.096,4.1426716,NA,0.164
Congo,Africa,2000,COG,3151304,4159.2227,55.3706,22.76134097,21.50407128,19.854,-0.8819915,NA,0.161
Congo,Africa,2001,COG,3272488,4256.6553,55.8849,22.87191939,21.56412811,19.858,0.05598992,NA,0.16
Congo,Africa,2002,COG,3350736,4458.6343,56.414,22.9808243,21.62440226,19.656,4.37876,NA,0.208
Congo,Africa,2003,COG,3445696,4467.904,57.1313,23.08778208,21.68532156,19.865,-0.631845,NA,0.257
Congo,Africa,2004,COG,3565514,4560.5127,57.9574,23.1916974,21.74677263,19.883,2.4297662,NA,0.257
Congo,Africa,2005,COG,3696336,4820.7075,58.7302,23.29147173,21.80755723,19.796,3.09449,18.42,0.257
Congo,Africa,2006,COG,3837364,5016.0576,59.474,23.38728916,21.86742682,19.593,6.537844,NA,0.257
Congo,Africa,2007,COG,3980380,4844.97,60.0502,23.48019004,21.92590161,19.899,2.6546464,NA,0.255
Congo,Africa,2008,COG,4113468,5081.1313,60.7903,23.5700927,21.98223836,19.954,4.9587507,NA,0.254
Congo,Africa,2009,COG,4281163,5379.0044,61.2148,23.65729228,22.03625138,19.854,4.415004,NA,0.256
Congo,Africa,2010,COG,4462246,5738.163,61.7311,23.74172539,22.08829609,19.379,0.391525,NA,0.256
Congo,Africa,2011,COG,4609682,5875,62.2862,23.82442139,22.13933717,19.51,1.759587,20.39,0.256
Congo,Africa,2012,COG,4740414,6300.0493,62.6616,23.90545463,22.18997752,19.573,5.0101876,NA,0.255
Congo,Africa,2013,COG,4857053,6140.1865,62.9689,23.98566799,22.24070605,19.902,4.631616,NA,0.251
Congo,Africa,2014,COG,4975835,6428.496,63.3491,24.06489856,22.29168228,19.781,0.91213953,NA,0.251
Congo,Africa,2015,COG,5097532,6079.4575,63.6622,24.14332965,22.34269887,20.2,3.169098,NA,0.251
Congo,Africa,2016,COG,5222495,5315.17,63.9108,24.22026121,22.39378052,20.524,3.1905618,NA,0.25
Congo,Africa,2017,COG,5350964,4977.3423,64.2028,NA,NA,20.887,0.45006382,NA,0.252
Congo,Africa,2018,COG,5483090,4637.726,64.472,NA,NA,20.938,1.152779,NA,0.26
Congo,Africa,2019,COG,5616598,4583.337,63.1523,NA,NA,20.608,2.206073,NA,0.25
Congo,Africa,2020,COG,5752741,4203.1104,64.3907,NA,NA,22.373,1.7953714,NA,0.255
Congo,Africa,2021,COG,5892137,4168.0244,64.1918,NA,NA,22.077,1.7156428,NA,0.255
Congo,Africa,2022,COG,6035057,4187.507,65.0003,NA,NA,20.261,3.0434434,20.39,0.243
Congo,Africa,2023,COG,6182830,NA,65.772,NA,NA,20.054,4.3017454,20.4,0.253
Costa Rica,Americas,1952,CRI,991752,3370,58.1135,NA,NA,NA,NA,NA,0.58
Costa Rica,Americas,1953,CRI,1026963,3751,59.0586,NA,NA,NA,NA,NA,0.653
Costa Rica,Americas,1954,CRI,1064060,3649,59.8546,NA,NA,NA,NA,NA,0.724
Costa Rica,Americas,1955,CRI,1103000,3921,60.4535,NA,NA,NA,NA,NA,0.724
Costa Rica,Americas,1956,CRI,1143798,3668,61.2019,NA,NA,NA,NA,NA,0.724
Costa Rica,Americas,1957,CRI,1186588,3835,61.5816,NA,NA,NA,NA,NA,0.724
Costa Rica,Americas,1958,CRI,1231518,4152,62.2617,NA,NA,NA,NA,NA,0.727
Costa Rica,Americas,1959,CRI,1278539,4141,62.9054,NA,NA,NA,NA,NA,0.734
Costa Rica,Americas,1960,CRI,1327448,4328,63.4634,NA,NA,NA,0.79020584,NA,0.726
Costa Rica,Americas,1961,CRI,1377870,4340,63.8599,NA,NA,NA,2.430794,NA,0.726
Costa Rica,Americas,1962,CRI,1429394,4439,64.2317,NA,NA,NA,2.6778598,NA,0.724
Costa Rica,Americas,1963,CRI,1481559,4653,64.3258,NA,NA,NA,2.9316185,NA,0.724
Costa Rica,Americas,1964,CRI,1533918,4720,64.4931,NA,NA,NA,3.3240333,NA,0.724
Costa Rica,Americas,1965,CRI,1586168,4983,64.76,NA,NA,NA,-0.665,NA,0.724
Costa Rica,Americas,1966,CRI,1638074,5193,65.0958,NA,NA,NA,0.18288283,NA,0.728
Costa Rica,Americas,1967,CRI,1689480,5338,65.5516,NA,NA,NA,1.2083403,NA,0.728
Costa Rica,Americas,1968,CRI,1739679,5574,65.7796,NA,NA,NA,4.0938916,NA,0.728
Costa Rica,Americas,1969,CRI,1789238,5773,66.3628,NA,NA,NA,2.629341,NA,0.728
Costa Rica,Americas,1970,CRI,1838892,5984,66.7871,NA,NA,NA,4.6522975,NA,0.742
Costa Rica,Americas,1971,CRI,1888495,6199,67.4131,NA,NA,NA,3.0830483,NA,0.747
Costa Rica,Americas,1972,CRI,1938202,6564,68.014,NA,NA,NA,4.6011257,NA,0.747
Costa Rica,Americas,1973,CRI,1988303,6884,68.7309,NA,NA,NA,15.214034,NA,0.747
Costa Rica,Americas,1974,CRI,2039600,7061,69.4456,NA,NA,NA,30.07363,NA,0.744
Costa Rica,Americas,1975,CRI,2092657,7007,70.2527,22.20919134,22.91931874,NA,17.369202,NA,0.798
Costa Rica,Americas,1976,CRI,2147719,7182,70.9456,22.37042969,23.02445523,NA,3.4858334,NA,0.806
Costa Rica,Americas,1977,CRI,2204998,7602,71.5194,22.52944537,23.12823746,NA,4.1902404,NA,0.81
Costa Rica,Americas,1978,CRI,2264467,7763,72.0286,22.68637119,23.23046009,NA,6.0071273,NA,0.826
Costa Rica,Americas,1979,CRI,2326441,7905,72.5373,22.84127958,23.33208366,NA,9.188411,NA,0.826
Costa Rica,Americas,1980,CRI,2390595,7828,73.0337,22.99447948,23.43300288,NA,18.13517,NA,0.843
Costa Rica,Americas,1981,CRI,2456597,7461,73.441,23.14738342,23.53412786,NA,37.056343,NA,0.843
Costa Rica,Americas,1982,CRI,2524764,6751,73.8646,23.30054477,23.63568564,NA,90.12133,NA,0.862
Costa Rica,Americas,1983,CRI,2595106,6743,74.2454,23.454202,23.73736673,NA,32.623707,NA,0.863
Costa Rica,Americas,1984,CRI,2667550,7065,74.5809,23.6079267,23.83889917,NA,11.947427,NA,0.863
Costa Rica,Americas,1985,CRI,2741858,6918,74.7648,23.76201482,23.94033534,NA,15.05742,NA,0.863
Costa Rica,Americas,1986,CRI,2817168,7087,74.9488,23.92095704,24.04524314,NA,11.835062,NA,0.868
Costa Rica,Americas,1987,CRI,2892639,7221,75.2236,24.08358276,24.15284883,NA,16.84242,NA,0.868
Costa Rica,Americas,1988,CRI,2968051,7270,75.5459,24.24983862,24.26263057,NA,20.832533,NA,0.877
Costa Rica,Americas,1989,CRI,3043775,7489,75.8502,24.41923453,24.37376789,NA,16.50981,NA,0.877
Costa Rica,Americas,1990,CRI,3121652,7567,76.0936,24.59099004,24.4859018,NA,19.039753,NA,0.894
Costa Rica,Americas,1991,CRI,3202139,7552.3623,76.2375,24.76378654,24.59850504,5.37,28.709291,NA,0.895
Costa Rica,Americas,1992,CRI,3284214,8038.7676,76.3849,24.93664107,24.71115647,3.93,21.791168,NA,0.895
Costa Rica,Americas,1993,CRI,3367386,8363.483,76.3153,25.10876844,24.82369836,3.95,9.778601,NA,0.895
Costa Rica,Americas,1994,CRI,3451080,8479.568,76.3287,25.27876454,24.93609083,4.05,13.534469,NA,0.896
Costa Rica,Americas,1995,CRI,3535133,8576.423,76.44,25.44628901,25.0476326,5.18,23.186499,NA,0.896
Costa Rica,Americas,1996,CRI,3618974,8446.781,76.4276,25.61046248,25.15785026,6.16,17.511452,NA,0.897
Costa Rica,Americas,1997,CRI,3701661,8683.948,76.6035,25.77112214,25.26592841,5.68,13.248044,NA,0.897
Costa Rica,Americas,1998,CRI,3782786,9053.852,76.8686,25.92792242,25.37285265,5.33,11.6593,NA,0.894
Costa Rica,Americas,1999,CRI,3862057,9183.8955,77.0581,26.08008321,25.47756369,5.9,10.045281,NA,0.894
Costa Rica,Americas,2000,CRI,3937679,9319.767,77.3175,26.22592744,25.57943677,5.08,10.96155,NA,0.895
Costa Rica,Americas,2001,CRI,4008904,9451.615,77.609,26.36804773,25.6797526,6.051,11.255615,NA,0.895
Costa Rica,Americas,2002,CRI,4075662,9591.554,77.9394,26.50578855,25.77915347,6.396,9.1675205,NA,0.896
Costa Rica,Americas,2003,CRI,4138747,9831.25,78.2142,26.63896801,25.87688183,6.654,9.447581,NA,0.896
Costa Rica,Americas,2004,CRI,4200031,10086.783,78.5116,26.76842796,25.97268902,6.445,12.314815,NA,0.894
Costa Rica,Americas,2005,CRI,4261187,10308.374,78.8766,26.89411084,26.06524675,6.749,13.798295,NA,0.894
Costa Rica,Americas,2006,CRI,4321299,10880.477,79.049,27.01598562,26.15403673,5.926,11.470597,NA,0.905
Costa Rica,Americas,2007,CRI,4380199,11584.677,79.0981,27.13477474,26.23978681,4.557,9.3572445,NA,0.908
Costa Rica,Americas,2008,CRI,4440009,11935.158,79.1802,27.25156712,26.32334683,4.934,13.424463,NA,0.908
Costa Rica,Americas,2009,CRI,4499743,11638.002,79.3718,27.36681386,26.40442052,7.824,7.842702,NA,0.908
Costa Rica,Americas,2010,CRI,4555924,12031.571,79.354,27.48015652,26.48329129,7.171,5.662757,NA,0.911
Costa Rica,Americas,2011,CRI,4609777,12366,79.624,27.5908845,26.55960807,9.518,4.8779984,18.38,0.911
Costa Rica,Americas,2012,CRI,4663890,12800.048,79.925,27.69916971,26.63324588,9.11,4.4954534,17.95,0.909
Costa Rica,Americas,2013,CRI,4716102,12952.746,80.1892,27.8050434,26.70473592,8.218,5.231336,17.79,0.908
Costa Rica,Americas,2014,CRI,4767078,13241.992,80.2313,27.90809202,26.77451349,8.499,4.519201,14.86,0.905
Costa Rica,Americas,2015,CRI,4817996,13557.923,80.4069,28.00841503,26.84277233,8.415,0.801982,16.45,0.905
Costa Rica,Americas,2016,CRI,4866954,13959.342,79.9879,28.10500815,26.9095007,8.085,-0.01747885,20.02,0.904
Costa Rica,Americas,2017,CRI,4913126,14372.68,79.9944,NA,NA,7.729,1.625907,18.86,0.899
Costa Rica,Americas,2018,CRI,4957764,14583.144,80.0896,NA,NA,9.01,2.2211146,21.51,0.892
Costa Rica,Americas,2019,CRI,4999502,14775.292,80.2963,NA,NA,10.807,2.0960464,21.52,0.896
Costa Rica,Americas,2020,CRI,5034273,13996.39,79.7252,NA,NA,16.432,0.72491145,NA,0.898
Costa Rica,Americas,2021,CRI,5059939,14931.956,78.0501,NA,NA,15.139,1.7264775,NA,0.895
Costa Rica,Americas,2022,CRI,5081715,15496.82,79.3164,NA,NA,11.325,8.274775,18.17,0.865
Costa Rica,Americas,2023,CRI,5105469,NA,80.7995,NA,NA,8.304,0.5251935,18.17,0.859
Cote d'Ivoire,Africa,1952,CIV,2885678,1714,31.9591,NA,NA,NA,NA,NA,0.114
Cote d'Ivoire,Africa,1953,CIV,2965087,1741,32.5476,NA,NA,NA,NA,NA,0.114
Cote d'Ivoire,Africa,1954,CIV,3048486,1769,33.1909,NA,NA,NA,NA,NA,0.114
Cote d'Ivoire,Africa,1955,CIV,3136578,1796,33.8113,NA,NA,NA,NA,NA,0.114
Cote d'Ivoire,Africa,1956,CIV,3229973,1824,34.4642,NA,NA,NA,NA,NA,0.114
Cote d'Ivoire,Africa,1957,CIV,3329224,1852,35.156,NA,NA,NA,NA,NA,0.151
Cote d'Ivoire,Africa,1958,CIV,3435037,1879,35.8264,NA,NA,NA,NA,NA,0.147
Cote d'Ivoire,Africa,1959,CIV,3548902,1898,36.5469,NA,NA,NA,NA,NA,0.142
Cote d'Ivoire,Africa,1960,CIV,3673622,2002,37.2441,NA,NA,NA,NA,NA,0.146
Cote d'Ivoire,Africa,1961,CIV,3810102,2114,37.9232,NA,NA,NA,11.616492,NA,0.188
Cote d'Ivoire,Africa,1962,CIV,3956904,2128,38.6204,NA,NA,NA,-1.3412489,NA,0.188
Cote d'Ivoire,Africa,1963,CIV,4112024,2378,39.3153,NA,NA,NA,0.9434663,NA,0.188
Cote d'Ivoire,Africa,1964,CIV,4273902,2691,39.9656,NA,NA,NA,0.6181925,NA,0.188
Cote d'Ivoire,Africa,1965,CIV,4442335,2520,40.6428,NA,NA,NA,2.611176,NA,0.186
Cote d'Ivoire,Africa,1966,CIV,4617472,2595,41.2971,NA,NA,NA,4.191318,NA,0.175
Cote d'Ivoire,Africa,1967,CIV,4799692,2509,41.9592,NA,NA,NA,2.291852,NA,0.175
Cote d'Ivoire,Africa,1968,CIV,4989969,2758,42.6485,NA,NA,NA,5.350455,NA,0.175
Cote d'Ivoire,Africa,1969,CIV,5192178,2737,43.3446,NA,NA,NA,4.4502287,NA,0.175
Cote d'Ivoire,Africa,1970,CIV,5411525,2882,44.0446,NA,NA,NA,8.205191,NA,0.177
Cote d'Ivoire,Africa,1971,CIV,5650822,2874,44.7834,NA,NA,NA,-0.44374543,NA,0.174
Cote d'Ivoire,Africa,1972,CIV,5909670,2887,45.5745,NA,NA,NA,0.3103137,NA,0.174
Cote d'Ivoire,Africa,1973,CIV,6184906,2974,46.3723,NA,NA,NA,11.102986,NA,0.174
Cote d'Ivoire,Africa,1974,CIV,6474017,2931,47.2068,NA,NA,NA,17.359388,NA,0.174
Cote d'Ivoire,Africa,1975,CIV,6776259,2812,48.0298,20.19305759,20.04498709,NA,11.444224,NA,0.174
Cote d'Ivoire,Africa,1976,CIV,7057915,3017,48.8626,20.33217895,20.16290919,NA,12.07664,NA,0.174
Cote d'Ivoire,Africa,1977,CIV,7321900,3033,49.6241,20.47078805,20.28137945,NA,27.421862,NA,0.174
Cote d'Ivoire,Africa,1978,CIV,7603083,3202,50.3607,20.60878167,20.40019017,NA,13.242987,NA,0.174
Cote d'Ivoire,Africa,1979,CIV,7902216,3139,50.9835,20.74634285,20.51899296,NA,16.342356,NA,0.174
Cote d'Ivoire,Africa,1980,CIV,8220665,3253,51.4373,20.8829074,20.63806995,NA,14.700981,NA,0.176
Cote d'Ivoire,Africa,1981,CIV,8556550,3242,51.7906,21.01142176,20.7527815,NA,8.799211,NA,0.174
Cote d'Ivoire,Africa,1982,CIV,8907892,3131,52.0903,21.13258239,20.86306926,NA,7.583126,NA,0.174
Cote d'Ivoire,Africa,1983,CIV,9272696,2901,52.3516,21.24754186,20.96985556,NA,5.6404285,NA,0.174
Cote d'Ivoire,Africa,1984,CIV,9650475,2703,52.6478,21.35784962,21.07276863,NA,4.284761,NA,0.174
Cote d'Ivoire,Africa,1985,CIV,10040434,2735,52.8613,21.46378343,21.17209909,NA,1.8638033,20.890001,0.176
Cote d'Ivoire,Africa,1986,CIV,10440882,2718,53.0093,21.56639314,21.26831361,NA,9.682955,20.890001,0.177
Cote d'Ivoire,Africa,1987,CIV,10851431,2579,53.1184,21.66618049,21.36160989,NA,6.9433064,20.890001,0.177
Cote d'Ivoire,Africa,1988,CIV,11275141,2444,53.0616,21.76426932,21.45262783,NA,6.930686,20.890001,0.177
Cote d'Ivoire,Africa,1989,CIV,11719717,2343,52.9552,21.86104556,21.54174553,NA,1.0495182,NA,0.177
Cote d'Ivoire,Africa,1990,CIV,12189726,2083,52.7959,21.95723128,21.62918635,NA,-0.8058797,NA,0.307
Cote d'Ivoire,Africa,1991,CIV,12683818,2036.2988,52.6211,22.05388575,21.71591161,6.597,1.6833485,NA,0.312
Cote d'Ivoire,Africa,1992,CIV,13200262,2011.5693,52.4291,22.15130664,21.80120032,6.7,4.231384,16.28,0.312
Cote d'Ivoire,Africa,1993,CIV,13735912,1983.2335,52.2468,22.24926639,21.88542268,5.868,2.1647146,16.29,0.33
Cote d'Ivoire,Africa,1994,CIV,14287165,1951.5408,52.0052,22.34847906,21.96893419,5.045,26.081572,NA,0.359
Cote d'Ivoire,Africa,1995,CIV,14855524,2035.1682,51.7133,22.45013474,22.05181663,4.1,14.295069,16.2,0.263
Cote d'Ivoire,Africa,1996,CIV,15442278,2179.0356,51.5961,22.55526844,22.13471695,4.04,2.4808066,NA,0.397
Cote d'Ivoire,Africa,1997,CIV,16047122,2288.8086,51.4983,22.66372075,22.21807252,3.965,4.0208335,NA,0.398
Cote d'Ivoire,Africa,1998,CIV,16663896,2393.499,51.22,22.77515609,22.30259516,4.1,4.611448,17.61,0.392
Cote d'Ivoire,Africa,1999,CIV,17215892,2417.4575,51.2728,22.88898482,22.38709798,4.421,0.7023758,NA,0.388
Cote d'Ivoire,Africa,2000,CIV,17698956,2352.8564,51.3927,23.00357742,22.47174406,4.835,2.530775,NA,0.274
Cote d'Ivoire,Africa,2001,CIV,18178863,2342.8276,51.4284,23.11779765,22.55711574,5.199,4.3615294,NA,0.452
Cote d'Ivoire,Africa,2002,CIV,18654725,2298.4565,51.5441,23.22946341,22.64255675,5.516,3.0772648,22.16,0.448
Cote d'Ivoire,Africa,2003,CIV,19125498,2263.0925,51.4432,23.33712938,22.72837758,5.858,3.2968075,NA,0.445
Cote d'Ivoire,Africa,2004,CIV,19594946,2280.788,51.9392,23.43918237,22.81239153,5.93,1.4579884,NA,0.446
Cote d'Ivoire,Africa,2005,CIV,20068424,2312.8425,52.4324,23.53473049,22.89303121,6.041,3.8858304,NA,0.432
Cote d'Ivoire,Africa,2006,CIV,20546760,2343.927,52.8853,23.62414827,22.97038003,6.04,2.4671915,NA,0.433
Cote d'Ivoire,Africa,2007,CIV,21030520,2380.1155,53.4517,23.70747172,23.04328895,6.308,1.8920063,NA,0.436
Cote d'Ivoire,Africa,2008,CIV,21514392,2435.2705,54.1794,23.78452185,23.1104493,6.404,6.3085275,18.71,0.436
Cote d'Ivoire,Africa,2009,CIV,21997883,2508.822,54.7441,23.85551491,23.17087727,6.586,1.0195045,NA,0.436
Cote d'Ivoire,Africa,2010,CIV,22488019,2555.0164,55.282,23.92111225,23.22414621,6.614,1.2264562,NA,0.447
Cote d'Ivoire,Africa,2011,CIV,22981949,2444,55.9724,23.98224981,23.27189895,7.145,4.912434,NA,0.427
Cote d'Ivoire,Africa,2012,CIV,23467041,2648.7744,56.5698,24.03907109,23.31500731,7.223,1.3045112,NA,0.463
Cote d'Ivoire,Africa,2013,CIV,23939724,2821.8762,57.0571,24.09365936,23.35570074,4.255,2.5811703,NA,0.467
Cote d'Ivoire,Africa,2014,CIV,24527339,2995.1501,57.7719,24.14681874,23.39680344,3.275,0.44868207,NA,0.469
Cote d'Ivoire,Africa,2015,CIV,25246300,3182.1077,58.2807,24.19824272,23.4377857,2.574,1.2514995,17.66,0.473
Cote d'Ivoire,Africa,2016,CIV,25989364,3328.9795,58.8136,24.24784698,23.47829494,1.896,0.72317845,NA,0.528
Cote d'Ivoire,Africa,2017,CIV,26733332,3450.22,59.3151,NA,NA,3.273,0.6858811,NA,0.54
Cote d'Ivoire,Africa,2018,CIV,27464125,3497.8928,59.7946,NA,NA,2.851,0.35940903,NA,0.539
Cote d'Ivoire,Africa,2019,CIV,28192957,3703.0876,60.2741,NA,NA,2.401,-1.1068635,NA,0.532
Cote d'Ivoire,Africa,2020,CIV,28915402,3682.1353,60.1397,NA,NA,2.559,2.4250066,NA,0.499
Cote d'Ivoire,Africa,2021,CIV,29639680,3853.1626,60.2897,NA,NA,2.59,4.091952,NA,0.434
Cote d'Ivoire,Africa,2022,CIV,30394949,4011.7122,61.5622,NA,NA,2.434,5.2761674,20.890001,0.445
Cote d'Ivoire,Africa,2023,CIV,31165592,NA,61.9438,NA,NA,2.403,4.387117,20.890001,0.446
Croatia,Europe,1952,HRV,3957359,2738,59.8436,NA,NA,NA,NA,NA,0.094
Croatia,Europe,1953,HRV,4006078,2952,61.4886,NA,NA,NA,NA,NA,0.095
Croatia,Europe,1954,HRV,4048075,3193,62.231,NA,NA,NA,NA,NA,0.094
Croatia,Europe,1955,HRV,4080681,3749,63.101,NA,NA,NA,NA,NA,0.094
Croatia,Europe,1956,HRV,4110087,3564,63.5591,NA,NA,NA,NA,NA,0.094
Croatia,Europe,1957,HRV,4136655,4203,64.4122,NA,NA,NA,NA,NA,0.094
Croatia,Europe,1958,HRV,4160650,4285,65.0314,NA,NA,NA,NA,NA,0.093
Croatia,Europe,1959,HRV,4182036,4640,65.5485,NA,NA,NA,NA,NA,0.093
Croatia,Europe,1960,HRV,4200219,5067,65.9462,NA,NA,NA,NA,NA,0.093
Croatia,Europe,1961,HRV,4223379,5404,66.549,NA,NA,NA,NA,NA,0.093
Croatia,Europe,1962,HRV,4254965,5509,67.2665,NA,NA,NA,NA,NA,0.093
Croatia,Europe,1963,HRV,4287223,6059,67.6194,NA,NA,NA,NA,NA,0.094
Croatia,Europe,1964,HRV,4317703,6591,68.044,NA,NA,NA,NA,NA,0.094
Croatia,Europe,1965,HRV,4346657,6741,68.4751,NA,NA,NA,NA,NA,0.094
Croatia,Europe,1966,HRV,4374252,7184,68.9137,NA,NA,NA,NA,NA,0.094
Croatia,Europe,1967,HRV,4400226,7382,69.0432,NA,NA,NA,NA,NA,0.095
Croatia,Europe,1968,HRV,4423783,7667,68.8924,NA,NA,NA,NA,NA,0.095
Croatia,Europe,1969,HRV,4444402,8209,68.9562,NA,NA,NA,NA,NA,0.095
Croatia,Europe,1970,HRV,4462626,8751,69.1747,NA,NA,NA,NA,NA,0.095
Croatia,Europe,1971,HRV,4480119,9414,69.446,NA,NA,NA,NA,NA,0.095
Croatia,Europe,1972,HRV,4497829,9631,69.7534,NA,NA,NA,NA,NA,0.095
Croatia,Europe,1973,HRV,4515712,9969,70.106,NA,NA,NA,NA,NA,0.095
Croatia,Europe,1974,HRV,4533896,10786,70.6122,NA,NA,NA,NA,NA,0.092
Croatia,Europe,1975,HRV,4552673,11053,71.0405,23.2034194,24.166739,NA,NA,NA,0.095
Croatia,Europe,1976,HRV,4571699,11469,71.3659,23.31625764,24.26653655,NA,NA,NA,0.095
Croatia,Europe,1977,HRV,4590587,12385,71.3716,23.42691382,24.36584132,NA,NA,NA,0.095
Croatia,Europe,1978,HRV,4608966,13265,71.265,23.53577805,24.46509324,NA,NA,NA,0.095
Croatia,Europe,1979,HRV,4626900,13994,71.0947,23.64277874,24.56373239,NA,NA,NA,0.095
Croatia,Europe,1980,HRV,4643852,14193,70.969,23.74806678,24.66183393,NA,NA,NA,0.115
Croatia,Europe,1981,HRV,4664217,14182,70.8764,23.84604729,24.75570846,NA,NA,NA,0.137
Croatia,Europe,1982,HRV,4689101,14123,70.6625,23.93781178,24.84603995,NA,NA,NA,0.137
Croatia,Europe,1983,HRV,4712828,13841,70.7456,24.02391741,24.9326557,NA,NA,NA,0.137
Croatia,Europe,1984,HRV,4734431,14104,70.9782,24.10507778,25.01608213,NA,NA,4.12,0.137
Croatia,Europe,1985,HRV,4754502,14067,71.5285,24.18218088,25.09600878,NA,NA,4.14,0.137
Croatia,Europe,1986,HRV,4773008,14416,71.7882,24.2543357,25.17242877,NA,50,4.16,0.137
Croatia,Europe,1987,HRV,4790155,14362,71.9377,24.32224441,25.24513612,NA,133.33327,3.94,0.138
Croatia,Europe,1988,HRV,4805990,14207,72.1502,24.38657734,25.31492279,NA,185.71428,3.94,0.139
Croatia,Europe,1989,HRV,4820680,13959,72.4968,24.44856145,25.38260474,NA,1400,4.4500003,0.138
Croatia,Europe,1990,HRV,4835027,12948,72.2429,24.50983676,25.4499055,NA,500,NA,0.204
Croatia,Europe,1991,HRV,4825112,10296.19,70.5745,24.57002923,25.51740688,11.14,122.22222,NA,0.242
Croatia,Europe,1992,HRV,4782191,9331.893,71.7206,24.62996771,25.5857153,10.934,625,NA,0.3
Croatia,Europe,1993,HRV,4729691,8739.54,72.3053,24.69044392,25.65600023,10.709,1500,NA,0.38
Croatia,Europe,1994,HRV,4675467,9352.584,72.6142,24.75260066,25.72930471,10.332,107.32758,NA,0.384
Croatia,Europe,1995,HRV,4619314,10180.252,72.5612,24.81761105,25.80663535,9.995,3.950104,NA,0.39
Croatia,Europe,1996,HRV,4562239,11030.079,72.9752,24.88634477,25.88920175,9.68,4.3,NA,0.409
Croatia,Europe,1997,HRV,4504575,11997.593,72.9898,24.95981651,25.97783683,9.71,4.1706614,NA,0.422
Croatia,Europe,1998,HRV,4445622,12476.047,73.1929,25.03924808,26.07386855,11.392,6.3966866,7.23,0.427
Croatia,Europe,1999,HRV,4385771,12579.877,73.6092,25.12435073,26.17711478,13.559,4.019139,7.44,0.437
Croatia,Europe,2000,HRV,4326056,13244.541,74.0014,25.21521738,26.28583813,16.064,4.6113157,7.31,0.771
Croatia,Europe,2001,HRV,4301031,13817.681,74.3547,25.31068758,26.39907123,15.822,3.7767024,7.53,0.773
Croatia,Europe,2002,HRV,4305729,14683.838,74.6461,25.41067274,26.5155836,15.053,1.6717844,7.6899996,0.771
Croatia,Europe,2003,HRV,4306636,15740.499,74.7093,25.51496568,26.63490969,13.924,1.7673378,7.5400004,0.774
Croatia,Europe,2004,HRV,4310013,16628.574,75.2665,25.62280886,26.75594303,13.664,2.0553968,7.95,0.752
Croatia,Europe,2005,HRV,4313901,17581.357,75.5705,25.73336742,26.87806158,12.598,3.3171782,8.57,0.777
Croatia,Europe,2006,HRV,4315751,18707.49,75.6767,25.84705816,27.00086014,11.13,3.189826,8.91,0.775
Croatia,Europe,2007,HRV,4315907,19984.037,75.886,25.96294979,27.12254565,9.909,2.8992827,9.39,0.787
Croatia,Europe,2008,HRV,4314591,20717.316,76.0009,26.08018492,27.24176113,8.53,6.076968,9.28,0.783
Croatia,Europe,2009,HRV,4310491,19501.588,76.3127,26.19808041,27.35841186,9.202,2.3785284,8.51,0.787
Croatia,Europe,2010,HRV,4301108,19511.35,76.6761,26.31575674,27.47370547,11.62,1.030555,8.64,0.846
Croatia,Europe,2011,HRV,4280782,19813,76.9926,26.43414938,27.58973001,13.678,2.2727273,9.08,0.854
Croatia,Europe,2012,HRV,4259181,19413.893,77.2841,26.55343604,27.70658265,15.935,3.4120734,8.81,0.855
Croatia,Europe,2013,HRV,4242353,19402.938,77.51,26.67314288,27.82558857,17.251,2.216582,9.25,0.832
Croatia,Europe,2014,HRV,4219439,19403.594,77.5144,26.79316709,27.94738209,17.29,-0.21519616,9.47,0.828
Croatia,Europe,2015,HRV,4183681,20025.754,77.6329,26.91329563,28.07157985,16.175,-0.464499,9.77,0.816
Croatia,Europe,2016,HRV,4136388,20915.227,77.6294,27.03333448,28.1976285,13.103,-1.125,8.89,0.764
Croatia,Europe,2017,HRV,4079152,21852.021,77.7264,NA,NA,11.208,1.1293721,9.19,0.739
Croatia,Europe,2018,HRV,4024820,22678.035,77.8654,NA,NA,8.432,1.500125,9.03,0.732
Croatia,Europe,2019,HRV,3986292,23590.277,78.197,NA,NA,6.617,0.77182037,NA,0.742
Croatia,Europe,2020,HRV,3953898,21672.479,77.4972,NA,NA,7.507,0.15481137,NA,0.773
Croatia,Europe,2021,HRV,3924558,25059.947,77.1412,NA,NA,7.608,2.554507,NA,0.761
Croatia,Europe,2022,HRV,3906988,26986.752,78.2779,NA,NA,6.96,10.7805805,8.99,0.742
Croatia,Europe,2023,HRV,3895973,NA,78.5803,NA,NA,6.063,7.941282,8.96,0.744
Cuba,Americas,1952,CUB,6162136,2844,59.8299,NA,NA,NA,NA,NA,0.256
Cuba,Americas,1953,CUB,6285708,2611,60.2446,NA,NA,NA,NA,NA,0.192
Cuba,Americas,1954,CUB,6412793,2611,60.6925,NA,NA,NA,NA,NA,0.194
Cuba,Americas,1955,CUB,6543054,2638,61.1524,NA,NA,NA,NA,NA,0.269
Cuba,Americas,1956,CUB,6676023,2740,61.4837,NA,NA,NA,NA,NA,0.28
Cuba,Americas,1957,CUB,6811676,2922,61.9036,NA,NA,NA,NA,NA,0.279
Cuba,Americas,1958,CUB,6950241,2922,62.318600000000004,NA,NA,NA,NA,NA,0.279
Cuba,Americas,1959,CUB,7092289,3006,62.8294,NA,NA,NA,NA,NA,0.149
Cuba,Americas,1960,CUB,7238044,2994,63.3157,NA,NA,NA,NA,NA,0.088
Cuba,Americas,1961,CUB,7387071,3068,63.7433,NA,NA,NA,NA,NA,0.07
Cuba,Americas,1962,CUB,7541057,2974,64.3743,NA,NA,NA,NA,NA,0.069
Cuba,Americas,1963,CUB,7701619,2958,64.3467,NA,NA,NA,NA,NA,0.069
Cuba,Americas,1964,CUB,7865963,3158,65.2636,NA,NA,NA,NA,NA,0.069
Cuba,Americas,1965,CUB,8030755,3088,65.6364,NA,NA,NA,NA,NA,0.069
Cuba,Americas,1966,CUB,8193401,3185,66.0738,NA,NA,NA,NA,NA,0.069
Cuba,Americas,1967,CUB,8352581,3489,66.5145,NA,NA,NA,NA,NA,0.069
Cuba,Americas,1968,CUB,8509469,3229,66.9439,NA,NA,NA,NA,NA,0.069
Cuba,Americas,1969,CUB,8666590,3137,67.3576,NA,NA,NA,NA,NA,0.069
Cuba,Americas,1970,CUB,8824337,2976,67.9354,NA,NA,NA,NA,NA,0.069
Cuba,Americas,1971,CUB,8979038,3161,68.4318,NA,NA,NA,NA,NA,0.069
Cuba,Americas,1972,CUB,9123844,3253,68.9491,NA,NA,NA,NA,NA,0.069
Cuba,Americas,1973,CUB,9255287,3486,69.3475,NA,NA,NA,NA,NA,0.069
Cuba,Americas,1974,CUB,9374143,3609,69.8674,NA,NA,NA,NA,NA,0.069
Cuba,Americas,1975,CUB,9479671,3733,70.3749,23.28432544,22.15120088,NA,NA,NA,0.069
Cuba,Americas,1976,CUB,9571190,3786,70.8779,23.37935619,22.22933969,NA,NA,NA,0.069
Cuba,Americas,1977,CUB,9648385,3913,71.4113,23.47582277,22.30833278,NA,NA,NA,0.069
Cuba,Americas,1978,CUB,9711928,4114,71.8899,23.57273451,22.38810853,NA,NA,NA,0.069
Cuba,Americas,1979,CUB,9763308,4183,72.272,23.66951866,22.46888729,NA,NA,NA,0.069
Cuba,Americas,1980,CUB,9804751,4106,72.6027,23.76583307,22.54992365,NA,NA,NA,0.071
Cuba,Americas,1981,CUB,9849279,4420,72.9963,23.85879419,22.62963162,NA,NA,NA,0.071
Cuba,Americas,1982,CUB,9912631,4487,73.4393,23.94873682,22.70831851,NA,NA,NA,0.071
Cuba,Americas,1983,CUB,9990972,4705,73.564,24.03602892,22.78590886,NA,NA,NA,0.071
Cuba,Americas,1984,CUB,10073253,5051,73.5515,24.12069873,22.86226539,NA,NA,NA,0.071
Cuba,Americas,1985,CUB,10157180,5120,73.4641,24.20344464,22.93748767,NA,NA,NA,0.071
Cuba,Americas,1986,CUB,10244201,5075,73.5578,24.28388256,23.01117977,NA,NA,NA,0.071
Cuba,Americas,1987,CUB,10335288,4887,73.5956,24.36201128,23.08430427,NA,NA,NA,0.071
Cuba,Americas,1988,CUB,10432542,4994,73.7243,24.43836552,23.15723987,NA,NA,NA,0.071
Cuba,Americas,1989,CUB,10533199,4991,73.6899,24.51368484,23.2301392,NA,NA,NA,0.071
Cuba,Americas,1990,CUB,10631749,4713,73.8228,24.58912242,23.30263984,NA,NA,NA,0.071
Cuba,Americas,1991,CUB,10717592,3982.2656,73.7566,24.66217008,23.37430782,8.31,NA,NA,0.071
Cuba,Americas,1992,CUB,10785760,3399.9648,73.8464,24.73338092,23.44573397,8.786,NA,NA,0.071
Cuba,Americas,1993,CUB,10840991,2657.466,73.8735,24.80288895,23.51767982,9.28,NA,NA,0.103
Cuba,Americas,1994,CUB,10885965,2683.0984,74.0922,24.87112119,23.59086606,8.811,NA,NA,0.108
Cuba,Americas,1995,CUB,10925320,2860.7573,74.3461,24.93936893,23.66567476,8.27,NA,NA,0.108
Cuba,Americas,1996,CUB,10961962,3249.6353,74.6904,25.00797922,23.74213892,7.61,NA,NA,0.108
Cuba,Americas,1997,CUB,10997881,3425.5618,75.0636,25.07690075,23.81968939,7.1,NA,NA,0.108
Cuba,Americas,1998,CUB,11034670,3415.5452,75.4123,25.14605892,23.89868967,6.23,NA,NA,0.113
Cuba,Americas,1999,CUB,11072180,3623.5955,75.7191,25.21564896,23.97915688,6.26,NA,NA,0.113
Cuba,Americas,2000,CUB,11109058,4009.3398,75.9224,25.28372283,24.0607451,5.45,NA,NA,0.114
Cuba,Americas,2001,CUB,11144073,4231.3237,76.4287,25.34929356,24.14321986,4.08,NA,NA,0.114
Cuba,Americas,2002,CUB,11177376,4369.0405,76.7655,25.41264926,24.22598356,3.31,NA,NA,0.114
Cuba,Americas,2003,CUB,11209330,4506.676,77.4048,25.47353852,24.30874517,2.33,NA,NA,0.114
Cuba,Americas,2004,CUB,11238704,4561.0166,77.3261,25.53240213,24.39139066,1.854,NA,NA,0.114
Cuba,Americas,2005,CUB,11262507,4713.7065,77.5401,25.58941044,24.47407228,1.95,NA,NA,0.113
Cuba,Americas,2006,CUB,11278506,5416.141,77.4055,25.6448263,24.55627898,1.913,NA,NA,0.114
Cuba,Americas,2007,CUB,11287227,5635.6885,77.5503,25.69934144,24.63796669,1.788,NA,NA,0.114
Cuba,Americas,2008,CUB,11291718,6004.894,77.5891,25.7534569,24.71922659,1.583,NA,NA,0.105
Cuba,Americas,2009,CUB,11294665,6248.304,77.5835,25.80746208,24.80048132,1.67,NA,NA,0.167
Cuba,Americas,2010,CUB,11297363,6578.1904,77.8757,25.8620032,24.88229794,2.5,NA,NA,0.167
Cuba,Americas,2011,CUB,11301523,6928,78.0506,25.91775969,24.96457073,3.18,NA,NA,0.167
Cuba,Americas,2012,CUB,11303128,7138,78.1618,25.97391988,25.04642744,3.46,NA,NA,0.167
Cuba,Americas,2013,CUB,11298111,7379,78.0279,26.03075976,25.12808914,3.29,NA,NA,0.169
Cuba,Americas,2014,CUB,11285740,7628,77.8245,26.08775045,25.2097003,2.7,NA,NA,0.169
Cuba,Americas,2015,CUB,11275017,7889,77.7453,26.14472259,25.29132131,2.4,NA,NA,0.169
Cuba,Americas,2016,CUB,11265570,7928.05,77.5706,26.20142057,25.37309739,2,NA,NA,0.171
Cuba,Americas,2017,CUB,11247779,8075.465,77.3003,NA,NA,1.7,NA,NA,0.17
Cuba,Americas,2018,CUB,11227064,8262.988,77.4259,NA,NA,1.7,NA,NA,0.177
Cuba,Americas,2019,CUB,11202800,8257.785,77.4133,NA,NA,1.2,NA,NA,0.181
Cuba,Americas,2020,CUB,11176301,7364.1055,77.4075,NA,NA,1.4,NA,NA,0.179
Cuba,Americas,2021,CUB,11122126,7485.821,73.2006,NA,NA,1.373,NA,NA,0.179
Cuba,Americas,2022,CUB,11059772,7648.704,77.6291,NA,NA,1.254,NA,13.71,0.178
Cuba,Americas,2023,CUB,11019881,NA,78.0855,NA,NA,1.163,NA,13.71,0.175
Czechia,Europe,1952,CZE,9077167,NA,66.8633,NA,NA,NA,NA,NA,0.187
Czechia,Europe,1953,CZE,9152549,NA,67.5532,NA,NA,NA,NA,NA,0.138
Czechia,Europe,1954,CZE,9221134,NA,68.0503,NA,NA,NA,NA,NA,0.128
Czechia,Europe,1955,CZE,9289377,NA,68.978,NA,NA,NA,NA,NA,0.131
Czechia,Europe,1956,CZE,9357977,NA,69.3678,NA,NA,NA,NA,NA,0.131
Czechia,Europe,1957,CZE,9418930,NA,69.0329,NA,NA,NA,NA,NA,0.139
Czechia,Europe,1958,CZE,9469654,NA,69.9734,NA,NA,NA,NA,NA,0.195
Czechia,Europe,1959,CZE,9508343,NA,69.8941,NA,NA,NA,NA,NA,0.195
Czechia,Europe,1960,CZE,9541555,NA,70.4521,NA,NA,NA,NA,NA,0.195
Czechia,Europe,1961,CZE,9573342,NA,70.6216,NA,NA,NA,NA,NA,0.194
Czechia,Europe,1962,CZE,9597413,NA,69.8909,NA,NA,NA,NA,NA,0.195
Czechia,Europe,1963,CZE,9627281,NA,70.3905,NA,NA,NA,NA,NA,0.196
Czechia,Europe,1964,CZE,9668699,NA,70.5891,NA,NA,NA,NA,NA,0.198
Czechia,Europe,1965,CZE,9706802,NA,70.2584,NA,NA,NA,NA,NA,0.198
Czechia,Europe,1966,CZE,9736193,NA,70.4543,NA,NA,NA,NA,NA,0.198
Czechia,Europe,1967,CZE,9758935,NA,70.3494,NA,NA,NA,NA,NA,0.205
Czechia,Europe,1968,CZE,9775065,NA,69.9098,NA,NA,NA,NA,NA,0.16
Czechia,Europe,1969,CZE,9787748,NA,69.4175,NA,NA,NA,NA,NA,0.14
Czechia,Europe,1970,CZE,9801206,8748,69.4882,NA,NA,NA,NA,NA,0.133
Czechia,Europe,1971,CZE,9822734,9177,69.7361,NA,NA,NA,NA,NA,0.132
Czechia,Europe,1972,CZE,9858025,9626,70.2302,NA,NA,NA,NA,NA,0.131
Czechia,Europe,1973,CZE,9906164,10026,70.0883,NA,NA,NA,NA,NA,0.132
Czechia,Europe,1974,CZE,9965913,10444,70.174,NA,NA,NA,NA,NA,0.132
Czechia,Europe,1975,CZE,10030738,10954,70.485,26.54772177,25.91780159,NA,NA,NA,0.169
Czechia,Europe,1976,CZE,10092896,11317,70.6014,26.58623094,25.99749217,NA,NA,NA,0.195
Czechia,Europe,1977,CZE,10149317,11634,70.6413,26.62478253,26.07818067,NA,NA,NA,0.196
Czechia,Europe,1978,CZE,10200701,12055,70.7115,26.66304015,26.15916589,NA,NA,NA,0.196
Czechia,Europe,1979,CZE,10246103,12164,70.8228,26.69996103,26.23974706,NA,NA,NA,0.196
Czechia,Europe,1980,CZE,10275349,12336,70.3404,26.73532115,26.319375,NA,NA,2.42,0.196
Czechia,Europe,1981,CZE,10289471,12306,70.7717,26.75809191,26.39161864,NA,NA,NA,0.195
Czechia,Europe,1982,CZE,10298966,12109,70.8766,26.77004599,26.45681706,NA,NA,NA,0.195
Czechia,Europe,1983,CZE,10302896,12301,70.6398,26.77184799,26.51512859,NA,NA,NA,0.195
Czechia,Europe,1984,CZE,10303771,12573,70.8965,26.76531961,26.56757981,NA,NA,NA,0.195
Czechia,Europe,1985,CZE,10305087,12855,71.1021,26.75118375,26.61366148,NA,NA,2.38,0.195
Czechia,Europe,1986,CZE,10304323,13211,71.053,26.72989253,26.65362222,NA,NA,NA,0.197
Czechia,Europe,1987,CZE,10303375,13514,71.51,26.70285102,26.68762574,NA,NA,NA,0.197
Czechia,Europe,1988,CZE,10305395,13791,71.714,26.67081537,26.71614857,NA,NA,2.8100002,0.136
Czechia,Europe,1989,CZE,10305562,14027,71.7544,26.63512213,26.7400905,NA,NA,NA,0.146
Czechia,Europe,1990,CZE,10301937,14178,71.4086,26.59730176,26.76096484,NA,NA,NA,0.8
Czechia,Europe,1991,CZE,10304363,12724.541,71.9699,26.55861147,26.78040033,2.27,NA,NA,0.888
Czechia,Europe,1992,CZE,10312408,12810.432,72.3298,26.51966027,26.79960824,2.6,11.0865,8.54,0.888
Czechia,Europe,1993,CZE,10320353,12974.197,72.8528,26.48129433,26.82003336,4.349,20.81303,NA,0.896
Czechia,Europe,1994,CZE,10322286,13517.582,73.0817,26.44435094,26.84261181,4.284,10.03943,NA,0.896
Czechia,Europe,1995,CZE,10311979,14550.1045,73.1772,26.40962477,26.86841053,4.083,8.990523,NA,0.896
Czechia,Europe,1996,CZE,10296088,15386.32,73.8344,26.37825846,26.89791786,3.852,8.758775,10.639999,0.896
Czechia,Europe,1997,CZE,10279996,15494.317,73.946,26.35078636,26.93195406,4.674,8.596157,NA,0.896
Czechia,Europe,1998,CZE,10265381,15657.426,74.5527,26.32849151,26.97189499,6.455,10.698365,NA,0.887
Czechia,Europe,1999,CZE,10251335,16102.508,74.7414,26.31110796,27.01708713,8.702,2.1354485,NA,0.879
Czechia,Europe,2000,CZE,10236753,17056.16,74.9781,26.29806148,27.06703202,8.764,3.7753882,NA,0.879
Czechia,Europe,2001,CZE,10231897,17868.568,75.3141,26.28906486,27.12121626,8.128,4.6626754,NA,0.879
Czechia,Europe,2002,CZE,10239426,18431.027,75.4424,26.2838184,27.17890575,7.281,1.9029809,NA,0.888
Czechia,Europe,2003,CZE,10248852,19344.09,75.3959,26.28198273,27.23965547,7.777,0.1187392,10.29,0.896
Czechia,Europe,2004,CZE,10261411,20555.035,75.9416,26.28389943,27.30333691,8.298,2.7601078,11.54,0.897
Czechia,Europe,2005,CZE,10280103,22128.58,76.1561,26.28862571,27.36999033,7.927,1.8570979,12.05,0.897
Czechia,Europe,2006,CZE,10304542,23888.164,76.708,26.29606381,27.43905156,7.141,2.5339925,11.62,0.9
Czechia,Europe,2007,CZE,10337488,25382.807,76.9189,26.30571662,27.50917467,5.316,2.8531244,10.94,0.902
Czechia,Europe,2008,CZE,10378248,26186.045,77.1722,26.31707254,27.58010947,4.393,6.358664,14.27,0.902
Czechia,Europe,2009,CZE,10420931,25093.863,77.2578,26.32874014,27.65083467,6.662,1.0193774,11.27,0.895
Czechia,Europe,2010,CZE,10463981,25922.395,77.5677,26.34051018,27.72186643,7.281,1.4727273,11.5199995,0.886
Czechia,Europe,2011,CZE,10495455,26725,77.8144,26.35371494,27.79376641,6.712,1.9172192,9.9,0.894
Czechia,Europe,2012,CZE,10507287,26483.38,77.9977,26.36824807,27.86773167,6.979,3.2876232,11.45,0.894
Czechia,Europe,2013,CZE,10511117,26467.629,78.169,26.38376072,27.94430817,6.953,1.4382979,10.450001,0.87
Czechia,Europe,2014,CZE,10517176,27030.19,78.7439,26.40038138,28.02359322,6.108,0.3439886,10.450001,0.857
Czechia,Europe,2015,CZE,10524367,28437.604,78.5609,26.41777804,28.10546988,5.048,0.30936456,11.29,0.857
Czechia,Europe,2016,CZE,10531895,29097.504,78.9744,26.43610997,28.18887918,3.952,0.6835042,10.559999,0.857
Czechia,Europe,2017,CZE,10541301,30531.383,78.926,NA,NA,2.893,2.4505339,10.04,0.842
Czechia,Europe,2018,CZE,10548878,31405.09,78.9612,NA,NA,2.246,2.149495,10.059999,0.817
Czechia,Europe,2019,CZE,10554819,32226.553,79.1853,NA,NA,2.015,2.847876,NA,0.808
Czechia,Europe,2020,CZE,10550083,30365.37,78.237,NA,NA,2.551,3.1612952,NA,0.815
Czechia,Europe,2021,CZE,10530619,31452.557,77.2342,NA,NA,2.803,3.839845,NA,0.794
Czechia,Europe,2022,CZE,10673169,32247.395,79.1648,NA,NA,2.224,15.100165,9.68,0.857
Czechia,Europe,2023,CZE,10809674,NA,79.8341,NA,NA,2.593,10.661261,9.610001,0.869
Denmark,Europe,1952,DNK,4332188,11086,70.7599,NA,NA,NA,NA,NA,0.906
Denmark,Europe,1953,DNK,4369054,11623,71.1723,NA,NA,NA,NA,NA,0.904
Denmark,Europe,1954,DNK,4406361,11749,71.3394,NA,NA,NA,NA,NA,0.902
Denmark,Europe,1955,DNK,4438797,11788,71.9139,NA,NA,NA,NA,NA,0.905
Denmark,Europe,1956,DNK,4466295,11858,72.0424,NA,NA,NA,NA,NA,0.905
Denmark,Europe,1957,DNK,4489610,12696,71.8068,NA,NA,NA,NA,NA,0.904
Denmark,Europe,1958,DNK,4516020,12903,72.2381,NA,NA,NA,NA,NA,0.903
Denmark,Europe,1959,DNK,4548425,13767,72.2253,NA,NA,NA,NA,NA,0.903
Denmark,Europe,1960,DNK,4579292,14046,72.196,NA,NA,NA,1.2552301,NA,0.905
Denmark,Europe,1961,DNK,4611303,14843,72.4529,NA,NA,NA,3.4516287,NA,0.905
Denmark,Europe,1962,DNK,4647415,15537,72.3515,NA,NA,NA,7.3778195,NA,0.905
Denmark,Europe,1963,DNK,4684217,15513,72.419,NA,NA,NA,6.105033,NA,0.905
Denmark,Europe,1964,DNK,4721835,16832,72.5077,NA,NA,NA,3.0927835,NA,0.906
Denmark,Europe,1965,DNK,4758793,17459,72.3884,NA,NA,NA,5.45,NA,0.906
Denmark,Europe,1966,DNK,4797153,17789,72.4665,NA,NA,NA,7.0649595,NA,0.906
Denmark,Europe,1967,DNK,4835180,18230,72.9547,NA,NA,NA,8.207853,NA,0.907
Denmark,Europe,1968,DNK,4864739,18868,73.1469,NA,NA,NA,8.005207,NA,0.907
Denmark,Europe,1969,DNK,4891752,19974,73.2446,NA,NA,NA,3.4879193,NA,0.907
Denmark,Europe,1970,DNK,4928629,20221,73.364,NA,NA,NA,6.5148416,NA,0.907
Denmark,Europe,1971,DNK,4963011,20617,73.4274,NA,NA,NA,5.8698697,NA,0.908
Denmark,Europe,1972,DNK,4991527,21579,73.4675,NA,NA,NA,6.562361,NA,0.91
Denmark,Europe,1973,DNK,5021715,22228,73.6944,NA,NA,NA,9.303383,NA,0.91
Denmark,Europe,1974,DNK,5045585,21919,73.8216,NA,NA,NA,15.275207,NA,0.908
Denmark,Europe,1975,DNK,5060346,21712,74.1002,24.42038542,23.14242318,NA,9.605612,NA,0.906
Denmark,Europe,1976,DNK,5072754,23059,73.7697,24.40636695,23.23173316,NA,9.010291,NA,0.906
Denmark,Europe,1977,DNK,5088527,23360,74.6592,24.39008704,23.3202731,NA,10.922237,NA,0.907
Denmark,Europe,1978,DNK,5104295,23632,74.4263,24.37233078,23.40964205,NA,10.2136545,NA,0.907
Denmark,Europe,1979,DNK,5116805,24409,74.2409,24.35507748,23.5015616,NA,9.611051,NA,0.908
Denmark,Europe,1980,DNK,5123024,24272,74.1295,24.33938488,23.59699886,NA,12.305324,7.12,0.911
Denmark,Europe,1981,DNK,5121567,24063,74.2506,24.32450304,23.69568675,NA,11.767387,6.92,0.91
Denmark,Europe,1982,DNK,5117847,24807,74.5967,24.31076845,23.79697924,NA,10.120826,7.1000004,0.907
Denmark,Europe,1983,DNK,5114422,25450,74.4556,24.29895119,23.90074047,NA,6.908229,8.7300005,0.907
Denmark,Europe,1984,DNK,5111778,26581,74.6164,24.28916727,24.00681069,NA,6.2907796,9.99,0.91
Denmark,Europe,1985,DNK,5113823,27710,74.4801,24.28184797,24.11430434,NA,4.6787515,9.9,0.91
Denmark,Europe,1986,DNK,5120640,28681,74.6392,24.27656608,24.22018903,NA,3.678184,9.28,0.91
Denmark,Europe,1987,DNK,5127093,28728,74.7445,24.27363883,24.32502288,NA,4.0199933,9.77,0.909
Denmark,Europe,1988,DNK,5129588,29049,74.8395,24.27337839,24.42924926,NA,4.535133,8.53,0.908
Denmark,Europe,1989,DNK,5132673,29108,74.8597,24.27625836,24.53293992,NA,4.772723,8.56,0.908
Denmark,Europe,1990,DNK,5140973,29412,74.8655,24.2818938,24.63590177,NA,2.641603,8.190001,0.908
Denmark,Europe,1991,DNK,5154296,29915.447,75.2271,24.29020216,24.7378254,9.099,2.3951533,8.36,0.908
Denmark,Europe,1992,DNK,5171320,30573.574,75.2686,24.30124869,24.8390258,9.027,2.0960445,8.18,0.908
Denmark,Europe,1993,DNK,5188587,30649.537,75.1891,24.31471483,24.93940021,10.719,1.2578567,8.81,0.908
Denmark,Europe,1994,DNK,5206148,32359.297,75.4408,24.33018968,25.03849536,8.036,1.9920146,9.24,0.909
Denmark,Europe,1995,DNK,5233317,33356.14,75.287,24.34836198,25.1367943,6.992,2.0836084,9.83,0.911
Denmark,Europe,1996,DNK,5263020,34325.44,75.6636,24.36845528,25.23430637,6.844,2.126298,10.31,0.911
Denmark,Europe,1997,DNK,5284984,35499.062,76.0409,24.38982748,25.33050262,5.4,2.1821668,12.29,0.911
Denmark,Europe,1998,DNK,5304222,36361.23,76.4357,24.41108082,25.42578137,5.039,1.8456513,10.28,0.908
Denmark,Europe,1999,DNK,5321759,37523.426,76.5777,24.43058623,25.51837459,5.142,2.4977953,11.93,0.908
Denmark,Europe,2000,DNK,5339614,39021.176,76.8152,24.44853352,25.60728184,4.476,2.903282,11.45,0.908
Denmark,Europe,2001,DNK,5358777,39425.863,76.9736,24.46532238,25.693801,4.164,2.3378701,10.400001,0.908
Denmark,Europe,2002,DNK,5375919,39709.37,77.0989,24.48080167,25.77705296,4.274,2.4244366,9.58,0.91
Denmark,Europe,2003,DNK,5390562,39983.145,77.4012,24.49491131,25.85640142,5.398,2.0750782,9.26,0.91
Denmark,Europe,2004,DNK,5404551,41178.562,77.7853,24.5078179,25.93077971,5.204,1.154357,9.91,0.91
Denmark,Europe,2005,DNK,5419506,42264.63,78.2259,24.51945555,25.99857403,4.83,1.8178146,10.78,0.921
Denmark,Europe,2006,DNK,5437380,44025.484,78.2234,24.53039156,26.05940442,3.897,1.9242214,11.22,0.923
Denmark,Europe,2007,DNK,5461554,44481.47,78.3494,24.53999451,26.11191998,3.801,1.6932659,10.86,0.923
Denmark,Europe,2008,DNK,5493714,44246.4,78.7144,24.54789104,26.15548247,3.683,3.4162679,10.2300005,0.922
Denmark,Europe,2009,DNK,5523119,42090.17,78.9574,24.55427185,26.19120421,6.409,1.3047099,9.440001,0.922
Denmark,Europe,2010,DNK,5547824,42932.4,79.2473,24.5580831,26.21837987,7.747,2.3109243,11.389999,0.922
Denmark,Europe,2011,DNK,5570801,43575,79.786,24.5598094,26.23791586,7.769,2.7586823,12.179999,0.922
Denmark,Europe,2012,DNK,5591867,43509.613,80.0822,24.56015615,26.25077159,7.798,2.397915,13.13,0.922
Denmark,Europe,2013,DNK,5615285,43743.61,80.3063,24.56017357,26.25934967,7.384,0.7890718,14.02,0.922
Denmark,Europe,2014,DNK,5643742,44215.633,80.6319,24.559416680000002,26.26607011,6.925,0.5640205,13.37,0.922
Denmark,Europe,2015,DNK,5683641,44940.887,80.7394,24.55860213,26.27218229,6.278,0.45203415,14.659999,0.923
Denmark,Europe,2016,DNK,5728150,46018.984,80.8814,24.55769869,26.27862334,5.989,0.25,14.759999,0.921
Denmark,Europe,2017,DNK,5765108,47022.01,81.1116,NA,NA,5.833,1.1471322,13.03,0.921
Denmark,Europe,2018,DNK,5793761,47717.457,80.9909,NA,NA,5.131,0.8136095,NA,0.921
Denmark,Europe,2019,DNK,5814566,48238.656,81.4343,NA,NA,5.018,0.75813156,NA,0.917
Denmark,Europe,2020,DNK,5831483,47171.086,81.5458,NA,NA,5.637,0.42071196,NA,0.917
Denmark,Europe,2021,DNK,5856724,49258.75,81.4363,NA,NA,5.043,1.8530455,NA,0.919
Denmark,Europe,2022,DNK,5902846,50689.68,81.2906,NA,NA,4.434,7.696567,12.51,0.918
Denmark,Europe,2023,DNK,5948078,NA,81.9328,NA,NA,5.142,3.3051782,12.44,0.916
Djibouti,Africa,1952,DJI,66332,3585,41.2296,NA,NA,NA,NA,NA,0.054
Djibouti,Africa,1953,DJI,68465,3633,41.484,NA,NA,NA,NA,NA,0.054
Djibouti,Africa,1954,DJI,70677,3743,41.7745,NA,NA,NA,NA,NA,0.054
Djibouti,Africa,1955,DJI,72983,3765,42.0436,NA,NA,NA,NA,NA,0.054
Djibouti,Africa,1956,DJI,75363,3810,42.2871,NA,NA,NA,NA,NA,0.054
Djibouti,Africa,1957,DJI,77844,3848,42.5702,NA,NA,NA,NA,NA,0.102
Djibouti,Africa,1958,DJI,80413,3840,42.772,NA,NA,NA,NA,NA,0.102
Djibouti,Africa,1959,DJI,83064,3948,43.0788,NA,NA,NA,NA,NA,0.102
Djibouti,Africa,1960,DJI,85995,4087,43.4212,NA,NA,NA,NA,NA,0.103
Djibouti,Africa,1961,DJI,89363,4114,43.7808,NA,NA,NA,NA,NA,0.103
Djibouti,Africa,1962,DJI,93252,4057,44.0918,NA,NA,NA,NA,NA,0.103
Djibouti,Africa,1963,DJI,97843,4092,44.4421,NA,NA,NA,NA,NA,0.103
Djibouti,Africa,1964,DJI,103172,4055,44.812,NA,NA,NA,NA,NA,0.105
Djibouti,Africa,1965,DJI,109070,4047,45.2344,NA,NA,NA,NA,NA,0.105
Djibouti,Africa,1966,DJI,115235,4063,45.6201,NA,NA,NA,NA,NA,0.105
Djibouti,Africa,1967,DJI,121617,4055,46.1031,NA,NA,NA,NA,NA,0.103
Djibouti,Africa,1968,DJI,128223,4028,46.5523,NA,NA,NA,NA,NA,0.106
Djibouti,Africa,1969,DJI,136047,4018,47.0668,NA,NA,NA,NA,NA,0.106
Djibouti,Africa,1970,DJI,145148,4774,47.5361,NA,NA,NA,NA,NA,0.103
Djibouti,Africa,1971,DJI,155112,4846,47.2593,NA,NA,NA,NA,NA,0.102
Djibouti,Africa,1972,DJI,166221,4787,48.5318,NA,NA,NA,NA,NA,0.1
Djibouti,Africa,1973,DJI,178413,4801,49.0967,NA,NA,NA,NA,NA,0.1
Djibouti,Africa,1974,DJI,192574,4414,49.5203,NA,NA,NA,NA,NA,0.099
Djibouti,Africa,1975,DJI,209874,4691,49.9228,22.57085125,20.77700113,NA,NA,NA,0.099
Djibouti,Africa,1976,DJI,230701,4878,50.3352,22.68486969,20.90400574,NA,NA,NA,0.099
Djibouti,Africa,1977,DJI,254583,4036,50.7555,22.79567125,21.02970928,NA,NA,NA,0.132
Djibouti,Africa,1978,DJI,280004,3419,51.1715,22.90311967,21.15441073,NA,NA,NA,0.181
Djibouti,Africa,1979,DJI,304479,3308,51.5968,23.00811017,21.27805343,NA,NA,NA,0.181
Djibouti,Africa,1980,DJI,325790,3167,52.0462,23.1109301,21.40087959,NA,12.058023,NA,0.18
Djibouti,Africa,1981,DJI,343020,3091,52.3553,23.20732567,21.52016443,NA,5.7173676,NA,0.181
Djibouti,Africa,1982,DJI,356848,3043,52.8928,23.2980134,21.63556562,NA,-2.4107144,NA,0.179
Djibouti,Africa,1983,DJI,369520,2963,53.3338,23.38369395,21.74757618,NA,0.9018429,NA,0.179
Djibouti,Africa,1984,DJI,384025,2944,53.7454,23.46565665,21.85665421,NA,1.8847151,NA,0.179
Djibouti,Africa,1985,DJI,402640,2880,54.0746,23.54341013,21.96253757,NA,2.128903,NA,0.179
Djibouti,Africa,1986,DJI,426293,2743,54.4937,23.61445559,22.06373582,NA,18.147633,NA,0.179
Djibouti,Africa,1987,DJI,454369,2670,54.832,23.67946719,22.15952293,NA,4.0891166,NA,0.18
Djibouti,Africa,1988,DJI,484482,2652,55.1326,23.73986627,22.25097833,NA,NA,NA,0.18
Djibouti,Africa,1989,DJI,523310,2436,55.3686,23.79685392,22.33862108,NA,NA,NA,0.18
Djibouti,Africa,1990,DJI,579498,2308,55.4689,23.85068725,22.42264014,NA,NA,NA,0.178
Djibouti,Africa,1991,DJI,631053,2013.3427,55.1935,23.90002843,22.50207761,27.078,NA,NA,0.176
Djibouti,Africa,1992,DJI,625972,2141.634,54.3753,23.94506533,22.57617143,26.931,NA,NA,0.227
Djibouti,Africa,1993,DJI,614201,2290.7847,55.734,23.98687076,22.64459932,27.509,NA,NA,0.239
Djibouti,Africa,1994,DJI,626667,2175.3618,55.5916,24.02600351,22.70816962,27.422,NA,NA,0.239
Djibouti,Africa,1995,DJI,633037,2262.4287,56.234,24.06375892,22.76727982,27.607,NA,NA,0.239
Djibouti,Africa,1996,DJI,648307,2081.9954,56.3297,24.10107669,22.82293933,27.461,NA,NA,0.239
Djibouti,Africa,1997,DJI,671772,2080.5134,56.207,24.13834672,22.8756307,27.446,NA,NA,0.24
Djibouti,Africa,1998,DJI,699309,1974.5657,56.4263,24.17550803,22.92549755,27.269,NA,NA,0.247
Djibouti,Africa,1999,DJI,724183,1930.5078,56.5638,24.21295613,22.97290003,26.955,NA,NA,0.245
Djibouti,Africa,2000,DJI,747274,1880.9988,56.7341,24.25000387,23.01805124,26.862,NA,NA,0.254
Djibouti,Africa,2001,DJI,771269,1845.6991,57.5059,24.28725268,23.06080116,26.78,1.7466522,NA,0.255
Djibouti,Africa,2002,DJI,795535,1824.4551,57.8239,24.32308701,23.10171587,26.761,0.63761955,15.25,0.266
Djibouti,Africa,2003,DJI,813490,1945.6655,58.0406,24.35790282,23.14093024,26.647,1.9819673,NA,0.262
Djibouti,Africa,2004,DJI,826097,2097.1233,58.1033,24.39082785,23.17895239,26.602,3.122262,NA,0.265
Djibouti,Africa,2005,DJI,839126,2126.8052,58.5483,24.42155643,23.21424255,26.605,3.1049664,NA,0.25
Djibouti,Africa,2006,DJI,855714,2342.2192,58.9617,24.45099694,23.24749665,26.528,3.483407,NA,0.244
Djibouti,Africa,2007,DJI,874488,2396.018,59.3617,24.47961489,23.27800202,26.423,4.9659767,NA,0.244
Djibouti,Africa,2008,DJI,892698,2463.4448,59.815,24.50800018,23.30588394,26.299,11.958621,NA,0.242
Djibouti,Africa,2009,DJI,911478,2521.5046,60.3511,24.53642792,23.33099966,26.436,1.6754959,NA,0.241
Djibouti,Africa,2010,DJI,930209,2543.8733,60.7431,24.56543292,23.35456482,26.469,3.9500787,NA,0.241
Djibouti,Africa,2011,DJI,948524,2590,61.3373,24.59586402,23.37807247,26.399,5.068714,NA,0.245
Djibouti,Africa,2012,DJI,966707,2654,61.7188,24.62678051,23.40244652,26.252,3.7312095,17.07,0.246
Djibouti,Africa,2013,DJI,984788,2724,62.1162,24.65853113,23.42759741,26.211,2.7060325,16.29,0.243
Djibouti,Africa,2014,DJI,1002677,2823,62.4274,24.69081591,23.45363896,26.217,1.341865,NA,0.243
Djibouti,Africa,2015,DJI,1020260,2941,62.8326,24.72292651,23.47983819,26.095,-0.84738976,NA,0.243
Djibouti,Africa,2016,DJI,1037617,3084.5425,63.335,24.75441969,23.50601857,25.999,2.7384121,NA,0.243
Djibouti,Africa,2017,DJI,1054797,3197.9792,63.71,NA,NA,26.064,0.56811213,15.73,0.247
Djibouti,Africa,2018,DJI,1071849,3308.117,64.1051,NA,NA,26.18,0.14797086,NA,0.254
Djibouti,Africa,2019,DJI,1088656,3436.9502,64.3809,NA,NA,26.246,3.3192537,NA,0.252
Djibouti,Africa,2020,DJI,1105141,3426.696,64.2001,NA,NA,27.645,1.7774079,NA,0.25
Djibouti,Africa,2021,DJI,1121203,3541.5713,63.8301,NA,NA,27.548,1.1819178,NA,0.251
Djibouti,Africa,2022,DJI,1137052,3623.0603,65.5402,NA,NA,26.367,5.1798086,15.73,0.253
Djibouti,Africa,2023,DJI,1152912,NA,65.9865,NA,NA,26.258,1.4950682,15.73,0.25
Dominican Republic,Americas,1952,DOM,2524999,1868,45.5713,NA,NA,NA,NA,NA,0.15
Dominican Republic,Americas,1953,DOM,2604776,1790,46.3497,NA,NA,NA,NA,NA,0.15
Dominican Republic,Americas,1954,DOM,2689049,1833,47.1234,NA,NA,NA,NA,NA,0.15
Dominican Republic,Americas,1955,DOM,2777582,1886,47.925,NA,NA,NA,NA,NA,0.15
Dominican Republic,Americas,1956,DOM,2869982,2008,48.71,NA,NA,NA,NA,NA,0.151
Dominican Republic,Americas,1957,DOM,2965733,2066,49.4703,NA,NA,NA,NA,NA,0.15
Dominican Republic,Americas,1958,DOM,3064299,2104,50.2108,NA,NA,NA,NA,NA,0.15
Dominican Republic,Americas,1959,DOM,3165253,2047,50.9525,NA,NA,NA,NA,NA,0.152
Dominican Republic,Americas,1960,DOM,3268295,2075,51.7048,NA,NA,NA,-3.5621917,NA,0.147
Dominican Republic,Americas,1961,DOM,3373194,1964,52.4472,NA,NA,NA,-3.9,NA,0.16
Dominican Republic,Americas,1962,DOM,3479893,2222,53.1987,NA,NA,NA,9.157128,NA,0.171
Dominican Republic,Americas,1963,DOM,3588246,2291,53.7536,NA,NA,NA,8.579599,NA,0.363
Dominican Republic,Americas,1964,DOM,3698513,2365,54.6529,NA,NA,NA,2.1071115,NA,0.156
Dominican Republic,Americas,1965,DOM,3808916,2007,52.8424,NA,NA,NA,-1.8916595,NA,0.148
Dominican Republic,Americas,1966,DOM,3921796,2206,55.965,NA,NA,NA,0.26292726,NA,0.194
Dominican Republic,Americas,1967,DOM,4038887,2211,56.6458,NA,NA,NA,1.238345,NA,0.264
Dominican Republic,Americas,1968,DOM,4157150,2150,57.2723,NA,NA,NA,0.0359764,NA,0.264
Dominican Republic,Americas,1969,DOM,4276987,2316,57.886,NA,NA,NA,0.9566281,NA,0.264
Dominican Republic,Americas,1970,DOM,4399250,2488,58.4931,NA,NA,NA,3.8166666,NA,0.265
Dominican Republic,Americas,1971,DOM,4524188,2678,59.0897,NA,NA,NA,3.580029,NA,0.267
Dominican Republic,Americas,1972,DOM,4651844,2928,59.6615,NA,NA,NA,8.640732,NA,0.267
Dominican Republic,Americas,1973,DOM,4782183,3196,60.2284,NA,NA,NA,15.079535,NA,0.267
Dominican Republic,Americas,1974,DOM,4914142,3295,60.757,NA,NA,NA,13.140767,NA,0.267
Dominican Republic,Americas,1975,DOM,5046742,3365,61.2538,22.20627128,22.05591065,NA,14.501726,NA,0.272
Dominican Republic,Americas,1976,DOM,5180346,3504,61.7394,22.37783632,22.16834553,NA,7.76555,NA,0.272
Dominican Republic,Americas,1977,DOM,5315397,3586,62.1995,22.54766623,22.2799678,NA,12.853527,NA,0.272
Dominican Republic,Americas,1978,DOM,5451838,3583,62.6236,22.7154592,22.39122953,NA,3.4778504,NA,0.358
Dominican Republic,Americas,1979,DOM,5589641,3649,62.4251,22.88144214,22.50238056,NA,9.173805,NA,0.467
Dominican Republic,Americas,1980,DOM,5728995,3781,63.3913,23.04562652,22.61273242,NA,16.753136,NA,0.464
Dominican Republic,Americas,1981,DOM,5868406,3846,63.7757,23.20229306,22.71909066,NA,7.514639,NA,0.464
Dominican Republic,Americas,1982,DOM,6007070,3826,64.1978,23.35214633,22.82136558,NA,7.646243,NA,0.502
Dominican Republic,Americas,1983,DOM,6147200,3905,64.63,23.49630748,22.92002991,NA,5.6286235,NA,0.524
Dominican Republic,Americas,1984,DOM,6289004,3830,65.1339,23.63521647,23.01532844,NA,20.151678,NA,0.522
Dominican Republic,Americas,1985,DOM,6430351,3653,65.6139,23.76996213,23.10797061,NA,45.336174,NA,0.522
Dominican Republic,Americas,1986,DOM,6571160,3682,66.0594,23.89890856,23.19592767,NA,7.6389728,NA,0.518
Dominican Republic,Americas,1987,DOM,6712483,3877,66.4897,24.02272036,23.28083738,NA,13.550724,NA,0.508
Dominican Republic,Americas,1988,DOM,6855687,3821,66.9144,24.14349593,23.3635878,NA,43.86383,NA,0.505
Dominican Republic,Americas,1989,DOM,7002239,4219,67.3312,24.26221065,23.44445905,NA,40.657917,NA,0.505
Dominican Republic,Americas,1990,DOM,7151120,3939,67.7459,24.38048565,23.52368846,NA,50.46248,NA,0.453
Dominican Republic,Americas,1991,DOM,7299794,3969.5686,68.1543,24.50115009,23.60392846,6.878,47.07916,NA,0.424
Dominican Republic,Americas,1992,DOM,7447429,4185.406,68.5251,24.62436909,23.68550483,6.671,4.2590265,NA,0.424
Dominican Republic,Americas,1993,DOM,7594508,4490.016,68.8601,24.74926941,23.76930919,6.305,5.250339,NA,0.424
Dominican Republic,Americas,1994,DOM,7741635,4597.151,69.1597,24.87496992,23.85607121,6.267,8.260768,NA,0.424
Dominican Republic,Americas,1995,DOM,7888070,4851.629,69.3937,25.00211726,23.94444079,6.431,12.535959,NA,0.441
Dominican Republic,Americas,1996,DOM,8032847,5198.5664,69.5951,25.13304794,24.03544491,6.48,5.399294,NA,0.538
Dominican Republic,Americas,1997,DOM,8174028,5616.89,69.8089,25.26635702,24.12781781,6.314,8.296568,NA,0.614
Dominican Republic,Americas,1998,DOM,8310319,6012.6924,69.8754,25.40128732,24.22011098,6.295,4.8316655,NA,0.634
Dominican Republic,Americas,1999,DOM,8446150,6419.7812,70.1781,25.53688487,24.31199106,6.305,6.470542,NA,0.641
Dominican Republic,Americas,2000,DOM,8584145,6788.084,70.3647,25.67095668,24.40268175,6.432,7.724136,NA,0.657
Dominican Republic,Americas,2001,DOM,8720237,6917.0303,70.5531,25.80453621,24.49346937,7.262,8.883068,NA,0.664
Dominican Republic,Americas,2002,DOM,8852187,7327.3657,70.7193,25.93645331,24.58390413,6.779,5.2233677,NA,0.66
Dominican Republic,Americas,2003,DOM,8980573,7324.6973,70.8562,26.06594863,24.67329791,6.938,27.449713,NA,0.658
Dominican Republic,Americas,2004,DOM,9104842,7441.4478,70.7303,26.19293247,24.76148711,6.303,51.46086,NA,0.644
Dominican Republic,Americas,2005,DOM,9224982,8156.431,71.0435,26.31756338,24.84766461,6.587,4.1902027,NA,0.636
Dominican Republic,Americas,2006,DOM,9341136,9059.885,71.0542,26.4406624,24.93232772,5.655,7.5728054,NA,0.637
Dominican Republic,Americas,2007,DOM,9455618,9866.458,71.0973,26.56196918,25.01542597,5.158,6.1435666,NA,0.635
Dominican Republic,Americas,2008,DOM,9573095,10225.529,71.3307,26.68184311,25.09702816,4.764,10.644621,NA,0.632
Dominican Republic,Americas,2009,DOM,9695215,10365.675,71.5866,26.80007918,25.17727497,5.467,1.4421513,NA,0.631
Dominican Republic,Americas,2010,DOM,9820138,11276.461,72.0393,26.91658037,25.25648351,5.212,6.329932,NA,0.614
Dominican Republic,Americas,2011,DOM,9945574,11679,72.4958,27.03082064,25.3336639,6.087,5.796768,NA,0.606
Dominican Republic,Americas,2012,DOM,10070376,11854.366,72.8165,27.14253818,25.40834366,6.722,3.694497,NA,0.601
Dominican Republic,Americas,2013,DOM,10193781,12290.143,73.0383,27.25203869,25.4810041,7.352,4.8309507,19.45,0.598
Dominican Republic,Americas,2014,DOM,10315473,13011.521,73.1449,27.35888681,25.55210799,6.719,2.9986422,19.96,0.598
Dominican Republic,Americas,2015,DOM,10434772,13765.119,72.9821,27.46328333,25.62181586,7.605,0.83674634,20.57,0.576
Dominican Republic,Americas,2016,DOM,10551381,14530.1,72.8894,27.56382371,25.68938691,7.284,1.614166,24.17,0.553
Dominican Republic,Americas,2017,DOM,10666801,15053.832,73.3702,NA,NA,5.832,3.279557,19.050001,0.541
Dominican Republic,Americas,2018,DOM,10781998,15944.744,73.5553,NA,NA,5.861,3.5644343,25.420002,0.547
Dominican Republic,Americas,2019,DOM,10893988,16587.236,73.1119,NA,NA,6.356,1.8106037,NA,0.541
Dominican Republic,Americas,2020,DOM,11008252,15325.654,72.6358,NA,NA,6.126,3.7810318,NA,0.643
Dominican Republic,Americas,2021,DOM,11123434,17046.646,71.7575,NA,NA,7.702,8.2430040000000009,16.04,0.687
Dominican Republic,Americas,2022,DOM,11230686,17713.52,74.2108,NA,NA,5.504,8.811092,15.18,0.683
Dominican Republic,Americas,2023,DOM,11331213,NA,73.7201,NA,NA,5.557,4.7856126,15.18,0.683
Ecuador,Americas,1952,ECU,3702351,3202,49.2348,NA,NA,NA,NA,NA,0.356
Ecuador,Americas,1953,ECU,3800247,3185,49.562,NA,NA,NA,NA,NA,0.348
Ecuador,Americas,1954,ECU,3901469,3352,49.962,NA,NA,NA,NA,NA,0.355
Ecuador,Americas,1955,ECU,4006148,3349,50.3928,NA,NA,NA,NA,NA,0.367
Ecuador,Americas,1956,ECU,4114492,3381,50.8827,NA,NA,NA,NA,NA,0.366
Ecuador,Americas,1957,ECU,4226813,3437,51.4548,NA,NA,NA,NA,NA,0.373
Ecuador,Americas,1958,ECU,4343445,3441,52.0726,NA,NA,NA,NA,NA,0.377
Ecuador,Americas,1959,ECU,4464717,3524,52.736,NA,NA,NA,NA,NA,0.38
Ecuador,Americas,1960,ECU,4590838,3649,53.3961,NA,NA,NA,1.6765991,NA,0.36
Ecuador,Americas,1961,ECU,4722285,3633,54.052,NA,NA,NA,3.9856205,NA,0.359
Ecuador,Americas,1962,ECU,4859210,3716,54.6815,NA,NA,NA,2.8708854,NA,0.368
Ecuador,Americas,1963,ECU,5001683,3698,55.3222,NA,NA,NA,5.939509,NA,0.215
Ecuador,Americas,1964,ECU,5149873,3843,55.9501,NA,NA,NA,4.0342045,NA,0.134
Ecuador,Americas,1965,ECU,5303909,4090,56.5243,NA,NA,NA,3.0690706,NA,0.137
Ecuador,Americas,1966,ECU,5463693,4074,57.0189,NA,NA,NA,5.453727,NA,0.141
Ecuador,Americas,1967,ECU,5629008,4163,57.4817,NA,NA,NA,3.8181381,NA,0.181
Ecuador,Americas,1968,ECU,5799635,4264,57.9458,NA,NA,NA,4.317656,NA,0.275
Ecuador,Americas,1969,ECU,5975183,4366,58.2671,NA,NA,NA,6.3266816,NA,0.381
Ecuador,Americas,1970,ECU,6155339,4535,58.8496,NA,NA,NA,5.171276,NA,0.298
Ecuador,Americas,1971,ECU,6340012,4658,59.3426,NA,NA,NA,9.52167,NA,0.209
Ecuador,Americas,1972,ECU,6528988,4801,59.8165,NA,NA,NA,7.525118,NA,0.175
Ecuador,Americas,1973,ECU,6721991,5244,60.3061,NA,NA,NA,12.128146,NA,0.147
Ecuador,Americas,1974,ECU,6918516,5392,60.7,NA,NA,NA,22.704082,NA,0.147
Ecuador,Americas,1975,ECU,7118207,5514,61.0849,22.41916533,22.34687141,NA,14.289675,NA,0.147
Ecuador,Americas,1976,ECU,7320858,5877,61.4251,22.56676119,22.44283235,NA,10.17463,NA,0.147
Ecuador,Americas,1977,ECU,7526774,6073,61.9347,22.71668272,22.54024911,NA,12.944414,NA,0.148
Ecuador,Americas,1978,ECU,7736138,6314,62.3972,22.86779213,22.63903432,NA,13.098139,NA,0.202
Ecuador,Americas,1979,ECU,7948829,6472,62.8541,23.01971939,22.73927885,NA,10.117191,NA,0.395
Ecuador,Americas,1980,ECU,8165829,6582,63.3261,23.17221275,22.84042514,NA,11.909289,NA,0.685
Ecuador,Americas,1981,ECU,8386867,6664,63.8092,23.32488581,22.94217584,NA,14.047969,NA,0.685
Ecuador,Americas,1982,ECU,8611245,6558,64.2712,23.47690586,23.0438944,NA,16.284489,NA,0.685
Ecuador,Americas,1983,ECU,8840378,6252,64.6593,23.62833679,23.14605323,NA,48.41822,NA,0.685
Ecuador,Americas,1984,ECU,9074738,6336,65.2016,23.77893111,23.2483732,NA,31.219582,NA,0.689
Ecuador,Americas,1985,ECU,9311101,6433,65.6253,23.92844438,23.35059633,NA,27.99361,NA,0.677
Ecuador,Americas,1986,ECU,9545948,6452,66.1225,24.0759446,23.45182134,NA,23.030226,NA,0.677
Ecuador,Americas,1987,ECU,9779242,5893,66.5868,24.22162742,23.55292586,NA,29.503998,NA,0.677
Ecuador,Americas,1988,ECU,10010751,6357,67.0383,24.36605493,23.65407132,NA,58.216286,NA,0.7
Ecuador,Americas,1989,ECU,10241804,6207,67.8172,24.50960619,23.75523755,NA,75.64819,NA,0.723
Ecuador,Americas,1990,ECU,10473624,6221,68.445,24.65261214,23.85641285,NA,48.51911,NA,0.721
Ecuador,Americas,1991,ECU,10702316,6513.337,69.0402,24.79248575,23.95671956,4.332,48.718082,NA,0.719
Ecuador,Americas,1992,ECU,10930078,6715.474,69.4678,24.93039057,24.05657598,4.291,54.607822,NA,0.718
Ecuador,Americas,1993,ECU,11154232,6770.1787,70.0695,25.06639327,24.15651327,4.367,44.955055,NA,0.711
Ecuador,Americas,1994,ECU,11372139,6940.0903,70.8759,25.20059066,24.25715399,4.373,27.310883,NA,0.704
Ecuador,Americas,1995,ECU,11590473,6985.1553,71.3485,25.33407335,24.35819195,4.372,22.934134,NA,0.706
Ecuador,Americas,1996,ECU,11810910,6993.644,71.8201,25.46701821,24.46015977,4.387,24.411459,NA,0.704
Ecuador,Americas,1997,ECU,12031076,7181.101,72.007,25.59940177,24.56342285,4.389,30.657568,NA,0.703
Ecuador,Americas,1998,ECU,12251147,7307.1694,71.9493,25.73124515,24.66803609,4.35,36.098434,NA,0.694
Ecuador,Americas,1999,ECU,12470759,6884.7925,71.9198,25.86270956,24.77427394,4.642,52.242004,NA,0.691
Ecuador,Americas,2000,ECU,12689159,6908.243,72.0896,25.99334111,24.88242024,4.8,96.096375,NA,0.689
Ecuador,Americas,2001,ECU,12910685,7131.194,72.5709,26.12090786,24.99107946,4.252,37.676746,NA,0.689
Ecuador,Americas,2002,ECU,13138427,7359.707,73.1643,26.24627951,25.10027856,4.825,12.483598,19.66,0.691
Ecuador,Americas,2003,ECU,13372246,7468.5034,73.632,26.36979243,25.21069028,5.662,7.9293647,19.83,0.7
Ecuador,Americas,2004,ECU,13608650,7958.921,73.8676,26.49250727,25.32325524,5.002,2.743232,19.08,0.7
Ecuador,Americas,2005,ECU,13846112,8256.777,73.9092,26.6155237,25.43719823,3.779,2.168277,18.34,0.7
Ecuador,Americas,2006,ECU,14086093,8521.56,74.0104,26.73950067,25.55249761,3.55,3.2987485,15.93,0.703
Ecuador,Americas,2007,ECU,14328733,8633.584,74.2259,26.86484084,25.66961994,3.142,2.2761848,20.640001,0.671
Ecuador,Americas,2008,ECU,14575156,9103.872,74.7085,26.99234064,25.78836925,3.917,8.400096,14.57,0.632
Ecuador,Americas,2009,ECU,14825912,9081.37,74.9011,27.12230796,25.90865548,4.608,5.1599684,14.139999,0.612
Ecuador,Americas,2010,ECU,15076646,9327.213,75.1876,27.25421757,26.0298059,4.088,3.5543773,18.05,0.588
Ecuador,Americas,2011,ECU,15326174,9985,75.1794,27.38793313,26.15240277,3.458,4.4745326,13.13,0.587
Ecuador,Americas,2012,ECU,15572144,10398.948,75.4857,27.52306711,26.27562807,3.235,5.101722,20.17,0.589
Ecuador,Americas,2013,ECU,15807087,10761.351,75.8322,27.65923615,26.39869943,3.083,2.7217758,15.96,0.541
Ecuador,Americas,2014,ECU,16035075,11016.161,76.1409,27.79537523,26.52188046,3.48,3.58922,14.830001,0.54
Ecuador,Americas,2015,ECU,16266173,10878.766,76.2219,27.93118032,26.64511661,3.616,3.9666462,12.47,0.534
Ecuador,Americas,2016,ECU,16505094,10603.806,76.0942,28.0662789,26.76872095,4.597,1.7282647,12.3,0.543
Ecuador,Americas,2017,ECU,16759466,10715.15,76.2197,NA,NA,3.836,0.4173356,13.950001,0.555
Ecuador,Americas,2018,ECU,17049489,10716.904,77.2484,NA,NA,3.53,-0.22410324,14.69,0.643
Ecuador,Americas,2019,ECU,17339967,10586.937,77.2862,NA,NA,3.812,0.26601252,14.059999,0.618
Ecuador,Americas,2020,ECU,17546006,9646.065,72.0036,NA,NA,6.127,-0.3388724,NA,0.623
Ecuador,Americas,2021,ECU,17682398,9937.696,72.7465,NA,NA,4.552,0.13325138,NA,0.628
Ecuador,Americas,2022,ECU,17823857,10124.076,76.5767,NA,NA,3.761,3.4661698,14,0.659
Ecuador,Americas,2023,ECU,17980034,NA,77.3924,NA,NA,3.367,2.2156878,14,0.639
Egypt,Africa,1952,EGY,22104896,1435,36.597,NA,NA,NA,NA,NA,0.15
Egypt,Africa,1953,EGY,22644095,1425,37.8686,NA,NA,NA,NA,NA,0.066
Egypt,Africa,1954,EGY,23212516,1417,39.058,NA,NA,NA,NA,NA,0.058
Egypt,Africa,1955,EGY,23795188,1411,40.1543,NA,NA,NA,NA,NA,0.058
Egypt,Africa,1956,EGY,24387311,1443,41.0154,NA,NA,NA,NA,NA,0.091
Egypt,Africa,1957,EGY,24994361,1474,42.05,NA,NA,NA,NA,NA,0.168
Egypt,Africa,1958,EGY,25600281,1510,42.8875,NA,NA,NA,NA,NA,0.153
Egypt,Africa,1959,EGY,26226822,1545,43.682,NA,NA,NA,NA,NA,0.15
Egypt,Africa,1960,EGY,26896428,1580,44.4361,NA,NA,NA,0.33282906,NA,0.164
Egypt,Africa,1961,EGY,27600853,1643,45.1456,NA,NA,NA,0.69360673,NA,0.148
Egypt,Africa,1962,EGY,28336969,1712,45.8439,NA,NA,NA,-3.0030766,NA,0.126
Egypt,Africa,1963,EGY,29091819,1785,46.4929,NA,NA,NA,0.7466457,NA,0.149
Egypt,Africa,1964,EGY,29858867,1859,47.0755,NA,NA,NA,3.6609828,NA,0.178
Egypt,Africa,1965,EGY,30629127,1934,47.5767,NA,NA,NA,14.8390045,NA,0.183
Egypt,Africa,1966,EGY,31406494,1900,47.9884,NA,NA,NA,9.036441,NA,0.182
Egypt,Africa,1967,EGY,32196319,1835,48.1302,NA,NA,NA,0.7018975,NA,0.182
Egypt,Africa,1968,EGY,32998269,1827,48.6021,NA,NA,NA,-1.6757594,NA,0.181
Egypt,Africa,1969,EGY,33811567,1914,48.6995,NA,NA,NA,3.4098203,NA,0.179
Egypt,Africa,1970,EGY,34623936,1999,49.0001,NA,NA,NA,3.7628987,NA,0.188
Egypt,Africa,1971,EGY,35433326,2045,49.4805,NA,NA,NA,3.1404216,NA,0.204
Egypt,Africa,1972,EGY,36258280,2047,49.9084,NA,NA,NA,2.1023633,NA,0.197
Egypt,Africa,1973,EGY,37101996,2063,50.0977,NA,NA,NA,5.112184,NA,0.198
Egypt,Africa,1974,EGY,37969617,2099,51.044,NA,NA,NA,10.024318,NA,0.198
Egypt,Africa,1975,EGY,38875276,2265,51.7342,25.17159595,24.1466551,NA,9.669696,NA,0.198
Egypt,Africa,1976,EGY,39795505,2560,52.4844,25.33489119,24.25092857,NA,10.317416,NA,0.207
Egypt,Africa,1977,EGY,40748824,2817,53.2719,25.49581851,24.35411491,NA,12.732162,NA,0.209
Egypt,Africa,1978,EGY,41761384,2939,54.0748,25.65392749,24.45600362,NA,11.0781,NA,0.209
Egypt,Africa,1979,EGY,42818582,3076,54.8755,25.81001613,24.55690892,NA,9.904361,NA,0.202
Egypt,Africa,1980,EGY,43950370,3298,55.6726,25.96477322,24.65657412,NA,20.819225,NA,0.181
Egypt,Africa,1981,EGY,45147178,3309,56.4544,26.11726149,24.75455971,NA,10.317285,NA,0.188
Egypt,Africa,1982,EGY,46407560,3543,57.219,26.2679472,24.85109645,NA,14.823009,NA,0.216
Egypt,Africa,1983,EGY,47786351,3701,57.9667,26.41752492,24.94690659,NA,16.079874,NA,0.216
Egypt,Africa,1984,EGY,49247293,3810,58.697,26.56626482,25.04188609,NA,17.036366,NA,0.215
Egypt,Africa,1985,EGY,50734923,3939,59.4051,26.71530995,25.1368696,NA,12.106756,NA,0.214
Egypt,Africa,1986,EGY,52206247,3921,60.0849,26.86394414,25.23148883,NA,23.86429,NA,0.219
Egypt,Africa,1987,EGY,53674387,3929,60.7358,27.01258141,25.32596864,NA,19.693594,NA,0.219
Egypt,Africa,1988,EGY,55187620,4001,61.3581,27.16185765,25.42048959,NA,17.663486,NA,0.221
Egypt,Africa,1989,EGY,56710590,4030,61.9485,27.31200454,25.51493042,NA,21.261868,NA,0.224
Egypt,Africa,1990,EGY,58396583,4022,62.5132,27.46272264,25.60912173,NA,16.756374,16.060001,0.222
Egypt,Africa,1991,EGY,60028948,4180.133,63.0594,27.61409279,25.70329014,9.38,19.748545,NA,0.211
Egypt,Africa,1992,EGY,61480607,4338.9536,63.5852,27.76676448,25.79774526,8.92,13.637424,16.47,0.211
Egypt,Africa,1993,EGY,62915626,4542.6323,64.1471,27.92099873,25.89191204,10.92,12.089792,16.72,0.216
Egypt,Africa,1994,EGY,64285546,4746.5884,64.6632,28.07745149,25.98562648,10.93,8.154231,16.88,0.215
Egypt,Africa,1995,EGY,65652570,5001.067,65.2143,28.23708615,26.07826374,11.04,15.74223,16.59,0.214
Egypt,Africa,1996,EGY,67027996,5293.1006,65.7334,28.40097699,26.17064808,9,7.1871037,17.85,0.215
Egypt,Africa,1997,EGY,68431693,5594.597,66.2066,28.56815077,26.26191497,8.37,4.6256056,18.09,0.214
Egypt,Africa,1998,EGY,69943248,5884.802,66.6355,28.73759611,26.35289965,8.03,3.8725755,18.970001,0.215
Egypt,Africa,1999,EGY,71520901,6211.0156,67.0104,28.90782022,26.44209183,7.95,3.0794992,19.56,0.215
Egypt,Africa,2000,EGY,73083242,6593.5317,67.3323,29.0766755,26.52802401,8.98,2.6838055,19.48,0.216
Egypt,Africa,2001,EGY,74651984,6914.937,67.6118,29.24374042,26.61096457,9.26,2.2697573,19.2,0.208
Egypt,Africa,2002,EGY,76239093,7142.6865,67.8456,29.40827866,26.69228126,10.01,2.7372386,19.08,0.208
Egypt,Africa,2003,EGY,77853500,7365.8027,68.0451,29.56906677,26.77229423,10.91,4.5077763,18.92,0.208
Egypt,Africa,2004,EGY,79477386,7661.86,68.211,29.72722517,26.85110256,10.32,11.270619,19.54,0.21
Egypt,Africa,2005,EGY,81100965,8021.8833,68.3552,29.88246129,26.92880024,11.049,4.869397,19.050001,0.21
Egypt,Africa,2006,EGY,82700350,8509.614,68.4929,30.03584412,27.00620045,10.49,7.6445265,19.44,0.213
Egypt,Africa,2007,EGY,84276171,9130.598,68.6266,30.19036398,27.08577138,8.8,9.318969,19.89,0.214
Egypt,Africa,2008,EGY,85864736,9698.017,68.7613,30.34903842,27.17001336,8.517,18.316832,19.63,0.214
Egypt,Africa,2009,EGY,87501586,10159.002,68.915,30.51132637,27.25922168,9.087,11.763495,18.74,0.212
Egypt,Africa,2010,EGY,89196017,10719.291,69.0782,30.67570039,27.35126725,8.757,11.265188,18.07,0.214
Egypt,Africa,2011,EGY,91093017,10737,69.2322,30.84169589,27.44575361,11.849,10.064926,18.55,0.206
Egypt,Africa,2012,EGY,93160949,10774.53,69.4643,31.00979711,27.54124834,12.597,7.1117296,18.79,0.296
Egypt,Africa,2013,EGY,95333501,10871.145,69.6317,31.17981639,27.63735249,13.154,9.46972,19.57,0.187
Egypt,Africa,2014,EGY,97528601,11135.728,69.9112,31.35140993,27.73471443,13.105,10.070215,20.79,0.135
Egypt,Africa,2015,EGY,99597285,11312.848,70.1346,31.52433642,27.83207752,13.052,10.37049,20.92,0.155
Egypt,Africa,2016,EGY,101644536,11458.447,70.4367,31.69788414,27.93033859,12.45,13.813606,20.99,0.178
Egypt,Africa,2017,EGY,103696006,11545.594,70.7086,NA,NA,11.767,29.506609,20.18,0.177
Egypt,Africa,2018,EGY,105682048,11895.312,70.9741,NA,NA,9.855,14.401465,NA,0.177
Egypt,Africa,2019,EGY,107553107,12300.201,71.2128,NA,NA,7.851,9.1528,NA,0.174
Egypt,Africa,2020,EGY,109315075,12234.504,69.7897,NA,NA,7.974,5.044933,NA,0.175
Egypt,Africa,2021,EGY,110956950,12868.262,68.9759,NA,NA,7.441,5.2140493,NA,0.181
Egypt,Africa,2022,EGY,112618191,13205.406,71.0097,NA,NA,7.344,13.895661,18.539999,0.184
Egypt,Africa,2023,EGY,114535724,NA,71.6335,NA,NA,7.306,33.884777,18.5,0.188
El Salvador,Americas,1952,SLV,2287918,2472,44.7525,NA,NA,NA,NA,NA,0.183
El Salvador,Americas,1953,SLV,2341943,2577,44.9885,NA,NA,NA,NA,NA,0.183
El Salvador,Americas,1954,SLV,2397783,2536,45.5112,NA,NA,NA,NA,NA,0.184
El Salvador,Americas,1955,SLV,2456553,2590,46.0333,NA,NA,NA,NA,NA,0.178
El Salvador,Americas,1956,SLV,2518129,2715,46.5608,NA,NA,NA,NA,NA,0.179
El Salvador,Americas,1957,SLV,2582472,2775,47.1171,NA,NA,NA,NA,NA,0.179
El Salvador,Americas,1958,SLV,2648627,2751,47.6866,NA,NA,NA,NA,NA,0.179
El Salvador,Americas,1959,SLV,2717496,2788,47.9708,NA,NA,NA,NA,NA,0.179
El Salvador,Americas,1960,SLV,2791387,2813,48.2923,NA,NA,NA,-0.0389742,NA,0.178
El Salvador,Americas,1961,SLV,2869978,2821,48.6332,NA,NA,NA,-2.6824703,NA,0.117
El Salvador,Americas,1962,SLV,2949162,3062,49.0013,NA,NA,NA,0.09615385,NA,0.157
El Salvador,Americas,1963,SLV,3028633,3096,49.3803,NA,NA,NA,1.5690042,NA,0.188
El Salvador,Americas,1964,SLV,3111845,3282,49.7498,NA,NA,NA,1.7575662,NA,0.192
El Salvador,Americas,1965,SLV,3199432,3351,50.2076,NA,NA,NA,0.4569747,NA,0.193
El Salvador,Americas,1966,SLV,3290916,3464,50.6715,NA,NA,NA,-1.1873554,NA,0.192
El Salvador,Americas,1967,SLV,3385147,3534,50.8441,NA,NA,NA,1.4669163,NA,0.193
El Salvador,Americas,1968,SLV,3480723,3524,50.8368,NA,NA,NA,2.5376806,NA,0.192
El Salvador,Americas,1969,SLV,3576442,3520,51.2788,NA,NA,NA,-0.19499025,NA,0.192
El Salvador,Americas,1970,SLV,3668751,3488,51.3643,NA,NA,NA,2.817854,NA,0.188
El Salvador,Americas,1971,SLV,3757484,3553,51.6651,NA,NA,NA,0.44580868,NA,0.187
El Salvador,Americas,1972,SLV,3846782,3668,51.9564,NA,NA,NA,1.5352154,NA,0.182
El Salvador,Americas,1973,SLV,3938021,3767,52.7817,NA,NA,NA,6.391974,NA,0.173
El Salvador,Americas,1974,SLV,4029626,3912,52.8912,NA,NA,NA,16.899036,NA,0.174
El Salvador,Americas,1975,SLV,4120401,4030,53.4217,22.42178034,22.90291203,NA,19.0885,NA,0.174
El Salvador,Americas,1976,SLV,4210260,4084,54.375,22.58067505,23.00389584,NA,7.0346894,NA,0.172
El Salvador,Americas,1977,SLV,4301214,4221,54.0472,22.74136694,23.10606332,NA,11.820277,NA,0.173
El Salvador,Americas,1978,SLV,4394074,4375,54.7087,22.90319428,23.20922226,NA,13.275124,NA,0.172
El Salvador,Americas,1979,SLV,4480338,4194,53.8047,23.06542956,23.3134292,NA,14.056025,NA,0.158
El Salvador,Americas,1980,SLV,4540320,3781,48.5892,23.22788296,23.41820188,NA,17.366968,NA,0.102
El Salvador,Americas,1981,SLV,4570559,3507,50.8887,23.39058916,23.52295069,NA,14.797152,NA,0.104
El Salvador,Americas,1982,SLV,4622428,3339,53.3423,23.55319911,23.62800377,NA,11.728887,NA,0.129
El Salvador,Americas,1983,SLV,4707322,3330,54.3735,23.71610759,23.73293112,NA,13.314318,NA,0.139
El Salvador,Americas,1984,SLV,4797949,3357,56.5713,23.87886026,23.83720905,NA,11.50717,NA,0.155
El Salvador,Americas,1985,SLV,4894663,3366,58.0306,24.04127138,23.94121869,NA,22.328375,NA,0.19
El Salvador,Americas,1986,SLV,4992728,3327,59.3292,24.20393918,24.045238,NA,31.935017,NA,0.199
El Salvador,Americas,1987,SLV,5092400,3351,59.4024,24.36664063,24.14964207,NA,24.8645,NA,0.199
El Salvador,Americas,1988,SLV,5195776,3344,59.9769,24.53014393,24.25409904,NA,19.761162,NA,0.202
El Salvador,Americas,1989,SLV,5298931,3322,61.2536,24.69443785,24.3585174,NA,17.63408,NA,0.207
El Salvador,Americas,1990,SLV,5399679,3378,61.981,24.85948441,24.46285303,NA,23.999165,NA,0.214
El Salvador,Americas,1991,SLV,5495037,3493.5762,62.5423,25.02816765,24.56980829,7.53,14.402675,NA,0.223
El Salvador,Americas,1992,SLV,5585557,3750.5173,62.9439,25.19939056,24.67898468,7.88,11.214481,NA,0.271
El Salvador,Americas,1993,SLV,5659912,4052.9578,63.9976,25.37250414,24.78999703,9.94,18.50669,NA,0.375
El Salvador,Americas,1994,SLV,5714084,4316.398,64.47,25.54575707,24.90300067,7.68,10.585807,NA,0.468
El Salvador,Americas,1995,SLV,5762080,4592.2837,64.9031,25.7187873,25.01703051,7.65,10.029656,NA,0.48
El Salvador,Americas,1996,SLV,5805229,4671.339,65.4804,25.89142413,25.13204786,7.68,9.78892,NA,0.482
El Salvador,Americas,1997,SLV,5844535,4882.68,66.2484,26.06254411,25.24760588,7.98,4.490136,NA,0.489
El Salvador,Americas,1998,SLV,5880746,5077.892,66.6548,26.23165112,25.36328037,7.1,2.5470598,NA,0.488
El Salvador,Americas,1999,SLV,5913852,5263.8867,67.2851,26.39726533,25.47827541,7.3,0.51482713,NA,0.508
El Salvador,Americas,2000,SLV,5943313,5403.715,67.7114,26.55766162,25.59192034,6.96,2.2712877,NA,0.531
El Salvador,Americas,2001,SLV,5968013,5550.187,67.9645,26.70939241,25.70096526,6.96,3.7508206,NA,0.54
El Salvador,Americas,2002,SLV,5986577,5751.0605,68.5264,26.85267962,25.80561125,6.2,1.865525,17.880001,0.547
El Salvador,Americas,2003,SLV,5998548,5957.201,68.7918,26.9880286,25.90620503,6.9,2.120391,15.950001,0.544
El Salvador,Americas,2004,SLV,6004632,6145.98,69.2948,27.11752993,26.00314038,6.8,4.451944,17.23,0.543
El Salvador,Americas,2005,SLV,6005527,6441.4956,69.3356,27.241789,26.09538952,7.22,4.6909485,20.11,0.541
El Salvador,Americas,2006,SLV,6002275,6782.2314,69.6123,27.36207748,26.18397984,6.57,4.0371237,15.870001,0.561
El Salvador,Americas,2007,SLV,6009768,7139.182,69.8195,27.47937357,26.26930378,6.41,4.578086,17.9,0.566
El Salvador,Americas,2008,SLV,6029245,7312.656,70.1378,27.59502864,26.35247265,5.88,6.707923,16.97,0.566
El Salvador,Americas,2009,SLV,6048234,7166.159,70.3586,27.70978535,26.43402222,7.33,1.0559503,16.050001,0.597
El Salvador,Americas,2010,SLV,6068202,7351.1147,70.9088,27.82408142,26.51449381,4.893,1.1793357,13.349999,0.619
El Salvador,Americas,2011,SLV,6090075,7607,71.1918,27.93822739,26.59437248,4.297,5.128924,14.25,0.619
El Salvador,Americas,2012,SLV,6113926,7726,71.4201,28.05213674,26.67298607,3.843,1.7297348,15.150001,0.624
El Salvador,Americas,2013,SLV,6138797,7845,71.2251,28.16559494,26.75016262,3.693,0.7576692,23.14,0.622
El Salvador,Americas,2014,SLV,6162903,7935,71.1442,28.2782553,26.82719128,4.154,1.1413447,21.52,0.666
El Salvador,Americas,2015,SLV,6183621,8109,70.9524,28.39025869,26.90353006,3.998,-0.7313845,15.19,0.661
El Salvador,Americas,2016,SLV,6200765,8289.273,70.9081,28.50102418,26.97990172,4.418,0.6040491,19.43,0.666
El Salvador,Americas,2017,SLV,6213485,8454.2,71.0074,NA,NA,4.385,1.012354,13.879999,0.671
El Salvador,Americas,2018,SLV,6219738,8644.79,71.3836,NA,NA,4.006,1.09033,13.75,0.635
El Salvador,Americas,2019,SLV,6222267,8849.834,71.7253,NA,NA,4.17,0.07532413,NA,0.594
El Salvador,Americas,2020,SLV,6234631,8137.9746,70.2436,NA,NA,5.008,-0.37159023,NA,0.522
El Salvador,Americas,2021,SLV,6255737,9017.392,69.9414,NA,NA,4.327,3.4669259,NA,0.409
El Salvador,Americas,2022,SLV,6280269,9218.905,71.9695,NA,NA,2.999,7.198616,12.77,0.381
El Salvador,Americas,2023,SLV,6309575,NA,72.0993,NA,NA,2.758,4.045547,12.77,0.38
Equatorial Guinea,Africa,1952,GNQ,234647,845,40.6297,NA,NA,NA,NA,NA,0.019
Equatorial Guinea,Africa,1953,GNQ,238761,867,40.8892,NA,NA,NA,NA,NA,0.019
Equatorial Guinea,Africa,1954,GNQ,242949,901,41.1476,NA,NA,NA,NA,NA,0.019
Equatorial Guinea,Africa,1955,GNQ,247172,915,41.4103,NA,NA,NA,NA,NA,0.02
Equatorial Guinea,Africa,1956,GNQ,251491,940,41.6741,NA,NA,NA,NA,NA,0.02
Equatorial Guinea,Africa,1957,GNQ,255888,958,41.9386,NA,NA,NA,NA,NA,0.02
Equatorial Guinea,Africa,1958,GNQ,260350,974,42.2042,NA,NA,NA,NA,NA,0.02
Equatorial Guinea,Africa,1959,GNQ,264962,1015,42.4747,NA,NA,NA,NA,NA,0.034
Equatorial Guinea,Africa,1960,GNQ,269758,1101,42.7416,NA,NA,NA,NA,NA,0.037
Equatorial Guinea,Africa,1961,GNQ,274859,1191,43.008,NA,NA,NA,NA,NA,0.039
Equatorial Guinea,Africa,1962,GNQ,280251,1310,43.2749,NA,NA,NA,NA,NA,0.039
Equatorial Guinea,Africa,1963,GNQ,285925,1486,43.5396,NA,NA,NA,NA,NA,0.039
Equatorial Guinea,Africa,1964,GNQ,291911,1690,43.8049,NA,NA,NA,NA,NA,0.045
Equatorial Guinea,Africa,1965,GNQ,298202,1898,44.0694,NA,NA,NA,NA,NA,0.047
Equatorial Guinea,Africa,1966,GNQ,304824,1953,44.3345,NA,NA,NA,NA,NA,0.047
Equatorial Guinea,Africa,1967,GNQ,311759,2058,44.5946,NA,NA,NA,NA,NA,0.047
Equatorial Guinea,Africa,1968,GNQ,318808,2102,44.8521,NA,NA,NA,NA,NA,0.169
Equatorial Guinea,Africa,1969,GNQ,322481,2015,31.0002,NA,NA,NA,NA,NA,0.177
Equatorial Guinea,Africa,1970,GNQ,320768,1934,31.0861,NA,NA,NA,NA,NA,0.17
Equatorial Guinea,Africa,1971,GNQ,315894,1989,37.2292,NA,NA,NA,NA,NA,0.112
Equatorial Guinea,Africa,1972,GNQ,309428,2007,44.4405,NA,NA,NA,NA,NA,0.1
Equatorial Guinea,Africa,1973,GNQ,302246,2204,44.6577,NA,NA,NA,NA,NA,0.069
Equatorial Guinea,Africa,1974,GNQ,294911,2466,41.4861,NA,NA,NA,NA,NA,0.069
Equatorial Guinea,Africa,1975,GNQ,287873,3080,37.32,20.65149004,19.19112107,NA,NA,NA,0.069
Equatorial Guinea,Africa,1976,GNQ,280996,3453,30.5369,20.76785496,19.27726269,NA,NA,NA,0.069
Equatorial Guinea,Africa,1977,GNQ,276744,3668,42.0075,20.88416794,19.36362805,NA,NA,NA,0.069
Equatorial Guinea,Africa,1978,GNQ,276491,3451,42.331,21.00065667,19.45052362,NA,NA,NA,0.069
Equatorial Guinea,Africa,1979,GNQ,279804,2882,43.0332,21.1172762,19.53748898,NA,NA,NA,0.044
Equatorial Guinea,Africa,1980,GNQ,288607,2613,48.7799,21.23419489,19.62439427,NA,NA,NA,0.032
Equatorial Guinea,Africa,1981,GNQ,303214,2603,49.1071,21.35402626,19.71347969,NA,NA,NA,0.032
Equatorial Guinea,Africa,1982,GNQ,322186,2533,49.6656,21.47698026,19.80367312,NA,NA,NA,0.103
Equatorial Guinea,Africa,1983,GNQ,343388,2534,50.0461,21.602896,19.89573794,NA,NA,NA,0.137
Equatorial Guinea,Africa,1984,GNQ,364855,2437,50.1951,21.73092635,19.98823888,NA,NA,NA,0.147
Equatorial Guinea,Africa,1985,GNQ,385502,2662,50.5987,21.86096893,20.08097675,NA,NA,NA,0.147
Equatorial Guinea,Africa,1986,GNQ,404690,2534,50.8484,21.99725574,20.17689674,NA,-17.640425,NA,0.147
Equatorial Guinea,Africa,1987,GNQ,422480,2579,50.9904,22.13861356,20.27519448,NA,-13.174473,NA,0.147
Equatorial Guinea,Africa,1988,GNQ,439612,2577,51.1837,22.28450932,20.37514896,NA,2.5236592,NA,0.162
Equatorial Guinea,Africa,1989,GNQ,456777,2479,51.292,22.43397925,20.47659183,NA,6.166154,NA,0.163
Equatorial Guinea,Africa,1990,GNQ,474244,2474,51.3965,22.58603332,20.57841299,NA,0.85787153,NA,0.163
Equatorial Guinea,Africa,1991,GNQ,492165,2427.8804,51.4971,22.73837683,20.6782618,7.285,-3.4252872,NA,0.163
Equatorial Guinea,Africa,1992,GNQ,510728,2690.633,51.5792,22.89052386,20.77619413,7.487,-4.2787433,NA,0.163
Equatorial Guinea,Africa,1993,GNQ,529977,2880.204,51.6713,23.04166762,20.87179054,7.639,5.452285,NA,0.173
Equatorial Guinea,Africa,1994,GNQ,550092,3081.1526,51.7851,23.19262779,20.96497739,7.745,31.841017,NA,0.179
Equatorial Guinea,Africa,1995,GNQ,571227,3364.6326,51.9261,23.34360821,21.05625284,7.787,19.872435,NA,0.183
Equatorial Guinea,Africa,1996,GNQ,593449,4426.338,52.1227,23.48924653,21.1416375,7.84,4.5407276,NA,0.184
Equatorial Guinea,Africa,1997,GNQ,616842,8445.645,52.3648,23.63014059,21.22141975,7.881,3.0165055,NA,0.182
Equatorial Guinea,Africa,1998,GNQ,641430,9712.227,52.6464,23.76802684,21.29756668,7.933,7.935711,NA,0.182
Equatorial Guinea,Africa,1999,GNQ,667175,11690.135,53.0013,23.90379509,21.37019718,8.002,0.37226617,NA,0.183
Equatorial Guinea,Africa,2000,GNQ,703242,12914.852,53.3952,24.03789531,21.44009077,8.033,4.802289,NA,0.187
Equatorial Guinea,Africa,2001,GNQ,749791,21167.742,53.8271,24.1704309,21.50792466,8.16,8.825389,NA,0.187
Equatorial Guinea,Africa,2002,GNQ,797914,24845.043,54.3235,24.30147732,21.57475516,8.245,7.5924783,NA,0.187
Equatorial Guinea,Africa,2003,GNQ,847820,27571.158,54.7913,24.43091715,21.64017633,8.265,7.323544,NA,0.188
Equatorial Guinea,Africa,2004,GNQ,899879,33419.887,55.3066,24.5585484,21.7048689,8.166,4.219688,NA,0.186
Equatorial Guinea,Africa,2005,GNQ,947312,35569.707,55.7659,24.68398247,21.76860179,8.12,5.6316333,NA,0.182
Equatorial Guinea,Africa,2006,GNQ,990297,36615.707,56.3538,24.80840441,21.83171892,8.024,4.4158998,NA,0.183
Equatorial Guinea,Africa,2007,GNQ,1035995,41277.754,56.857,24.93192097,21.89356304,7.974,2.8037384,NA,0.183
Equatorial Guinea,Africa,2008,GNQ,1084492,47562.32,57.3841,25.05470018,21.95315394,7.943,6.551767,NA,0.181
Equatorial Guinea,Africa,2009,GNQ,1135644,47161.285,57.881,25.17647581,22.01014675,8.098,4.691066,NA,0.181
Equatorial Guinea,Africa,2010,GNQ,1189045,42037.9,58.3445,25.29736237,22.06539897,8.292,7.7891655,NA,0.18
Equatorial Guinea,Africa,2011,GNQ,1241795,43841,58.8268,25.41816323,22.11971907,8.234,4.8053894,NA,0.179
Equatorial Guinea,Africa,2012,GNQ,1293435,46255,59.3011,25.53882307,22.17380722,8.116,3.6566205,NA,0.179
Equatorial Guinea,Africa,2013,GNQ,1346160,43209,59.784,25.65950192,22.22784009,8.039,2.9488769,NA,0.181
Equatorial Guinea,Africa,2014,GNQ,1399777,41907,60.2279,25.7801129,22.28262375,8.044,4.3099985,NA,0.182
Equatorial Guinea,Africa,2015,GNQ,1453871,37822,60.6347,25.90067313,22.33733491,8.178,1.6766309,NA,0.181
Equatorial Guinea,Africa,2016,GNQ,1508155,33206.637,61.081,26.02097699,22.39304404,8.232,1.4119391,NA,0.181
Equatorial Guinea,Africa,2017,GNQ,1562357,30206.871,61.4808,NA,NA,8.329,0.7443547,NA,0.177
Equatorial Guinea,Africa,2018,GNQ,1616370,27353.846,61.9151,NA,NA,8.256,1.0600741,NA,0.178
Equatorial Guinea,Africa,2019,GNQ,1670140,25006.34,62.2965,NA,NA,8.367,1.5302753,NA,0.179
Equatorial Guinea,Africa,2020,GNQ,1716435,23300.297,62.1408,NA,NA,9.075,4.766695,NA,0.178
Equatorial Guinea,Africa,2021,GNQ,1758752,22537.541,62.4468,NA,NA,9.194,-0.097100765,NA,0.174
Equatorial Guinea,Africa,2022,GNQ,1803496,22707.22,63.3545,NA,NA,8.746,4.786717,18.77,0.174
Equatorial Guinea,Africa,2023,GNQ,1847501,NA,63.7071,NA,NA,8.666,NA,18.87,0.184
Eritrea,Africa,1952,ERI,840303,NA,34.0018,NA,NA,NA,NA,NA,0.125
Eritrea,Africa,1953,ERI,854661,NA,34.3762,NA,NA,NA,NA,NA,0.076
Eritrea,Africa,1954,ERI,869985,NA,34.8009,NA,NA,NA,NA,NA,0.077
Eritrea,Africa,1955,ERI,886200,NA,35.1766,NA,NA,NA,NA,NA,0.077
Eritrea,Africa,1956,ERI,903369,NA,35.6315,NA,NA,NA,NA,NA,0.136
Eritrea,Africa,1957,ERI,918764,NA,30.3981,NA,NA,NA,NA,NA,0.125
Eritrea,Africa,1958,ERI,932546,NA,30.9094,NA,NA,NA,NA,NA,0.12
Eritrea,Africa,1959,ERI,950505,NA,36.9691,NA,NA,NA,NA,NA,0.12
Eritrea,Africa,1960,ERI,972515,NA,37.4429,NA,NA,NA,NA,NA,0.111
Eritrea,Africa,1961,ERI,995525,NA,37.912,NA,NA,NA,NA,NA,0.111
Eritrea,Africa,1962,ERI,1019740,NA,38.3461,NA,NA,NA,NA,NA,0.105
Eritrea,Africa,1963,ERI,1045049,NA,38.8333,NA,NA,NA,NA,NA,0.086
Eritrea,Africa,1964,ERI,1071254,NA,39.1841,NA,NA,NA,NA,NA,0.085
Eritrea,Africa,1965,ERI,1098288,NA,39.5761,NA,NA,NA,NA,NA,0.087
Eritrea,Africa,1966,ERI,1124912,NA,37.6341,NA,NA,NA,NA,NA,0.086
Eritrea,Africa,1967,ERI,1152295,NA,40.1507,NA,NA,NA,NA,NA,0.086
Eritrea,Africa,1968,ERI,1181693,NA,40.483,NA,NA,NA,NA,NA,0.085
Eritrea,Africa,1969,ERI,1211958,NA,40.7919,NA,NA,NA,NA,NA,0.085
Eritrea,Africa,1970,ERI,1243402,NA,41.1621,NA,NA,NA,NA,NA,0.083
Eritrea,Africa,1971,ERI,1276112,NA,41.5267,NA,NA,NA,NA,NA,0.083
Eritrea,Africa,1972,ERI,1309203,NA,40.7231,NA,NA,NA,NA,NA,0.083
Eritrea,Africa,1973,ERI,1342636,NA,41.1313,NA,NA,NA,NA,NA,0.082
Eritrea,Africa,1974,ERI,1375643,NA,39.0005,NA,NA,NA,NA,NA,0.076
Eritrea,Africa,1975,ERI,1408181,NA,39.031,18.06508483,18.14710923,NA,NA,NA,0.073
Eritrea,Africa,1976,ERI,1443759,NA,42.5873,18.15710597,18.25328473,NA,NA,NA,0.073
Eritrea,Africa,1977,ERI,1482519,NA,42.9839,18.24886731,18.35884769,NA,NA,NA,0.073
Eritrea,Africa,1978,ERI,1522336,NA,43.3804,18.33982914,18.46385907,NA,NA,NA,0.073
Eritrea,Africa,1979,ERI,1563292,NA,43.7802,18.43056653,18.56839989,NA,NA,NA,0.073
Eritrea,Africa,1980,ERI,1605759,NA,44.6253,18.52081409,18.67300865,NA,NA,NA,0.073
Eritrea,Africa,1981,ERI,1649905,NA,44.9744,18.61071113,18.77700423,NA,NA,NA,0.073
Eritrea,Africa,1982,ERI,1695429,NA,44.8906,18.70043172,18.88026242,NA,NA,NA,0.073
Eritrea,Africa,1983,ERI,1736114,NA,37.1729,18.78994782,18.98263098,NA,NA,NA,0.073
Eritrea,Africa,1984,ERI,1771695,NA,37.6791,18.87984312,19.08437888,NA,NA,NA,0.073
Eritrea,Africa,1985,ERI,1807775,NA,38.5859,18.96922031,19.18433919,NA,NA,NA,0.073
Eritrea,Africa,1986,ERI,1845122,NA,39.5411,19.05753421,19.28173137,NA,NA,NA,0.073
Eritrea,Africa,1987,ERI,1888625,NA,47.3634,19.14436722,19.37642188,NA,NA,NA,0.072
Eritrea,Africa,1988,ERI,1938222,NA,48.0942,19.2301232,19.46867547,NA,NA,NA,0.072
Eritrea,Africa,1989,ERI,1986972,NA,47.8024,19.31478542,19.55748325,NA,NA,NA,0.072
Eritrea,Africa,1990,ERI,2032699,NA,49.7327,19.39832717,19.64255444,NA,NA,NA,0.076
Eritrea,Africa,1991,ERI,1919524,NA,50.5159,19.48044568,19.72374956,5.329,NA,NA,0.084
Eritrea,Africa,1992,ERI,1798710,NA,52.4358,19.56055067,19.79963883,5.483,NA,NA,0.096
Eritrea,Africa,1993,ERI,1855977,NA,53.1887,19.63875371,19.87002726,5.554,NA,NA,0.1
Eritrea,Africa,1994,ERI,1913870,NA,54.0274,19.7157252,19.93478527,5.598,NA,NA,0.103
Eritrea,Africa,1995,ERI,2025219,NA,54.8222,19.79183716,19.99444335,5.464,NA,NA,0.103
Eritrea,Africa,1996,ERI,2128421,NA,55.4979,19.86839111,20.04954349,5.394,NA,NA,0.103
Eritrea,Africa,1997,ERI,2152094,NA,56.1551,19.94526887,20.09991179,5.494,NA,NA,0.132
Eritrea,Africa,1998,ERI,2180381,NA,49.9968,20.02227584,20.14560486,5.589,NA,NA,0.122
Eritrea,Africa,1999,ERI,2212733,NA,44.506100000000004,20.09923091,20.18628133,5.683,NA,NA,0.122
Eritrea,Africa,2000,ERI,2246989,NA,56.2852,20.17539104,20.22225991,5.724,NA,NA,0.121
Eritrea,Africa,2001,ERI,2312039,NA,58.3587,20.25054842,20.25348938,5.784,NA,NA,0.103
Eritrea,Africa,2002,ERI,2392931,NA,58.9406,20.32341826,20.27959592,5.814,NA,NA,0.084
Eritrea,Africa,2003,ERI,2493860,NA,59.4551,20.39422909,20.30108599,5.784,NA,NA,0.068
Eritrea,Africa,2004,ERI,2598233,NA,60.0625,20.4616977,20.31837666,5.674,NA,NA,0.068
Eritrea,Africa,2005,ERI,2661163,NA,60.6276,20.52513767,20.32977312,5.689,NA,NA,0.068
Eritrea,Africa,2006,ERI,2703447,NA,61.4567,20.5863332,20.33698881,5.683,NA,NA,0.068
Eritrea,Africa,2007,ERI,2743184,NA,61.998,20.64576444,20.34021254,5.696,NA,NA,0.067
Eritrea,Africa,2008,ERI,2816284,NA,62.422,20.7041191,20.33974756,5.647,NA,NA,0.067
Eritrea,Africa,2009,ERI,2887837,NA,63.2029,20.76170355,20.33576213,5.722,NA,NA,0.068
Eritrea,Africa,2010,ERI,2945135,NA,63.6653,20.81967322,20.3303541,5.839,NA,NA,0.068
Eritrea,Africa,2011,ERI,2998450,NA,64.2314,20.8787553,20.3259232,5.755,NA,NA,0.068
Eritrea,Africa,2012,ERI,3036957,NA,64.6965,20.93870848,20.32300024,5.649,NA,NA,0.068
Eritrea,Africa,2013,ERI,3074326,NA,65.005,20.9989897,20.32103354,5.61,NA,NA,0.07
Eritrea,Africa,2014,ERI,3095119,NA,65.5166,21.05908997,20.31997977,5.652,NA,NA,0.07
Eritrea,Africa,2015,ERI,3105511,NA,65.9094,21.11826618,20.319103170000002,5.793,NA,NA,0.069
Eritrea,Africa,2016,ERI,3124655,NA,66.242,21.17645978,20.31894138,5.83,NA,NA,0.069
Eritrea,Africa,2017,ERI,3150289,NA,66.6115,NA,NA,5.879,NA,NA,0.068
Eritrea,Africa,2018,ERI,3192720,NA,66.9787,NA,NA,5.758,NA,NA,0.069
Eritrea,Africa,2019,ERI,3240143,NA,67.3061,NA,NA,5.789,NA,NA,0.07
Eritrea,Africa,2020,ERI,3291224,NA,66.9802,NA,NA,6.307,NA,NA,0.069
Eritrea,Africa,2021,ERI,3350142,NA,66.9396,NA,NA,6.341,NA,NA,0.072
Eritrea,Africa,2022,ERI,3409407,NA,67.7892,NA,NA,5.941,NA,13.63,0.072
Eritrea,Africa,2023,ERI,3470344,NA,68.6239,NA,NA,5.866,NA,13.63,0.069
Ethiopia,Africa,1952,ETH,18326133,636,36.2224,NA,NA,NA,NA,NA,0.014
Ethiopia,Africa,1953,ETH,18674725,662,36.5587,NA,NA,NA,NA,NA,0.014
Ethiopia,Africa,1954,ETH,19037989,650,36.957,NA,NA,NA,NA,NA,0.014
Ethiopia,Africa,1955,ETH,19419729,673,37.3196,NA,NA,NA,NA,NA,0.03
Ethiopia,Africa,1956,ETH,19818837,682,37.7849,NA,NA,NA,NA,NA,0.093
Ethiopia,Africa,1957,ETH,20173695,665,32.1733,NA,NA,NA,NA,NA,0.093
Ethiopia,Africa,1958,ETH,20480229,674,32.6282,NA,NA,NA,NA,NA,0.094
Ethiopia,Africa,1959,ETH,20878044,681,39.1684,NA,NA,NA,NA,NA,0.094
Ethiopia,Africa,1960,ETH,21376637,701,39.6153,NA,NA,NA,NA,NA,0.094
Ethiopia,Africa,1961,ETH,21906053,722,40.1978,NA,NA,NA,NA,NA,0.094
Ethiopia,Africa,1962,ETH,22465077,736,40.5305,NA,NA,NA,NA,NA,0.094
Ethiopia,Africa,1963,ETH,23051593,818,40.9667,NA,NA,NA,NA,NA,0.094
Ethiopia,Africa,1964,ETH,23666498,840,41.2605,NA,NA,NA,NA,NA,0.094
Ethiopia,Africa,1965,ETH,24310566,872,41.413,NA,NA,NA,NA,NA,0.094
Ethiopia,Africa,1966,ETH,24952636,888,39.3431,NA,NA,NA,-1.3618677,NA,0.094
Ethiopia,Africa,1967,ETH,25620235,907,41.9409,NA,NA,NA,0.8086785,NA,0.094
Ethiopia,Africa,1968,ETH,26337879,902,42.0922,NA,NA,NA,0.18261267,NA,0.094
Ethiopia,Africa,1969,ETH,27072518,917,42.1312,NA,NA,NA,1.4256884,NA,0.094
Ethiopia,Africa,1970,ETH,27829085,948,42.1149,NA,NA,NA,10.121951,NA,0.093
Ethiopia,Africa,1971,ETH,28600060,968,42.2156,NA,NA,NA,0.5362243,NA,0.093
Ethiopia,Africa,1972,ETH,29374557,995,41.0345,NA,NA,NA,-6.081512,NA,0.094
Ethiopia,Africa,1973,ETH,30166736,1004,41.1028,NA,NA,NA,8.91358,NA,0.094
Ethiopia,Africa,1974,ETH,30957228,993,39.0827,NA,NA,NA,8.592156,NA,0.086
Ethiopia,Africa,1975,ETH,31723213,972,38.9412,17.75035453,17.63459385,NA,6.5501046,NA,0.077
Ethiopia,Africa,1976,ETH,32534378,974,41.32,17.84455459,17.73800608,NA,28.53784,NA,0.072
Ethiopia,Africa,1977,ETH,33167229,977,41.3966,17.93823379,17.84181231,NA,16.657139,NA,0.072
Ethiopia,Africa,1978,ETH,33734555,952,41.506,18.03167004,17.94523134,NA,14.308114,NA,0.072
Ethiopia,Africa,1979,ETH,34238604,999,42.3762,18.1247962,18.04805119,NA,16.032236,NA,0.072
Ethiopia,Africa,1980,ETH,34428461,1033,42.8154,18.21783623,18.15051038,NA,4.4825377,NA,0.072
Ethiopia,Africa,1981,ETH,35303958,1009,43.0836,18.31129139,18.25290803,NA,6.1359673,31.310001,0.072
Ethiopia,Africa,1982,ETH,36701247,980,43.4335,18.40501594,18.35479829,NA,5.890061,NA,0.072
Ethiopia,Africa,1983,ETH,37740768,999,36.3188,18.49857368,18.4563426,NA,-0.6753781,NA,0.072
Ethiopia,Africa,1984,ETH,38735677,956,36.7374,18.59258477,18.55691248,NA,8.4172735,NA,0.072
Ethiopia,Africa,1985,ETH,39842085,880,37.7473,18.6858362,18.65620715,NA,19.064686,NA,0.072
Ethiopia,Africa,1986,ETH,41037606,920,38.3711,18.77880993,18.75415751,NA,-9.808765,NA,0.072
Ethiopia,Africa,1987,ETH,42459986,980,45.8925,18.8709694,18.84988218,NA,-2.4286726,NA,0.099
Ethiopia,Africa,1988,ETH,44150786,969,45.6822,18.9626383,18.94334839,NA,7.080715,NA,0.15
Ethiopia,Africa,1989,ETH,45879633,956,45.6436,19.05382322,19.03429505,NA,7.8173013,NA,0.15
Ethiopia,Africa,1990,ETH,47609716,915,45.1166,19.14380395,19.12160446,NA,5.152481,NA,0.15
Ethiopia,Africa,1991,ETH,49717150,810.7901,46.6565,19.23223415,19.20519201,3.259,35.7226,NA,0.202
Ethiopia,Africa,1992,ETH,51853704,708.3693,47.2788,19.31908665,19.28428349,3.382,10.527444,NA,0.231
Ethiopia,Africa,1993,ETH,53708848,699.22723,47.6757,19.4038657,19.35853835,3.236,3.543066,NA,0.231
Ethiopia,Africa,1994,ETH,55611462,731.7509,47.9256,19.4870866,19.42790386,3.1,7.593876,NA,0.194
Ethiopia,Africa,1995,ETH,57537286,744.1418,48.1562,19.56982677,19.49264813,3.021,10.022173,31.310001,0.222
Ethiopia,Africa,1996,ETH,59467593,782.99414,48.6974,19.6519796,19.55280491,3.137,-8.484249,NA,0.243
Ethiopia,Africa,1997,ETH,61404491,815.14545,49.21,19.73399062,19.60874721,3.245,2.3952096,NA,0.243
Ethiopia,Africa,1998,ETH,63363475,786.279,49.7854,19.8154641,19.66083409,3.489,0.8948017,NA,0.243
Ethiopia,Africa,1999,ETH,65374500,761.90326,49.4857,19.89651068,19.70886706,3.714,7.9414487,13.28,0.243
Ethiopia,Africa,2000,ETH,67411450,771.7315,50.8802,19.97680803,19.75269578,3.502,0.6624581,NA,0.242
Ethiopia,Africa,2001,ETH,69487716,783.89636,51.4276,20.05619147,19.79315259,3.174,-8.237844,NA,0.243
Ethiopia,Africa,2002,ETH,71635475,793.9149,52.0851,20.13391917,19.82987255,3.061,0.6750891,NA,0.243
Ethiopia,Africa,2003,ETH,73832609,764.52826,52.8773,20.20996921,19.86359506,3.002,13.674046,NA,0.243
Ethiopia,Africa,2004,ETH,76077161,771.4652,53.7349,20.28351601,19.89441501,2.771,3.3273704,14.81,0.241
Ethiopia,Africa,2005,ETH,78367414,829.2432,54.364,20.35395867,19.92145641,2.497,9.969972,14.990001,0.256
Ethiopia,Africa,2006,ETH,80703444,880.6544,55.4017,20.423337,19.94572843,2.346,12.299477,NA,0.241
Ethiopia,Africa,2007,ETH,83103168,936.3743,56.5665,20.49206993,19.96659893,2.344,17.2404,NA,0.243
Ethiopia,Africa,2008,ETH,85543618,989.9804,57.7325,20.5602594,19.98437536,2.333,44.356686,NA,0.244
Ethiopia,Africa,2009,ETH,88007584,1043.5319,58.715,20.62807393,19.99923005,2.331,8.4836445,NA,0.243
Ethiopia,Africa,2010,ETH,90538466,1106.383,59.7094,20.69637377,20.01224712,2.299,8.149264,14.759999,0.23
Ethiopia,Africa,2011,ETH,93149926,1199,60.5947,20.76596489,20.02611342,2.274,33.249958,NA,0.225
Ethiopia,Africa,2012,ETH,95798722,1291.7769,61.4426,20.83645425,20.04134107,2.255,23.600418,NA,0.226
Ethiopia,Africa,2013,ETH,98438710,1385.158,62.1613,20.90760248,20.05791469,2.251,7.464022,NA,0.226
Ethiopia,Africa,2014,ETH,101115562,1488.9333,62.9272,20.97906039,20.07536564,2.364,6.8900194,NA,0.229
Ethiopia,Africa,2015,ETH,103867085,1601.2638,63.592,21.04993426,20.09282568,2.45,9.568899,13.63,0.229
Ethiopia,Africa,2016,ETH,106718119,1722.3092,64.1624,21.11970671,20.11043961,2.566,6.6281333,NA,0.227
Ethiopia,Africa,2017,ETH,109666428,1840.3696,64.7659,NA,NA,2.678,10.687115,NA,0.228
Ethiopia,Africa,2018,ETH,112664117,1936.8275,65.2573,NA,NA,2.825,13.833035,NA,0.272
Ethiopia,Africa,2019,ETH,115737338,2030.6775,65.7413,NA,NA,2.945,15.809632,NA,0.335
Ethiopia,Africa,2020,ETH,118917625,2121.8591,65.9688,NA,NA,4.024,20.356346,NA,0.321
Ethiopia,Africa,2021,ETH,122138537,2190.6753,65.3299,NA,NA,3.935,26.839521,NA,0.293
Ethiopia,Africa,2022,ETH,125384244,2289.409,66.8971,NA,NA,3.493,33.88988,13.63,0.3
Ethiopia,Africa,2023,ETH,128691654,NA,67.315,NA,NA,3.497,30.218828,13.63,0.282
Finland,Europe,1952,FIN,4090785,7450,66.5243,NA,NA,NA,NA,NA,0.815
Finland,Europe,1953,FIN,4139717,7415,66.6003,NA,NA,NA,NA,NA,0.815
Finland,Europe,1954,FIN,4187205,7973,67.5469,NA,NA,NA,NA,NA,0.817
Finland,Europe,1955,FIN,4235151,8284,67.3411,NA,NA,NA,NA,NA,0.817
Finland,Europe,1956,FIN,4281887,8440,67.9853,NA,NA,NA,NA,NA,0.811
Finland,Europe,1957,FIN,4324144,8751,67.4515,NA,NA,NA,NA,NA,0.811
Finland,Europe,1958,FIN,4359821,8725,68.6142,NA,NA,NA,NA,NA,0.815
Finland,Europe,1959,FIN,4394708,9172,68.7949,NA,NA,NA,NA,NA,0.82
Finland,Europe,1960,FIN,4429579,9931,68.9929,NA,NA,NA,3.4181273,NA,0.82
Finland,Europe,1961,FIN,4460953,10613,69.0109,NA,NA,NA,1.6910019,NA,0.82
Finland,Europe,1962,FIN,4491697,10869,68.7416,NA,NA,NA,4.3839827,NA,0.809
Finland,Europe,1963,FIN,4523846,11148,69.1788,NA,NA,NA,4.9963818,NA,0.81
Finland,Europe,1964,FIN,4549039,11647,69.379,NA,NA,NA,10.275861,NA,0.81
Finland,Europe,1965,FIN,4564101,12226,69.1268,NA,NA,NA,4.940588,NA,0.814
Finland,Europe,1966,FIN,4581399,12471,69.6445,NA,NA,NA,3.8736541,NA,0.809
Finland,Europe,1967,FIN,4606596,12667,69.8168,NA,NA,NA,5.377782,NA,0.815
Finland,Europe,1968,FIN,4627310,12900,69.7828,NA,NA,NA,9.191668,NA,0.819
Finland,Europe,1969,FIN,4624030,14151,69.6478,NA,NA,NA,2.205611,NA,0.811
Finland,Europe,1970,FIN,4606266,15266,70.324700000000007,NA,NA,NA,2.7404203,NA,0.812
Finland,Europe,1971,FIN,4612082,15565,70.1472,NA,NA,NA,6.475765,NA,0.812
Finland,Europe,1972,FIN,4639500,16654,70.8674,NA,NA,NA,6.662498,NA,0.811
Finland,Europe,1973,FIN,4665851,17669,71.3665,NA,NA,NA,10.754472,NA,0.811
Finland,Europe,1974,FIN,4690313,18109,71.2925,NA,NA,NA,16.9364,NA,0.811
Finland,Europe,1975,FIN,4711120,18237,71.8377,24.16218104,24.77142322,NA,17.811398,NA,0.811
Finland,Europe,1976,FIN,4725293,18104,71.989,24.20513207,24.8225391,NA,14.342693,NA,0.817
Finland,Europe,1977,FIN,4738531,18100,72.5135,24.24690272,24.87296859,NA,11.793347,NA,0.817
Finland,Europe,1978,FIN,4752197,18425,73.0803,24.28799731,24.92378355,NA,7.7993507,NA,0.82
Finland,Europe,1979,FIN,4764394,19657,73.36,24.32996399,24.9757729,NA,7.4669614,NA,0.818
Finland,Europe,1980,FIN,4779308,20640,73.6489,24.37359841,25.02932239,NA,11.594619,6.3900003,0.815
Finland,Europe,1981,FIN,4799797,20935,73.9645,24.42009454,25.08498833,NA,11.305757,5.44,0.821
Finland,Europe,1982,FIN,4826841,21495,74.5299,24.46937145,25.14265198,NA,9.584928,5.2000003,0.841
Finland,Europe,1983,FIN,4855748,21944,74.4373,24.52164147,25.2025689,NA,8.366293,5.3199997,0.84
Finland,Europe,1984,FIN,4881772,22486,74.7434,24.57695401,25.26454764,NA,7.0676565,6.06,0.839
Finland,Europe,1985,FIN,4902218,23148,74.4235,24.63465097,25.33001749,NA,5.195622,5.6000004,0.839
Finland,Europe,1986,FIN,4918203,23621,74.7664,24.69414495,25.39679039,NA,2.9335792,5.31,0.839
Finland,Europe,1987,FIN,4932209,24519,74.7988,24.75565769,25.46504563,NA,4.113029,6.57,0.844
Finland,Europe,1988,FIN,4946577,25644,74.7646,24.8183332,25.53514668,NA,5.0859284,6.6699996,0.843
Finland,Europe,1989,FIN,4964475,27012,74.9686,24.88249971,25.60712447,NA,6.59291,5.77,0.843
Finland,Europe,1990,FIN,4986530,26884,74.9892,24.94788878,25.68061976,NA,6.149565,4.5099998,0.857
Finland,Europe,1991,FIN,5013842,25174.898,75.4069,25.01102541,25.75211955,6.503,4.310213,3.74,0.863
Finland,Europe,1992,FIN,5042099,24219.76,75.6469,25.07262655,25.8229343,11.595,2.9193232,3.6100001,0.864
Finland,Europe,1993,FIN,5066547,23943.744,75.8848,25.13247816,25.89285462,16.201,2.190653,4.81,0.872
Finland,Europe,1994,FIN,5088409,24797.66,76.574700000000007,25.19040328,25.96034501,16.426,1.0885568,7.13,0.872
Finland,Europe,1995,FIN,5107865,25761.625,76.6037,25.24720697,26.0267162,17.005,0.7912394,8.79,0.874
Finland,Europe,1996,FIN,5124663,26637.266,76.8695,25.30223817,26.09153878,15.572,0.62919426,9.24,0.874
Finland,Europe,1997,FIN,5139877,28239.875,77.0641,25.35459146,26.15379528,14.968,1.1925589,10.87,0.874
Finland,Europe,1998,FIN,5153506,29715.342,77.2592,25.40364843,26.2132417,13.215,1.3994738,11.599999,0.874
Finland,Europe,1999,FIN,5165470,30986.889,77.4507,25.44866761,26.26922521,11.693,1.1622316,12.559999,0.872
Finland,Europe,2000,FIN,5176146,32689.77,77.6713,25.48950019,26.3216667,11.135,3.042101,13.339999,0.871
Finland,Europe,2001,FIN,5187921,33481.68,78.1423,25.52492642,26.36988693,10.291,2.578441,14.07,0.871
Finland,Europe,2002,FIN,5200499,33986.555,78.27,25.55511103,26.41371887,10.423,1.5712202,12.59,0.871
Finland,Europe,2003,FIN,5212916,34607.22,78.5334,25.58061749,26.45341089,10.469,0.8774404,11.95,0.873
Finland,Europe,2004,FIN,5228095,35888.613,78.8458,25.60224604,26.48881388,10.358,0.18712056,12.96,0.873
Finland,Europe,2005,FIN,5246037,36787.258,78.9711,25.61995411,26.518776,8.384,0.6238744,10.76,0.873
Finland,Europe,2006,FIN,5266198,38160.703,79.373,25.63495664,26.54348024,7.719,1.5666639,11.63,0.876
Finland,Europe,2007,FIN,5288666,39998.523,79.3911,25.64729317,26.56211469,6.854,2.5106657,11.54,0.881
Finland,Europe,2008,FIN,5313334,40129.652,79.695,25.6574966,26.57477397,6.369,4.0659537,11.16,0.882
Finland,Europe,2009,FIN,5338800,36662.613,79.831,25.66568718,26.58317533,8.25,-9.173604e-7,8.91,0.882
Finland,Europe,2010,FIN,5363304,37615.113,80.0116,25.67117682,26.58644982,8.394,1.1841352,9.45,0.882
Finland,Europe,2011,FIN,5388186,38432,80.3916,25.67441486,26.58520268,7.781,3.4168077,9.33,0.883
Finland,Europe,2012,FIN,5413924,37715.01,80.5076,25.67609843,26.58005493,7.689,2.8083363,8.64,0.884
Finland,Europe,2013,FIN,5439027,37203.145,80.869,25.67762273,26.5722037,8.193,1.4782861,8.63,0.889
Finland,Europe,2014,FIN,5461629,36907.92,81.0546,25.67873171,26.56332723,8.663,1.0411962,8.99,0.889
Finland,Europe,2015,FIN,5479664,36986.7,81.3775,25.68009252,26.55423323,9.376,-0.20792884,9.4800005,0.871
Finland,Europe,2016,FIN,5495422,37924.152,81.3029,25.68118239,26.54581549,8.818,0.3566845,9.51,0.87
Finland,Europe,2017,FIN,5508354,39043.19,81.4967,NA,NA,8.64,0.754015,10.8,0.874
Finland,Europe,2018,FIN,5515685,39430.906,81.6265,NA,NA,7.361,1.0838209,NA,0.88
Finland,Europe,2019,FIN,5521713,39874.8,81.8643,NA,NA,6.695,1.024094,NA,0.88
Finland,Europe,2020,FIN,5529559,38871.703,81.8219,NA,NA,7.759,0.29055455,NA,0.879
Finland,Europe,2021,FIN,5541019,39977.855,81.8137,NA,NA,7.606,2.1945744,NA,0.872
Finland,Europe,2022,FIN,5569254,40701.465,81.2435,NA,NA,6.719,7.1235075,11.27,0.873
Finland,Europe,2023,FIN,5601133,NA,81.9102,NA,NA,7.155,6.2506433,11.2300005,0.865
France,Europe,1952,FRA,42780229,8869,67.3912,NA,NA,NA,NA,10.96,0.752
France,Europe,1953,FRA,43227822,9060,67.3191,NA,NA,NA,NA,10.84,0.752
France,Europe,1954,FRA,43676841,9428,68.1882,NA,NA,NA,NA,11.05,0.721
France,Europe,1955,FRA,44136050,9881,68.4442,NA,NA,NA,NA,11.26,0.737
France,Europe,1956,FRA,44588468,10278,68.4647,NA,NA,NA,NA,10.96,0.743
France,Europe,1957,FRA,45036312,10779,68.8972,NA,NA,NA,NA,11.2300005,0.751
France,Europe,1958,FRA,45493445,10927,70.1071,NA,NA,NA,NA,10.360001,0.756
France,Europe,1959,FRA,45963710,11124,70.1683,NA,NA,NA,NA,11.22,0.748
France,Europe,1960,FRA,46428086,11792,70.3675,NA,NA,NA,4.139936,11.46,0.75
France,Europe,1961,FRA,46893794,12302,70.9582,NA,NA,NA,2.400461,11.57,0.75
France,Europe,1962,FRA,47352571,12859,70.4704,NA,NA,NA,5.33128,10.94,0.75
France,Europe,1963,FRA,47817760,13330,70.3204,NA,NA,NA,4.9991527,10.73,0.774
France,Europe,1964,FRA,48319041,14057,71.2802,NA,NA,NA,3.2111917,10.84,0.774
France,Europe,1965,FRA,48772780,14609,71.1067,NA,NA,NA,2.7031045,10.94,0.774
France,Europe,1966,FRA,49184596,15213,71.5138,NA,NA,NA,2.6020007,10.73,0.775
France,Europe,1967,FRA,49574855,15792,71.4983,NA,NA,NA,2.7917771,10.71,0.782
France,Europe,1968,FRA,49947202,16365,71.4857,NA,NA,NA,4.543205,10.16,0.779
France,Europe,1969,FRA,50355256,17352,71.2063,NA,NA,NA,6.045963,9.9,0.807
France,Europe,1970,FRA,50813019,18187,72.0915,NA,NA,NA,5.299641,9.660001,0.832
France,Europe,1971,FRA,51293015,18881,72.0735,NA,NA,NA,5.3975186,9.67,0.836
France,Europe,1972,FRA,51743822,19549,72.3134,NA,NA,NA,6.063003,9.5,0.83
France,Europe,1973,FRA,52162160,20441,72.4756,NA,NA,NA,7.380601,10.09,0.841
France,Europe,1974,FRA,52504692,20902,72.8037,NA,NA,NA,13.649318,9.74,0.844
France,Europe,1975,FRA,52746279,20653,72.9001,24.25119128,24.63100425,NA,11.685927,9.11,0.853
France,Europe,1976,FRA,52959069,21465,73.122,24.26450796,24.66770042,NA,9.625496,9.099999,0.853
France,Europe,1977,FRA,53197077,22177,73.7282,24.27254028,24.70165251,NA,9.4945545,8.53,0.853
France,Europe,1978,FRA,53429614,22698,73.8445,24.27637554,24.73326833,NA,9.250559,8.2699995,0.855
France,Europe,1979,FRA,53660848,23326,74.125,24.27809385,24.76406715,NA,10.646734,8.56,0.855
France,Europe,1980,FRA,53941019,23537,74.2335,24.27898611,24.79405177,NA,13.562579,7.53,0.855
France,Europe,1981,FRA,54254943,23655,74.3965,24.27985552,24.82356546,NA,13.314405,7.43,0.864
France,Europe,1982,FRA,54582351,24120,74.7657,24.2807999,24.85270598,NA,11.978472,6.99,0.868
France,Europe,1983,FRA,54889361,24300,74.7344,24.28269055,24.88091568,NA,9.459548,6.9799995,0.868
France,Europe,1984,FRA,55176574,24519,75.2175,24.28491901,24.90895293,NA,7.673803,7.0299997,0.868
France,Europe,1985,FRA,55467096,24755,75.309,24.28777862,24.93662489,NA,5.8310995,7.3700004,0.868
France,Europe,1986,FRA,55752790,25238,75.5776,24.29165035,24.96399335,NA,2.5385258,8.110001,0.868
France,Europe,1987,FRA,56048312,25756,76.1465,24.2970949,24.99027574,NA,3.2888982,8.150001,0.868
France,Europe,1988,FRA,56361796,26763,76.398,24.30434808,25.01730591,NA,2.7008152,8.34,0.876
France,Europe,1989,FRA,56685031,27576,76.5432,24.31335984,25.04450621,NA,3.4983022,8.95,0.877
France,Europe,1990,FRA,56990186,28129,76.8351,24.32397949,25.0724034,NA,3.1942835,9.01,0.877
France,Europe,1991,FRA,57271510,28294.264,77.0162,24.33692274,25.10164549,9.134,3.2134073,9.099999,0.877
France,Europe,1992,FRA,57554812,28619.805,77.2973,24.35195632,25.13295274,10.203,2.3637605,8.77,0.877
France,Europe,1993,FRA,57801206,28336.16,77.3488,24.3687189,25.16696792,11.321,2.1044629,8.63,0.876
France,Europe,1994,FRA,57999814,28907.977,77.7681,24.38703146,25.20332994,12.593,1.6555153,9.32,0.876
France,Europe,1995,FRA,58192155,29418.863,77.8715,24.40691151,25.24289136,11.834,1.7964814,9.34,0.871
France,Europe,1996,FRA,58380593,29736.645,78.0613,24.42830213,25.28590841,12.367,1.9828837,10.400001,0.874
France,Europe,1997,FRA,58568614,30341.807,78.4246,24.44957348,25.33077539,12.566,1.2039429,10.62,0.876
France,Europe,1998,FRA,58778760,31323.078,78.5879,24.47010521,25.37779457,12.074,0.65112686,11.57,0.877
France,Europe,1999,FRA,59084162,32284.611,78.7457,24.48877088,25.42689287,11.981,0.5371416,11.389999,0.877
France,Europe,2000,FRA,59483672,33409.68,79.0438,24.50543276,25.47822224,10.218,1.67596,11.31,0.877
France,Europe,2001,FRA,59905084,33920.098,79.2208,24.51920208,25.53290439,8.61,1.6347808,11.46,0.877
France,Europe,2002,FRA,60327203,34152.773,79.4109,24.52987851,25.58928285,8.702,1.9234123,11.2300005,0.875
France,Europe,2003,FRA,60741072,34292.03,79.419,24.53694258,25.64706773,8.307,2.098472,11.48,0.874
France,Europe,2004,FRA,61175198,35093.824,80.3363,24.54059771,25.70406917,8.914,2.1420896,11.7,0.874
France,Europe,2005,FRA,61624978,35495.465,80.3367,24.5407363,25.75867184,8.882,1.7458694,11.84,0.874
France,Europe,2006,FRA,62049790,36166.16,80.7449,24.53698509,25.81032126,8.833,1.6751245,11.5199995,0.874
France,Europe,2007,FRA,62432388,36845.684,80.9602,24.53023213,25.85773315,8.009,1.487998,12.29,0.878
France,Europe,2008,FRA,62780134,36761.793,81.0392,24.51993495,25.89964231,7.386,2.812862,12.34,0.886
France,Europe,2009,FRA,63106403,35534.926,81.1635,24.50563683,25.93455557,9.122,0.08762048,10.37,0.886
France,Europe,2010,FRA,63417312,36086.727,81.4047,24.48609405,25.96314178,9.279,1.5311227,11,0.886
France,Europe,2011,FRA,63733716,36691,81.781,24.46245762,25.98607758,9.228,2.111598,11.48,0.889
France,Europe,2012,FRA,64058423,36625.926,81.739,24.43549811,26.00501729,9.841,1.9541953,10.25,0.891
France,Europe,2013,FRA,64387684,36647.22,81.9786,24.40627372,26.02205896,9.913,0.86371547,9.63,0.892
France,Europe,2014,FRA,64692449,36818.54,82.4366,24.3755527,26.03888503,10.273,0.5077588,9.79,0.891
France,Europe,2015,FRA,64916292,37077.89,82.1487,24.34407017,26.05554699,10.354,0.03751438,10.38,0.885
France,Europe,2016,FRA,65086802,37343.84,82.4008,24.3122892,26.07234717,10.057,0.18333486,10.42,0.885
France,Europe,2017,FRA,65284727,38037.336,82.4385,NA,NA,9.41,1.0322827,10.76,0.887
France,Europe,2018,FRA,65519483,38555.465,82.5682,NA,NA,9.018,1.850815,11.97,0.875
France,Europe,2019,FRA,65729405,39084.656,82.7304,NA,NA,8.415,1.1082549,NA,0.867
France,Europe,2020,FRA,65905226,35913.82,82.1993,NA,NA,8.01,0.47649884,NA,0.866
France,Europe,2021,FRA,66083491,38242.133,82.3216,NA,NA,7.874,1.6423314,NA,0.867
France,Europe,2022,FRA,66277365,39065.71,82.4753,NA,NA,7.308,5.2223673,12.07,0.878
France,Europe,2023,FRA,66438774,NA,83.3253,NA,NA,7.323,4.8783574,12.13,0.876
Gabon,Africa,1952,GAB,478540,3143,40.7373,NA,NA,NA,NA,NA,0.098
Gabon,Africa,1953,GAB,481718,3237,41.483,NA,NA,NA,NA,NA,0.097
Gabon,Africa,1954,GAB,485118,3335,42.1891,NA,NA,NA,NA,NA,0.097
Gabon,Africa,1955,GAB,488773,3437,42.946,NA,NA,NA,NA,NA,0.097
Gabon,Africa,1956,GAB,492744,3539,43.6547,NA,NA,NA,NA,NA,0.097
Gabon,Africa,1957,GAB,497022,3642,44.3631,NA,NA,NA,NA,NA,0.146
Gabon,Africa,1958,GAB,501688,3749,45.0635,NA,NA,NA,NA,NA,0.149
Gabon,Africa,1959,GAB,506763,3857,45.756,NA,NA,NA,NA,NA,0.149
Gabon,Africa,1960,GAB,512283,3982,46.4427,NA,NA,NA,NA,NA,0.179
Gabon,Africa,1961,GAB,518233,4415,47.1152,NA,NA,NA,NA,NA,0.211
Gabon,Africa,1962,GAB,524613,4497,47.7767,NA,NA,NA,NA,NA,0.211
Gabon,Africa,1963,GAB,531414,4599,48.4248,NA,NA,NA,7.1583333,NA,0.211
Gabon,Africa,1964,GAB,538616,4616,48.9938,NA,NA,NA,3.328408,NA,0.138
Gabon,Africa,1965,GAB,546277,4626,49.7096,NA,NA,NA,2.4384737,NA,0.135
Gabon,Africa,1966,GAB,554420,4761,50.3217,NA,NA,NA,3.6441114,NA,0.129
Gabon,Africa,1967,GAB,563058,4882,50.9284,NA,NA,NA,1.9777416,NA,0.133
Gabon,Africa,1968,GAB,572219,4927,51.5454,NA,NA,NA,2.335604,NA,0.174
Gabon,Africa,1969,GAB,583233,5252,52.127,NA,NA,NA,2.9751391,NA,0.174
Gabon,Africa,1970,GAB,595812,5587,52.6973,NA,NA,NA,3.812665,NA,0.187
Gabon,Africa,1971,GAB,608310,6027,53.2586,NA,NA,NA,3.863261,NA,0.187
Gabon,Africa,1972,GAB,620912,6559,53.8109,NA,NA,NA,3.4870915,NA,0.187
Gabon,Africa,1973,GAB,633947,6935,54.3524,NA,NA,NA,6.2071414,NA,0.185
Gabon,Africa,1974,GAB,647656,9083,54.9106,NA,NA,NA,12.072804,NA,0.185
Gabon,Africa,1975,GAB,662159,9985,55.4549,19.98855726,19.81979911,NA,28.452942,NA,0.185
Gabon,Africa,1976,GAB,677589,12747,55.97,20.23213925,19.98619324,NA,20.171564,NA,0.185
Gabon,Africa,1977,GAB,693947,10849,56.4674,20.47527439,20.15394035,NA,13.852569,NA,0.185
Gabon,Africa,1978,GAB,711202,8013,56.9542,20.71667794,20.3226727,NA,10.764169,NA,0.185
Gabon,Africa,1979,GAB,729338,8091,57.438,20.95567522,20.49185464,NA,7.9526987,NA,0.186
Gabon,Africa,1980,GAB,748350,8402,57.8926,21.19191129,20.66031187,NA,12.34036,NA,0.184
Gabon,Africa,1981,GAB,768344,8625,58.3323,21.41671383,20.82284181,NA,8.706502,NA,0.182
Gabon,Africa,1982,GAB,789243,8099,58.6438,21.63115729,20.97901378,NA,16.685797,NA,0.182
Gabon,Africa,1983,GAB,810959,8281,58.9942,21.83649926,21.13024181,NA,10.671937,NA,0.182
Gabon,Africa,1984,GAB,833448,8612,59.3396,22.03400546,21.27643407,NA,5.857143,NA,0.182
Gabon,Africa,1985,GAB,856693,8131,59.6648,22.22435859,21.41775074,NA,7.3549256,NA,0.183
Gabon,Africa,1986,GAB,880661,7818,59.9564,22.40640004,21.55273818,NA,6.285355,NA,0.183
Gabon,Africa,1987,GAB,905440,6320,60.1995,22.58151714,21.68239226,NA,-0.9461857,NA,0.182
Gabon,Africa,1988,GAB,930962,6982,60.3978,22.75143654,21.80718492,NA,-8.776119,NA,0.182
Gabon,Africa,1989,GAB,957093,7422,60.5844,22.91731678,21.92799887,NA,6.7408376,NA,0.182
Gabon,Africa,1990,GAB,983691,7646,60.7355,23.08027394,22.04490979,NA,7.725322,NA,0.22
Gabon,Africa,1991,GAB,1010777,8296.574,60.8908,23.24025309,22.15827915,17.22,-11.686112,NA,0.309
Gabon,Africa,1992,GAB,1038337,8194.499,61.0134,23.39786226,22.26793118,17.701,-9.542913,NA,0.324
Gabon,Africa,1993,GAB,1066348,8551.059,61.1248,23.5531842,22.37423659,17.78,0.53374654,NA,0.324
Gabon,Africa,1994,GAB,1094670,9192.5625,61.183,23.70730987,22.47766126,17.805,36.116245,NA,0.331
Gabon,Africa,1995,GAB,1123170,9833.989,61.2696,23.86122067,22.57855417,17.414,9.646531,NA,0.331
Gabon,Africa,1996,GAB,1151968,10389.21,61.2648,24.01357788,22.6763247,17.354,0.6896934,NA,0.332
Gabon,Africa,1997,GAB,1181400,11202.839,61.3955,24.16514546,22.77117541,17.201,3.9734502,NA,0.342
Gabon,Africa,1998,GAB,1211694,11758.16,61.506,24.31660653,22.86427506,17.184,1.4487386,NA,0.342
Gabon,Africa,1999,GAB,1242985,10648.09,61.658,24.46799993,22.95572759,17.599,-1.936604,NA,0.342
Gabon,Africa,2000,GAB,1275530,10637.8,61.8098,24.61974264,23.04576931,17.827,0.50492,NA,0.342
Gabon,Africa,2001,GAB,1309550,11104.553,61.9818,24.76949614,23.13334136,17.801,2.1376204,NA,0.345
Gabon,Africa,2002,GAB,1345082,11141.463,62.1752,24.91694216,23.21903096,17.372,0.03668289,NA,0.347
Gabon,Africa,2003,GAB,1382304,11665.832,62.4627,25.06224599,23.30256353,17.129,2.2353532,NA,0.347
Gabon,Africa,2004,GAB,1421570,12022.507,62.6944,25.20494517,23.38477498,17.104,0.4082053,NA,0.347
Gabon,Africa,2005,GAB,1463455,12437.96,62.978,25.34445676,23.46438452,16.91,3.7083333,17.06,0.347
Gabon,Africa,2006,GAB,1508281,12342.779,63.2589,25.48006758,23.54083115,17.792,-1.4094014,NA,0.351
Gabon,Africa,2007,GAB,1556199,13455.612,63.6186,25.61231104,23.61383549,18.258,5.0303187,NA,0.353
Gabon,Africa,2008,GAB,1607136,13330.255,64.0109,25.74170154,23.682695,19.197,5.2643013,NA,0.353
Gabon,Africa,2009,GAB,1661523,13617.896,64.3612,25.86846854,23.74745463,19.754,1.8857075,NA,0.356
Gabon,Africa,2010,GAB,1719828,14926.699,64.7148,25.99254405,23.80897806,20.39,1.461544,NA,0.372
Gabon,Africa,2011,GAB,1781929,16403,65.1016,26.11414826,23.86754325,19.929,1.2633171,NA,0.372
Gabon,Africa,2012,GAB,1846852,16682.309,65.4384,26.23353694,23.92446328,19.713,2.6524184,NA,0.367
Gabon,Africa,2013,GAB,1913008,16964.445,65.7506,26.35110919,23.9802197,19.788,0.50544107,NA,0.373
Gabon,Africa,2014,GAB,1978345,17098.143,66.0698,26.46708943,24.03532005,19.922,4.6904573,NA,0.373
Gabon,Africa,2015,GAB,2040935,17180,66.3361,26.58218418,24.09015275,19.994,-0.33879519,NA,0.373
Gabon,Africa,2016,GAB,2100258,16995.238,66.5832,26.69545578,24.14419589,20.165,2.106707,NA,0.378
Gabon,Africa,2017,GAB,2156852,16576.176,66.8163,NA,NA,20.351,2.6519258,10.9,0.396
Gabon,Africa,2018,GAB,2212268,16253.897,67.0426,NA,NA,20.502,4.7490664,NA,0.386
Gabon,Africa,2019,GAB,2267660,16449.715,67.3369,NA,NA,20.426,2.4645677,NA,0.382
Gabon,Africa,2020,GAB,2322485,15745.749,67.0725,NA,NA,21.273,1.3527611,NA,0.373
Gabon,Africa,2021,GAB,2376684,15597.771,67.0715,NA,NA,21.233,1.0869075,NA,0.373
Gabon,Africa,2022,GAB,2430702,15720.901,67.713,NA,NA,20.501,4.231248,10.89,0.368
Gabon,Africa,2023,GAB,2484739,NA,68.3367,NA,NA,20.361,3.6290154,10.89,0.329
Gambia,Africa,1952,GMB,322597,1022,31.7093,NA,NA,NA,NA,NA,0.158
Gambia,Africa,1953,GMB,331052,1036,31.9172,NA,NA,NA,NA,NA,0.158
Gambia,Africa,1954,GMB,339767,1068,32.1781,NA,NA,NA,NA,NA,0.159
Gambia,Africa,1955,GMB,348757,1074,32.4107,NA,NA,NA,NA,NA,0.16
Gambia,Africa,1956,GMB,358001,1086,32.7556,NA,NA,NA,NA,NA,0.16
Gambia,Africa,1957,GMB,367507,1097,33.1152,NA,NA,NA,NA,NA,0.16
Gambia,Africa,1958,GMB,377335,1097,33.6099,NA,NA,NA,NA,NA,0.16
Gambia,Africa,1959,GMB,387502,1129,34.0854,NA,NA,NA,NA,NA,0.16
Gambia,Africa,1960,GMB,398030,1167,34.5741,NA,NA,NA,NA,NA,0.228
Gambia,Africa,1961,GMB,408896,1318,35.0632,NA,NA,NA,NA,NA,0.229
Gambia,Africa,1962,GMB,420126,1262,35.5986,NA,NA,NA,1.7876179,NA,0.285
Gambia,Africa,1963,GMB,431720,1232,36.0864,NA,NA,NA,4.6161284,NA,0.325
Gambia,Africa,1964,GMB,443650,1274,36.579,NA,NA,NA,-4.5356536,NA,0.325
Gambia,Africa,1965,GMB,455909,1368,37.1196,NA,NA,NA,1.2180367,NA,0.324
Gambia,Africa,1966,GMB,468472,1545,37.5585,NA,NA,NA,0.23908192,NA,0.431
Gambia,Africa,1967,GMB,481544,1548,38.0633,NA,NA,NA,1.4072189,NA,0.444
Gambia,Africa,1968,GMB,495231,1519,38.5333,NA,NA,NA,4.1787534,NA,0.444
Gambia,Africa,1969,GMB,509400,1629,39.0043,NA,NA,NA,5.012041,NA,0.444
Gambia,Africa,1970,GMB,524062,1422,39.5325,NA,NA,NA,-1.9850938,NA,0.494
Gambia,Africa,1971,GMB,539348,1376,40.0479,NA,NA,NA,3.0562258,NA,0.494
Gambia,Africa,1972,GMB,555335,1334,40.5487,NA,NA,NA,8.69812,NA,0.475
Gambia,Africa,1973,GMB,571963,1411,41.0881,NA,NA,NA,6.9186087,NA,0.469
Gambia,Africa,1974,GMB,589044,1452,41.6759,NA,NA,NA,9.23631,NA,0.469
Gambia,Africa,1975,GMB,606776,1497,42.192,18.66190951,18.32191894,NA,25.925,NA,0.469
Gambia,Africa,1976,GMB,625627,1436,42.8764,18.83640284,18.43920624,NA,17.02733,NA,0.469
Gambia,Africa,1977,GMB,645734,1417,43.3658,19.00692872,18.55493553,NA,12.38973,NA,0.458
Gambia,Africa,1978,GMB,667070,1446,43.5733,19.17379086,18.66948168,NA,8.855346,NA,0.456
Gambia,Africa,1979,GMB,689735,1360,44.5174,19.33784744,18.7826241,NA,6.1289577,NA,0.456
Gambia,Africa,1980,GMB,713872,1325,44.9773,19.49912472,18.89496206,NA,6.8246155,NA,0.455
Gambia,Africa,1981,GMB,739091,1521,44.4894,19.65967359,19.00769025,NA,5.944227,NA,0.451
Gambia,Africa,1982,GMB,765708,1581,46.2501,19.81943205,19.1203625,NA,10.855845,NA,0.454
Gambia,Africa,1983,GMB,794477,1482,46.892,19.97868782,19.23358431,NA,10.636304,NA,0.457
Gambia,Africa,1984,GMB,825589,1462,47.5128,20.13709411,19.34738302,NA,22.09846,NA,0.457
Gambia,Africa,1985,GMB,858830,1451,48.1512,20.29487178,19.46170243,NA,18.319885,NA,0.461
Gambia,Africa,1986,GMB,893973,1422,48.798,20.45297708,19.57716222,NA,56.560173,NA,0.461
Gambia,Africa,1987,GMB,931059,1406,49.3917,20.61127306,19.69390186,NA,23.529167,NA,0.471
Gambia,Africa,1988,GMB,970122,1417,50.1461,20.77015828,19.8116534,NA,11.690587,NA,0.473
Gambia,Africa,1989,GMB,1011321,1407,50.7249,20.92920953,19.93010279,NA,8.275016,NA,0.473
Gambia,Africa,1990,GMB,1054658,1400,51.2782,21.08824906,20.04972256,NA,12.167784,NA,0.473
Gambia,Africa,1991,GMB,1099908,1390.705,51.8574,21.24640191,20.17005097,9.561,8.6423435,NA,0.473
Gambia,Africa,1992,GMB,1145534,1391.4054,52.4771,21.4039221,20.2916751,9.681,9.486543,18.48,0.467
Gambia,Africa,1993,GMB,1188323,1385.5908,53.1503,21.56085278,20.41482736,9.727,6.4638042,NA,0.443
Gambia,Africa,1994,GMB,1227183,1345.035,53.7676,21.71798516,20.53989409,9.862,1.7102063,NA,0.207
Gambia,Africa,1995,GMB,1264273,1317.2426,54.2923,21.87681267,20.66771451,9.983,6.980974,NA,0.1
Gambia,Africa,1996,GMB,1301367,1336.8473,54.8493,22.0373643,20.79830336,10.036,1.0994887,NA,0.13
Gambia,Africa,1997,GMB,1338849,1308.4867,55.2254,22.20012571,20.93314074,9.866,2.7812278,NA,0.248
Gambia,Africa,1998,GMB,1376948,1324.9244,56.0074,22.36569534,21.07344934,9.784,1.1141884,18.55,0.258
Gambia,Africa,1999,GMB,1415742,1385.6318,56.4657,22.53329019,21.21831408,9.643,3.812372,NA,0.26
Gambia,Africa,2000,GMB,1455049,1440.8619,56.8994,22.70123681,21.36697092,9.639,0.8449696,NA,0.257
Gambia,Africa,2001,GMB,1494977,1495.0918,57.2832,22.86765918,21.5186348,9.571,4.492596,NA,0.256
Gambia,Africa,2002,GMB,1535655,1473.4006,57.7361,23.03012105,21.67343016,9.965,8.609125,NA,0.257
Gambia,Africa,2003,GMB,1577575,1478.9562,58.2232,23.18763431,21.83078329,9.93,17.032867,20.36,0.258
Gambia,Africa,2004,GMB,1621254,1585.7992,58.7491,23.33873184,21.98849716,9.897,14.206743,NA,0.258
Gambia,Africa,2005,GMB,1666989,1541.6116,59.1098,23.48242874,22.1450172,9.878,4.8386216,NA,0.258
Gambia,Africa,2006,GMB,1715238,1530.6844,59.667,23.61921705,22.29944713,10.196,2.0565035,NA,0.253
Gambia,Africa,2007,GMB,1765731,1557.8474,60.0014,23.74884144,22.44937125,10.383,5.369135,NA,0.243
Gambia,Africa,2008,GMB,1817806,1618.4445,60.4734,23.87110133,22.5943878,10.041,4.443655,NA,0.243
Gambia,Africa,2009,GMB,1871382,1692.6423,60.7348,23.98625094,22.73239029,9.769,4.5615067,NA,0.243
Gambia,Africa,2010,GMB,1926580,1772.7268,61.1675,24.09489195,22.86291293,9.673,5.0496807,21.13,0.242
Gambia,Africa,2011,GMB,1983737,1669,61.5612,24.19695042,22.98623425,10.269,4.7958827,NA,0.243
Gambia,Africa,2012,GMB,2043044,1725,61.9,24.29342142,23.10400447,10.346,4.254322,NA,0.243
Gambia,Africa,2013,GMB,2103775,1767,62.2525,24.38637474,23.21847537,9.468,5.69913,NA,0.24
Gambia,Africa,2014,GMB,2164486,1743,62.5759,24.47729524,23.33240881,8.224,5.9479995,NA,0.242
Gambia,Africa,2015,GMB,2224483,1786,62.9713,24.56621707,23.44597904,7.271,6.808455,13.39,0.242
Gambia,Africa,2016,GMB,2283737,1770.3645,63.3862,24.65288872,23.55791801,6.299,7.2287927,NA,0.249
Gambia,Africa,2017,GMB,2342157,1805.8812,63.7076,NA,NA,5.162,8.03419,NA,0.5
Gambia,Africa,2018,GMB,2399584,1886.0532,64.0339,NA,NA,4.127,6.5209684,NA,0.533
Gambia,Africa,2019,GMB,2456795,1952.326,64.4275,NA,NA,4.532,7.1156764,NA,0.526
Gambia,Africa,2020,GMB,2515694,1914.1969,64.4183,NA,NA,5.858,5.9312763,NA,0.496
Gambia,Africa,2021,GMB,2575965,1964.4937,63.8475,NA,NA,6.206,7.3703475,NA,0.503
Gambia,Africa,2022,GMB,2636423,2010.5322,64.859,NA,NA,6.082,11.51312,15.700001,0.626
Gambia,Africa,2023,GMB,2697797,NA,65.8603,NA,NA,6.479,16.974213,15.700001,0.64
Germany,Europe,1952,DEU,69826891,7257,67.4591,NA,NA,NA,NA,NA,NA
Germany,Europe,1953,DEU,69935067,7818,67.7647,NA,NA,NA,NA,NA,NA
Germany,Europe,1954,DEU,70104574,8364,68.0585,NA,NA,NA,NA,NA,NA
Germany,Europe,1955,DEU,70334098,9240,68.3412,NA,NA,NA,NA,NA,NA
Germany,Europe,1956,DEU,70613853,9846,68.5853,NA,NA,NA,NA,NA,NA
Germany,Europe,1957,DEU,71088092,10348,68.4992,NA,NA,NA,NA,NA,NA
Germany,Europe,1958,DEU,71694625,10739,69.2328,NA,NA,NA,NA,NA,NA
Germany,Europe,1959,DEU,72241676,11440,69.3345,NA,NA,NA,NA,NA,NA
Germany,Europe,1960,DEU,72811591,12282,69.2509,NA,NA,NA,1.5366124,NA,NA
Germany,Europe,1961,DEU,73376062,12675,69.837,NA,NA,NA,2.293695,NA,NA
Germany,Europe,1962,DEU,73996959,13106,69.9991,NA,NA,NA,2.8432703,NA,NA
Germany,Europe,1963,DEU,74697959,13367,70.1167,NA,NA,NA,2.9669597,NA,NA
Germany,Europe,1964,DEU,75313437,14062,70.6493,NA,NA,NA,2.3357358,NA,NA
Germany,Europe,1965,DEU,75966929,14642,70.6251,NA,NA,NA,3.2423193,NA,NA
Germany,Europe,1966,DEU,76610983,14964,70.7413,NA,NA,NA,3.5330603,NA,NA
Germany,Europe,1967,DEU,76970751,14979,70.9581,NA,NA,NA,1.79605,NA,NA
Germany,Europe,1968,DEU,77321235,15723,70.6078,NA,NA,NA,1.4702893,NA,NA
Germany,Europe,1969,DEU,77943985,16641,70.4581,NA,NA,NA,1.9126785,NA,NA
Germany,Europe,1970,DEU,78205059,17277,70.6782,NA,NA,NA,3.4502494,NA,NA
Germany,Europe,1971,DEU,78345825,17657,70.9119,NA,NA,NA,5.2409744,NA,NA
Germany,Europe,1972,DEU,78719873,18301,71.1482,NA,NA,NA,5.484933,NA,NA
Germany,Europe,1973,DEU,78966939,19074,71.362,NA,NA,NA,7.032024,NA,NA
Germany,Europe,1974,DEU,78996648,19228,71.6776,NA,NA,NA,6.986431,NA,NA
Germany,Europe,1975,DEU,78701809,19193,71.5162,24.36065656,24.68584035,NA,5.9103365,NA,NA
Germany,Europe,1976,DEU,78364452,20218,71.9791,24.3671234,24.74246652,NA,4.246631,NA,NA
Germany,Europe,1977,DEU,78185514,20837,72.5901,24.3739536,24.79931122,NA,3.7341623,NA,NA
Germany,Europe,1978,DEU,78115303,21447,72.5703,24.38187903,24.8567856,NA,2.718697,NA,NA
Germany,Europe,1979,DEU,78147846,22305,72.9181,24.39210815,24.91665792,NA,4.04362,NA,NA
Germany,Europe,1980,DEU,78315329,22497,73.0883,24.40539389,24.97883745,NA,5.4410577,NA,NA
Germany,Europe,1981,DEU,78447990,22553,73.331,24.42177393,25.0432231,NA,6.3442426,9.72,NA
Germany,Europe,1982,DEU,78393617,22380,73.6277,24.44122162,25.10930863,NA,5.241045,9.38,NA
Germany,Europe,1983,DEU,78224082,22840,73.9176,24.46410889,25.17722843,NA,3.2934148,9.94,NA
Germany,Europe,1984,DEU,77998146,23564,74.3796,24.490289,25.24710788,NA,2.4057934,9.63,NA
Germany,Europe,1985,DEU,77863371,24133,74.4919,24.52001138,25.3188755,NA,2.066233,9.29,NA
Germany,Europe,1986,DEU,77923761,24657,74.6953,24.55392198,25.39163031,NA,-0.12941337,10.52,NA
Germany,Europe,1987,DEU,78062270,25027,75.1073,24.59264316,25.46588456,NA,0.24990611,10.4800005,NA
Germany,Europe,1988,DEU,78385947,25759,75.2806,24.6355324,25.54153951,NA,1.2741189,11.21,NA
Germany,Europe,1989,DEU,79007007,26393,75.467,24.68255505,25.61912587,NA,2.7805696,11.89,NA
Germany,Europe,1990,DEU,79707913,25391,75.3414,24.73274212,25.69808906,NA,2.6964684,11.41,NA
Germany,Europe,1991,DEU,80303142,26769.96,75.5597,24.78618051,25.77684495,5.316,4.047033,10.11,0.896
Germany,Europe,1992,DEU,80934859,27385.055,76.0035,24.84272069,25.85654642,6.323,5.0569777,9.58,0.896
Germany,Europe,1993,DEU,81486723,27250.701,76.0803,24.90095881,25.9371794,7.675,4.4745765,9.11,0.896
Germany,Europe,1994,DEU,81773563,28140.057,76.3799,24.96053517,26.0171068,8.727,2.6930563,9.07,0.896
Germany,Europe,1995,DEU,82019850,28868.945,76.5515,25.02201367,26.09766004,8.158,1.7061604,9.099999,0.896
Germany,Europe,1996,DEU,82263144,29349.982,76.7833,25.0840747,26.17846283,8.822,1.449727,9.87,0.896
Germany,Europe,1997,DEU,82389580,30186.945,77.2182,25.14564763,26.25885788,9.861,1.939372,9.96,0.896
Germany,Europe,1998,DEU,82011883,31129.584,77.5759,25.20563896,26.33879112,9.787,0.91118354,11.469999,0.896
Germany,Europe,1999,DEU,81678226,32087.604,77.7977,25.26300285,26.41737385,8.854,0.58543307,11.27,0.895
Germany,Europe,2000,DEU,81797200,33367.285,78.0563,25.31768432,26.49500018,7.917,1.4402684,11.09,0.895
Germany,Europe,2001,DEU,81933833,34260.29,78.4023,25.3702319,26.57301607,7.773,1.9838573,9.99,0.895
Germany,Europe,2002,DEU,82068282,34590.93,78.4749,25.4211473,26.65205238,8.482,1.4208062,9.82,0.896
Germany,Europe,2003,DEU,82111559,34716.44,78.5361,25.47047645,26.73148504,9.779,1.0342222,9.21,0.897
Germany,Europe,2004,DEU,82092658,35528.715,79.1186,25.51830773,26.81051982,10.727,1.6657369,10.400001,0.897
Germany,Europe,2005,DEU,82046684,36205.574,79.254,25.56470472,26.88729,11.167,1.5469111,11.96,0.897
Germany,Europe,2006,DEU,81701921,38014.137,79.5862,25.6106602,26.9616123,10.25,1.5774264,12.73,0.906
Germany,Europe,2007,DEU,81298499,39752.207,79.7306,25.6557485,27.03195045,8.658,2.298344,13.91,0.906
Germany,Europe,2008,DEU,81110734,40715.434,79.8161,25.69996879,27.09777838,7.525,2.6283798,13.75,0.906
Germany,Europe,2009,DEU,80935222,38962.938,79.9151,25.7428459,27.15883644,7.742,0.312739,13.36,0.901
Germany,Europe,2010,DEU,80830868,41109.582,80.0814,25.78360187,27.21413542,6.967,1.1038104,12.59,0.899
Germany,Europe,2011,DEU,80857831,43189,80.3549,25.82248798,27.26496901,5.825,2.075173,12.83,0.903
Germany,Europe,2012,DEU,80916339,43288.32,80.5017,25.86005788,27.3116693,5.379,2.008489,12.259999,0.902
Germany,Europe,2013,DEU,81041525,43359.137,80.454,25.89776749,27.3556894,5.231,1.5047233,12.9,0.895
Germany,Europe,2014,DEU,81376036,44132.758,80.9056,25.93513703,27.39878484,4.981,0.906794,12.94,0.888
Germany,Europe,2015,DEU,82077498,44405.168,80.5658,25.97264791,27.44128879,4.624,0.5144261,12.99,0.885
Germany,Europe,2016,DEU,82760053,45030.47,80.8371,26.00994709,27.48449232,4.122,0.49174702,12.9,0.888
Germany,Europe,2017,DEU,83103956,46065.1,80.9371,NA,NA,3.746,1.5094949,13.6,0.888
Germany,Europe,2018,DEU,83368456,46377.39,80.8747,NA,NA,3.384,1.7321688,NA,0.88
Germany,Europe,2019,DEU,83559127,46761.945,81.1893,NA,NA,3.136,1.4456598,NA,0.882
Germany,Europe,2020,DEU,83628661,44996.43,81.0036,NA,NA,3.856,0.14487793,NA,0.872
Germany,Europe,2021,DEU,83697031,46159.05,81.1059,NA,NA,3.638,3.0666666,NA,0.864
Germany,Europe,2022,DEU,84086176,46647.793,80.5796,NA,NA,3.135,6.8725743,12.76,0.854
Germany,Europe,2023,DEU,84548184,NA,81.3777,NA,NA,3.045,5.946437,12.720001,0.854
Ghana,Africa,1952,GHA,5387440,1728,44.0368,NA,NA,NA,NA,NA,0.291
Ghana,Africa,1953,GHA,5553918,1916,44.5057,NA,NA,NA,NA,NA,0.292
Ghana,Africa,1954,GHA,5729381,2099,44.987,NA,NA,NA,NA,NA,0.293
Ghana,Africa,1955,GHA,5914883,1913,45.3727,NA,NA,NA,NA,NA,0.29
Ghana,Africa,1956,GHA,6109563,1970,45.7477,NA,NA,NA,NA,NA,0.29
Ghana,Africa,1957,GHA,6312452,1978,46.1308,NA,NA,NA,NA,NA,0.436
Ghana,Africa,1958,GHA,6520096,1892,46.4025,NA,NA,NA,NA,NA,0.4
Ghana,Africa,1959,GHA,6735487,2106,46.7095,NA,NA,NA,NA,NA,0.392
Ghana,Africa,1960,GHA,6961167,2197,46.9416,NA,NA,NA,NA,NA,0.351
Ghana,Africa,1961,GHA,7162610,2212,47.1275,NA,NA,NA,NA,NA,0.311
Ghana,Africa,1962,GHA,7337328,2257,47.3353,NA,NA,NA,NA,NA,0.296
Ghana,Africa,1963,GHA,7514682,2270,47.4758,NA,NA,NA,NA,NA,0.294
Ghana,Africa,1964,GHA,7695688,2254,47.6371,NA,NA,NA,NA,NA,0.287
Ghana,Africa,1965,GHA,7882554,2220,47.6889,NA,NA,NA,26.444784,NA,0.259
Ghana,Africa,1966,GHA,8074477,2158,47.7082,NA,NA,NA,13.237885,NA,0.149
Ghana,Africa,1967,GHA,8271871,2134,47.7342,NA,NA,NA,-8.422486,NA,0.142
Ghana,Africa,1968,GHA,8475691,2101,47.7583,NA,NA,NA,7.894737,NA,0.143
Ghana,Africa,1969,GHA,8690331,2112,47.8953,NA,NA,NA,7.3170733,NA,0.248
Ghana,Africa,1970,GHA,8925768,2270,47.8884,NA,NA,NA,3.030303,NA,0.387
Ghana,Africa,1971,GHA,9176209,2377,47.9487,NA,NA,NA,9.558824,NA,0.439
Ghana,Africa,1972,GHA,9438134,2235,48.2737,NA,NA,NA,10.067114,NA,0.148
Ghana,Africa,1973,GHA,9714561,2227,48.5772,NA,NA,NA,17.682926,NA,0.112
Ghana,Africa,1974,GHA,10000482,2319,48.9182,NA,NA,NA,18.134714,NA,0.114
Ghana,Africa,1975,GHA,10294266,1988,49.3226,19.74649499,19.80427823,NA,29.824562,NA,0.113
Ghana,Africa,1976,GHA,10594872,1878,49.7323,19.87648468,19.90111507,NA,56.08108,NA,0.113
Ghana,Africa,1977,GHA,10911821,1882,50.079,20.00450356,19.99705295,NA,116.45022,NA,0.113
Ghana,Africa,1978,GHA,11248401,2008,50.4607,20.13082634,20.09244481,NA,73.09167,NA,0.116
Ghana,Africa,1979,GHA,11597203,1929,50.7869,20.2565331,20.18699873,NA,54.441288,NA,0.307
Ghana,Africa,1980,GHA,11941397,1844,51.0594,20.38159172,20.28135314,NA,50.07014,NA,0.542
Ghana,Africa,1981,GHA,12281666,1820,51.3127,20.50769942,20.37649763,NA,116.5036,NA,0.255
Ghana,Africa,1982,GHA,12643770,1661,51.425,20.63478467,20.47181318,NA,22.295567,NA,0.11
Ghana,Africa,1983,GHA,13029795,1487,51.7799,20.76280999,20.56740628,NA,122.87451,NA,0.102
Ghana,Africa,1984,GHA,13370541,1530,52.2322,20.89184078,20.66284902,NA,39.665314,NA,0.1
Ghana,Africa,1985,GHA,13661192,1559,52.732,21.02137799,20.75768744,NA,10.305441,NA,0.101
Ghana,Africa,1986,GHA,13965158,1575,53.2758,21.15472145,20.8535705,NA,24.565416,NA,0.101
Ghana,Africa,1987,GHA,14289071,1605,53.8179,21.29130005,20.94947686,NA,39.815067,13.6,0.101
Ghana,Africa,1988,GHA,14636525,1648,54.3957,21.4308512,21.0455909,NA,31.359268,NA,0.101
Ghana,Africa,1989,GHA,15006762,1685,54.9364,21.5728729,21.14084474,NA,25.223692,NA,0.101
Ghana,Africa,1990,GHA,15394598,1693,55.3949,21.71706345,21.23512526,NA,37.259068,NA,0.105
Ghana,Africa,1991,GHA,15787445,1742.6276,55.722,21.86305266,21.32767111,3.489,18.031439,13.56,0.107
Ghana,Africa,1992,GHA,16184805,1771.6003,56.0554,22.010868,21.41800674,4.7,10.056117,NA,0.174
Ghana,Africa,1993,GHA,16589470,1791.1127,56.2862,22.15984958,21.50626822,5.238,24.959843,NA,0.441
Ghana,Africa,1994,GHA,16993137,1813.6117,56.2339,22.31102686,21.59233574,5.895,24.870255,NA,0.477
Ghana,Africa,1995,GHA,17398968,1856.5728,56.662,22.46491239,21.67624347,6.479,59.461555,NA,0.493
Ghana,Africa,1996,GHA,17810138,1907.9348,56.9568,22.62169404,21.7583423,7.084,46.56102,NA,0.519
Ghana,Africa,1997,GHA,18238909,1964.9125,57.2414,22.78184054,21.83887264,7.637,27.885208,NA,0.602
Ghana,Africa,1998,GHA,18687991,2017.9895,57.5245,22.94543565,21.91849062,8.2,14.6241665,NA,0.602
Ghana,Africa,1999,GHA,19149823,2066.7412,57.8354,23.11187191,21.99625527,10.1,4.865398,NA,0.607
Ghana,Africa,2000,GHA,19637041,2100.293,58.1392,23.27954179,22.07237249,10.456,40.240932,NA,0.671
Ghana,Africa,2001,GHA,20167023,2143.1062,58.403,23.44593399,22.14643242,9.604,41.509495,NA,0.726
Ghana,Africa,2002,GHA,20729337,2192.0203,58.7086,23.60913039,22.21768027,8.698,9.360932,NA,0.733
Ghana,Africa,2003,GHA,21296653,2256.8174,59.0141,23.76802573,22.28664119,7.722,29.77298,NA,0.733
Ghana,Africa,2004,GHA,21868251,2329.5156,59.3159,23.92106966,22.35138609,6.757,18.042738,NA,0.744
Ghana,Africa,2005,GHA,22449390,2411.2876,59.6381,24.06730353,22.4096128,5.817,15.438992,15.719999,0.736
Ghana,Africa,2006,GHA,23040661,2503.9578,59.9753,24.20785559,22.46108696,4.897,11.679184,NA,0.736
Ghana,Africa,2007,GHA,23642240,2553.1658,60.2822,24.34283995,22.50437459,5.092,10.734266,NA,0.738
Ghana,Africa,2008,GHA,24249900,2725.7883,60.5785,24.47272062,22.53860279,5.142,16.49464,NA,0.737
Ghana,Africa,2009,GHA,24862618,2793.8708,60.9278,24.59816794,22.56299676,5.349,19.246948,NA,0.759
Ghana,Africa,2010,GHA,25474957,2946.0393,61.2974,24.71914762,22.57820332,5.384,10.73339,NA,0.766
Ghana,Africa,2011,GHA,26095042,3283,61.6169,24.83644933,22.58660809,4.227,8.728459,NA,0.766
Ghana,Africa,2012,GHA,26734220,3467.1042,61.9954,24.95009474,22.58963561,3.141,11.186341,14.26,0.776
Ghana,Africa,2013,GHA,27386146,3621.6008,62.3969,25.06209708,22.5898917,2.173,11.666192,NA,0.756
Ghana,Africa,2014,GHA,28041528,3627.8384,62.8321,25.17286373,22.59006771,4.412,15.489616,NA,0.747
Ghana,Africa,2015,GHA,28696019,3610.646,63.1749,25.2821909,22.59036443,6.806,17.14997,NA,0.74
Ghana,Africa,2016,GHA,29356688,3640.779,63.5216,25.38987538,22.59033672,5.237,17.454636,15.14,0.731
Ghana,Africa,2017,GHA,30008310,3841.8796,63.829,NA,NA,3.369,12.371922,NA,0.743
Ghana,Africa,2018,GHA,30637543,3983.1216,64.1382,NA,NA,3.251,7.808765,NA,0.742
Ghana,Africa,2019,GHA,31258887,4143.3774,64.4554,NA,NA,3.156,7.14364,NA,0.722
Ghana,Africa,2020,GHA,31887755,4069.252,64.3089,NA,NA,3.285,9.88729,NA,0.719
Ghana,Africa,2021,GHA,32518607,4190.578,64.2862,NA,NA,3.338,9.971088,NA,0.665
Ghana,Africa,2022,GHA,33149102,4242.4106,65.246,NA,NA,3.084,31.255896,15.080001,0.662
Ghana,Africa,2023,GHA,33787870,NA,65.4979,NA,NA,3.079,38.106964,15.080001,0.664
Greece,Europe,1952,GRC,7775492,3272,67.3232,NA,NA,NA,NA,NA,0.314
Greece,Europe,1953,GRC,7841224,3681,67.4679,NA,NA,NA,NA,NA,0.386
Greece,Europe,1954,GRC,7910822,3759,68.0463,NA,NA,NA,NA,NA,0.387
Greece,Europe,1955,GRC,7984656,4007,68.5927,NA,NA,NA,NA,NA,0.386
Greece,Europe,1956,GRC,8060948,4313,68.1218,NA,NA,NA,NA,NA,0.386
Greece,Europe,1957,GRC,8136927,4557,68.3968,NA,NA,NA,NA,NA,0.386
Greece,Europe,1958,GRC,8214938,4723,69.7066,NA,NA,NA,NA,NA,0.386
Greece,Europe,1959,GRC,8297663,4846,69.5782,NA,NA,NA,NA,NA,0.386
Greece,Europe,1960,GRC,8384421,5015,70.5236,NA,NA,NA,1.4778476,NA,0.386
Greece,Europe,1961,GRC,8446956,5408,70.3855,NA,NA,NA,2.1035793,NA,0.384
Greece,Europe,1962,GRC,8473324,5577,70.3143,NA,NA,NA,-0.47542828,NA,0.375
Greece,Europe,1963,GRC,8488330,6122,70.6473,NA,NA,NA,3.1846628,NA,0.378
Greece,Europe,1964,GRC,8503948,6601,70.5313,NA,NA,NA,0.61730295,NA,0.394
Greece,Europe,1965,GRC,8521324,7187,71.4608,NA,NA,NA,3.2208724,NA,0.394
Greece,Europe,1966,GRC,8579941,7570,71.8588,NA,NA,NA,4.903416,NA,0.339
Greece,Europe,1967,GRC,8655106,7892,71.3891,NA,NA,NA,1.841357,NA,0.116
Greece,Europe,1968,GRC,8717871,8394,71.4658,NA,NA,NA,0.13906059,NA,0.074
Greece,Europe,1969,GRC,8747025,9191,72.0603,NA,NA,NA,2.6389186,NA,0.074
Greece,Europe,1970,GRC,8747730,9900,72.7479,NA,NA,NA,2.8416708,NA,0.074
Greece,Europe,1971,GRC,8786978,10559,72.939,NA,NA,NA,3.2894707,NA,0.074
Greece,Europe,1972,GRC,8849329,11795,72.7238,NA,NA,NA,4.331201,NA,0.074
Greece,Europe,1973,GRC,8893354,12202,72.9757,NA,NA,NA,15.3846245,NA,0.074
Greece,Europe,1974,GRC,8929062,11716,73.4724,NA,NA,NA,26.560846,NA,0.139
Greece,Europe,1975,GRC,9016926,12309,73.4734,25.73014853,25.03301734,NA,13.628762,NA,0.752
Greece,Europe,1976,GRC,9160164,12919,73.7477,25.78588315,25.11250452,NA,13.02428,NA,0.816
Greece,Europe,1977,GRC,9281982,13158,73.7515,25.8388995,25.1907173,NA,12.369797,NA,0.829
Greece,Europe,1978,GRC,9389925,13860,74.4411,25.88981296,25.26812702,NA,12.572426,NA,0.83
Greece,Europe,1979,GRC,9525960,14193,74.6714,25.93963161,25.34578908,NA,19.094175,NA,0.83
Greece,Europe,1980,GRC,9653365,14300,74.4811,25.98931905,25.42364837,NA,24.675894,9.95,0.83
Greece,Europe,1981,GRC,9754355,14180,74.9087,26.03687588,25.50051687,NA,24.506067,10.1,0.838
Greece,Europe,1982,GRC,9837427,14153,75.2082,26.08270167,25.57654086,NA,20.991089,9.58,0.851
Greece,Europe,1983,GRC,9911440,14132,75.4972,26.12769322,25.65125093,NA,20.179482,8.91,0.851
Greece,Europe,1984,GRC,9978732,14453,75.7849,26.17118094,25.72514466,NA,18.456814,8.93,0.86
Greece,Europe,1985,GRC,10036994,14850,76.14,26.21358411,25.79809951,NA,19.314693,9.24,0.862
Greece,Europe,1986,GRC,10088711,15047,76.5361,26.25496231,25.87015152,NA,23.015451,9.38,0.863
Greece,Europe,1987,GRC,10134472,14944,76.1047,26.295871730000002,25.94123686,NA,16.396864,9.049999,0.865
Greece,Europe,1988,GRC,10176962,15596,77.0015,26.33702876,26.0123239,NA,13.528858,9.19,0.865
Greece,Europe,1989,GRC,10217995,16117,77.1329,26.37875387,26.08312691,NA,13.655564,9.11,0.87
Greece,Europe,1990,GRC,10258439,15964,77.2986,26.42076756,26.15413603,NA,20.433498,9.22,0.882
Greece,Europe,1991,GRC,10306590,16409.69,77.386,26.46305114,26.22500918,7.572,19.455845,9.35,0.882
Greece,Europe,1992,GRC,10359849,16545.963,77.3061,26.50545257,26.29621323,8.927,15.877074,9.16,0.882
Greece,Europe,1993,GRC,10412703,16331.314,77.691,26.54758372,26.36825394,10.177,14.411264,9.38,0.883
Greece,Europe,1994,GRC,10466221,16724.287,77.8579,26.58943146,26.44086614,9.808,10.874076,9.64,0.886
Greece,Europe,1995,GRC,10519187,17148.197,77.893,26.631359109999998,26.51408005,10.117,8.934514,9.84,0.886
Greece,Europe,1996,GRC,10570036,17719.557,78.0364,26.67295818,26.58731098,10.402,8.194552,10.17,0.885
Greece,Europe,1997,GRC,10622280,18588.295,78.3991,26.71274229,26.65899458,10.472,5.5360026,11.63,0.885
Greece,Europe,1998,GRC,10675358,19378.709,78.3027,26.75064801,26.72891053,12.227,4.766226,12.16,0.885
Greece,Europe,1999,GRC,10727901,20076.559,78.4233,26.78553141,26.79815623,12.138,2.6366332,13.21,0.885
Greece,Europe,2000,GRC,10782578,20965.332,78.442,26.81789635,26.86648904,11.345,3.1511817,12.6,0.884
Greece,Europe,2001,GRC,10843115,21913.797,78.9087,26.84841171,26.93650822,10.764,3.3739684,12.610001,0.889
Greece,Europe,2002,GRC,10890234,22893.959,79.0305,26.87655915,27.00712949,10.346,3.6293588,11.1,0.889
Greece,Europe,2003,GRC,10918420,24380.066,79.0848,26.90189358,27.07849085,9.839,3.5306504,10.83,0.889
Greece,Europe,2004,GRC,10947321,25780.385,79.3503,26.92454956,27.14948534,10.628,2.898848,11.49,0.889
Greece,Europe,2005,GRC,10981291,26091.523,79.6505,26.94442879,27.21773962,10.074,3.5450728,11.45,0.889
Greece,Europe,2006,GRC,11016060,27731.111,79.7605,26.9608467,27.28267013,8.906,3.195947,11.41,0.889
Greece,Europe,2007,GRC,11045687,28822.916,79.6615,26.97417026,27.34231135,8.351,2.8950033,10.61,0.895
Greece,Europe,2008,GRC,11076814,28907.926,80.1047,26.98376392,27.39606169,7.664,4.152797,8.8,0.902
Greece,Europe,2009,GRC,11108016,27839.898,80.3677,26.98891338,27.44341509,9.546,1.2100726,8.34,0.901
Greece,Europe,2010,GRC,11124619,26517.465,80.5727,26.98860922,27.4841287,12.719,4.712989,8.81,0.907
Greece,Europe,2011,GRC,11108791,24349,80.6248,26.98317578,27.51841614,17.973,3.3298533,7.28,0.906
Greece,Europe,2012,GRC,11048239,22746.207,80.4221,26.97373251,27.54828962,24.731,1.501527,7.8199997,0.899
Greece,Europe,2013,GRC,10967481,22335.27,81.067,26.96150637,27.57572263,27.686,-0.9212695,9.96,0.887
Greece,Europe,2014,GRC,10893122,22591.598,81.1203,26.94727399,27.60239518,26.708,-1.312261,12.92,0.886
Greece,Europe,2015,GRC,10820843,22696.203,80.7894,26.93186374,27.62935311,24.981,-1.735888,12.259999,0.877
Greece,Europe,2016,GRC,10775454,22679.81,81.2692,26.9157422,27.65624943,23.514,-0.825654,11.389999,0.871
Greece,Europe,2017,GRC,10753489,22972.889,80.9614,NA,NA,21.414,1.1212546,11.57,0.871
Greece,Europe,2018,GRC,10730788,23403.611,81.4954,NA,NA,19.179,0.62562144,NA,0.863
Greece,Europe,2019,GRC,10718520,23869.793,81.3487,NA,NA,17.045,0.25300753,NA,0.864
Greece,Europe,2020,GRC,10699317,21767.22,81.5361,NA,NA,15.899,-1.2479836,NA,0.789
Greece,Europe,2021,GRC,10579511,23732.201,80.5312,NA,NA,14.657,1.223825,NA,0.763
Greece,Europe,2022,GRC,10412428,25283.906,79.9441,NA,NA,12.426,9.64526,14.24,0.763
Greece,Europe,2023,GRC,10242850,NA,81.8568,NA,NA,10.997,3.4648013,14.33,0.74
Guatemala,Americas,1952,GTM,3261605,3226,38.9168,NA,NA,NA,NA,NA,0.382
Guatemala,Americas,1953,GTM,3348759,3239,39.499,NA,NA,NA,NA,NA,0.376
Guatemala,Americas,1954,GTM,3439050,3194,40.0651,NA,NA,NA,NA,NA,0.245
Guatemala,Americas,1955,GTM,3533274,3170,40.6828,NA,NA,NA,NA,NA,0.079
Guatemala,Americas,1956,GTM,3631133,3347,41.2911,NA,NA,NA,NA,NA,0.086
Guatemala,Americas,1957,GTM,3732695,3424,41.9162,NA,NA,NA,NA,NA,0.101
Guatemala,Americas,1958,GTM,3836987,3470,43.1375,NA,NA,NA,NA,NA,0.153
Guatemala,Americas,1959,GTM,3946454,3524,44.3313,NA,NA,NA,NA,NA,0.155
Guatemala,Americas,1960,GTM,4063608,3496,45.7598,NA,NA,NA,-1.1906931,NA,0.154
Guatemala,Americas,1961,GTM,4186158,3532,46.1201,NA,NA,NA,-0.55333537,NA,0.157
Guatemala,Americas,1962,GTM,4312000,3543,46.4917,NA,NA,NA,2.0525503,NA,0.155
Guatemala,Americas,1963,GTM,4440230,3762,46.6218,NA,NA,NA,0.1514509,NA,0.101
Guatemala,Americas,1964,GTM,4571058,3814,47.0552,NA,NA,NA,-0.19356400000000001,NA,0.087
Guatemala,Americas,1965,GTM,4704926,3900,47.1855,NA,NA,NA,-0.8,NA,0.084
Guatemala,Americas,1966,GTM,4840912,4033,47.5114,NA,NA,NA,0.684262,NA,0.128
Guatemala,Americas,1967,GTM,4978823,4114,47.7273,NA,NA,NA,0.4854369,NA,0.184
Guatemala,Americas,1968,GTM,5118072,4385,47.7575,NA,NA,NA,1.9263285,NA,0.183
Guatemala,Americas,1969,GTM,5257040,4497,47.5207,NA,NA,NA,2.0972807,NA,0.183
Guatemala,Americas,1970,GTM,5396921,4653,48.5065,NA,NA,NA,2.3443394,NA,0.176
Guatemala,Americas,1971,GTM,5538315,4801,50.2762,NA,NA,NA,-0.45359188,NA,0.171
Guatemala,Americas,1972,GTM,5682790,5037,51.8172,NA,NA,NA,0.52970326,NA,0.171
Guatemala,Americas,1973,GTM,5831586,5255,52.8481,NA,NA,NA,13.796034,NA,0.172
Guatemala,Americas,1974,GTM,5981149,5461,53.023,NA,NA,NA,16.494896,NA,0.173
Guatemala,Americas,1975,GTM,6128684,5439,52.8323,21.69772335,22.07912981,NA,13.159245,NA,0.174
Guatemala,Americas,1976,GTM,6262364,5705,47.6172,21.85002831,22.17072333,NA,10.725,NA,0.172
Guatemala,Americas,1977,GTM,6401463,6005,55.1845,22.00077475,22.26153803,NA,12.324579,NA,0.169
Guatemala,Americas,1978,GTM,6561490,6156,56.4117,22.15031855,22.35141124,NA,8.287976,NA,0.165
Guatemala,Americas,1979,GTM,6727754,6298,56.5996,22.29856493,22.44115681,NA,11.343386,NA,0.163
Guatemala,Americas,1980,GTM,6900169,6384,55.2968,22.44613576,22.53100023,NA,10.823843,NA,0.163
Guatemala,Americas,1981,GTM,7075604,6256,54.7095,22.59615492,22.62211835,NA,11.433068,NA,0.163
Guatemala,Americas,1982,GTM,7240193,5903,48.8627,22.74795571,22.71445366,NA,0.30738556,NA,0.11
Guatemala,Americas,1983,GTM,7419585,5585,57.9127,22.90189552,22.80736994,NA,4.538678,NA,0.095
Guatemala,Americas,1984,GTM,7630635,5469,59.0735,23.05737125,22.90073948,NA,3.4067502,NA,0.126
Guatemala,Americas,1985,GTM,7849648,5292,59.7884,23.21471757,22.99457608,NA,18.68679,NA,0.15
Guatemala,Americas,1986,GTM,8070770,5136,60.3412,23.37391594,23.08955998,NA,36.93112,NA,0.343
Guatemala,Americas,1987,GTM,8296445,5098,60.9913,23.53460435,23.18560839,NA,12.323214,NA,0.367
Guatemala,Americas,1988,GTM,8532046,5086,61.5379,23.69701788,23.28201509,NA,10.832704,NA,0.367
Guatemala,Americas,1989,GTM,8775500,5144,61.7454,23.86117649,23.3787958,NA,11.387133,NA,0.367
Guatemala,Americas,1990,GTM,9024719,5165,61.7673,24.02646426,23.47589567,NA,41.221867,NA,0.369
Guatemala,Americas,1991,GTM,9272532,5166.55,61.9256,24.19207305,23.57328283,2.675,33.166424,NA,0.386
Guatemala,Americas,1992,GTM,9522213,5303.5986,61.9922,24.35794183,23.67074423,2.631,10.045918,NA,0.386
Guatemala,Americas,1993,GTM,9779702,5382.9785,62.4421,24.52350099,23.76847892,2.593,11.81969,NA,0.388
Guatemala,Americas,1994,GTM,10043662,5414.541,63.0264,24.68761064,23.86735116,2.576,10.855321,NA,0.402
Guatemala,Americas,1995,GTM,10312954,5501.042,63.6619,24.8506098,23.96574956,2.573,8.411413,NA,0.414
Guatemala,Americas,1996,GTM,10583483,5511.905,64.5396,25.01189808,24.06428917,2.623,11.056916,NA,0.452
Guatemala,Americas,1997,GTM,10857703,5601.2075,65.2489,25.17130422,24.1627128,2.608,9.232903,NA,0.491
Guatemala,Americas,1998,GTM,11139099,5730.646,65.9688,25.32835,24.26123023,2.608,6.6134605,NA,0.491
Guatemala,Americas,1999,GTM,11422931,5824.8833,66.6342,25.48163552,24.35896116,2.566,5.2136106,NA,0.493
Guatemala,Americas,2000,GTM,11697544,5860.272,67.1018,25.62919797,24.45508638,2.605,5.977577,NA,0.546
Guatemala,Americas,2001,GTM,11969368,5882.7197,67.4365,25.77064011,24.54997359,2.746,7.285874,NA,0.546
Guatemala,Americas,2002,GTM,12246875,5980.242,67.8345,25.90603381,24.64402415,2.748,8.13263,NA,0.546
Guatemala,Americas,2003,GTM,12525788,6004.1445,68.2041,26.03532539,24.73695862,2.807,5.6034765,NA,0.548
Guatemala,Americas,2004,GTM,12807357,6070.1943,68.2448,26.15944826,24.82851633,2.971,7.5786223,NA,0.562
Guatemala,Americas,2005,GTM,13087587,6130.4824,68.167,26.2792289,24.91787917,3.06,9.10865,NA,0.562
Guatemala,Americas,2006,GTM,13367408,6305.8184,68.7902,26.39532251,25.00519269,2.95,6.560853,NA,0.562
Guatemala,Americas,2007,GTM,13651990,6545.7524,69.2993,26.50841709,25.09060045,2.825,6.8216176,NA,0.568
Guatemala,Americas,2008,GTM,13935128,6604.6826,69.4929,26.61960538,25.17496362,2.874,11.355762,NA,0.588
Guatemala,Americas,2009,GTM,14215574,6488.646,69.6764,26.72996898,25.25810106,3.209,1.8591026,NA,0.588
Guatemala,Americas,2010,GTM,14500078,6526.4575,69.885,26.8397622,25.3408253,3.497,3.859509,NA,0.583
Guatemala,Americas,2011,GTM,14792071,6650,70.3214,26.94961091,25.42362009,3.171,6.2141237,NA,0.583
Guatemala,Americas,2012,GTM,15089585,6718.332,70.7225,27.05915186,25.50597902,2.765,3.7818077,NA,0.578
Guatemala,Americas,2013,GTM,15387291,6813.4116,70.878,27.16835985,25.58722946,3.017,4.3433714,NA,0.573
Guatemala,Americas,2014,GTM,15681675,6978.106,70.9424,27.27692414,25.66842105,2.717,3.4183617,NA,0.58
Guatemala,Americas,2015,GTM,15971692,7126.9927,70.9148,27.38458813,25.74940884,2.506,2.3887203,NA,0.595
Guatemala,Americas,2016,GTM,16268708,7186.66,71.215,27.49113119,25.83059531,2.583,4.448442,NA,0.626
Guatemala,Americas,2017,GTM,16567316,7279.7397,71.5829,NA,NA,2.462,4.4245367,NA,0.629
Guatemala,Americas,2018,GTM,16845637,7399.198,71.4964,NA,NA,2.283,3.7518618,NA,0.599
Guatemala,Americas,2019,GTM,17103759,7565.846,71.6394,NA,NA,2.193,3.699984,NA,0.604
Guatemala,Americas,2020,GTM,17357274,7309.368,69.9707,NA,NA,2.953,3.2144406,NA,0.587
Guatemala,Americas,2021,GTM,17598598,7764.6963,67.8582,NA,NA,2.174,4.261051,NA,0.549
Guatemala,Americas,2022,GTM,17847828,7969.431,71.2064,NA,NA,3.051,6.885128,17.87,0.507
Guatemala,Americas,2023,GTM,18124791,NA,72.6023,NA,NA,2.705,NA,17.87,0.505
Guinea,Africa,1952,GIN,3111644,550,35.7263,NA,NA,NA,NA,NA,0.112
Guinea,Africa,1953,GIN,3162477,563,35.8013,NA,NA,NA,NA,NA,0.088
Guinea,Africa,1954,GIN,3214524,587,35.857,NA,NA,NA,NA,NA,0.075
Guinea,Africa,1955,GIN,3267813,598,35.9585,NA,NA,NA,NA,NA,0.075
Guinea,Africa,1956,GIN,3322457,610,36.0556,NA,NA,NA,NA,NA,0.078
Guinea,Africa,1957,GIN,3378606,622,36.2288,NA,NA,NA,NA,NA,0.162
Guinea,Africa,1958,GIN,3436387,630,36.3645,NA,NA,NA,NA,NA,0.157
Guinea,Africa,1959,GIN,3495724,655,36.4682,NA,NA,NA,NA,NA,0.192
Guinea,Africa,1960,GIN,3556704,671,36.6231,NA,NA,NA,NA,NA,0.183
Guinea,Africa,1961,GIN,3619506,703,36.8157,NA,NA,NA,NA,NA,0.156
Guinea,Africa,1962,GIN,3684233,741,36.9973,NA,NA,NA,NA,NA,0.155
Guinea,Africa,1963,GIN,3750907,689,37.1964,NA,NA,NA,NA,NA,0.148
Guinea,Africa,1964,GIN,3819685,720,37.415,NA,NA,NA,NA,NA,0.146
Guinea,Africa,1965,GIN,3890667,756,37.6534,NA,NA,NA,NA,NA,0.145
Guinea,Africa,1966,GIN,3964107,759,37.9593,NA,NA,NA,NA,NA,0.145
Guinea,Africa,1967,GIN,4040113,767,38.2235,NA,NA,NA,NA,NA,0.143
Guinea,Africa,1968,GIN,4118500,776,38.5006,NA,NA,NA,NA,NA,0.143
Guinea,Africa,1969,GIN,4198254,784,38.8235,NA,NA,NA,NA,NA,0.142
Guinea,Africa,1970,GIN,4277489,795,39.0603,NA,NA,NA,NA,NA,0.142
Guinea,Africa,1971,GIN,4355156,822,39.3716,NA,NA,NA,NA,NA,0.142
Guinea,Africa,1972,GIN,4431242,826,39.6826,NA,NA,NA,NA,NA,0.142
Guinea,Africa,1973,GIN,4506281,821,39.9373,NA,NA,NA,NA,NA,0.142
Guinea,Africa,1974,GIN,4580474,848,40.2287,NA,NA,NA,NA,NA,0.142
Guinea,Africa,1975,GIN,4653837,854,40.6065,19.11657109,19.12802888,NA,NA,NA,0.142
Guinea,Africa,1976,GIN,4726992,905,41.0276,19.25303095,19.24265648,NA,NA,NA,0.142
Guinea,Africa,1977,GIN,4801078,858,41.4091,19.38952668,19.35779996,NA,NA,NA,0.142
Guinea,Africa,1978,GIN,4877801,897,41.8824,19.52552248,19.47359079,NA,NA,NA,0.142
Guinea,Africa,1979,GIN,4959245,869,42.3433,19.66139836,19.58927031,NA,NA,NA,0.142
Guinea,Africa,1980,GIN,5047385,872,42.8415,19.79671811,19.70508738,NA,NA,NA,0.142
Guinea,Africa,1981,GIN,5143250,859,43.3301,19.92904233,19.8196738,NA,NA,NA,0.142
Guinea,Africa,1982,GIN,5247619,858,43.8629,20.05845095,19.93250577,NA,NA,NA,0.143
Guinea,Africa,1983,GIN,5359772,850,44.2261,20.1852553,20.04380071,NA,NA,NA,0.142
Guinea,Africa,1984,GIN,5480046,824,44.8577,20.31000322,20.15346954,NA,NA,NA,0.091
Guinea,Africa,1985,GIN,5610322,821,45.3102,20.43220693,20.261266,NA,NA,NA,0.096
Guinea,Africa,1986,GIN,5750616,819,45.7195,20.54917338,20.3647603,NA,NA,NA,0.097
Guinea,Africa,1987,GIN,5900151,826,46.1073,20.66162425,20.46387013,NA,NA,NA,0.098
Guinea,Africa,1988,GIN,6056521,856,46.478,20.77061249,20.5595243,NA,NA,NA,0.098
Guinea,Africa,1989,GIN,6215770,869,46.8596,20.87633232,20.65195932,NA,NA,NA,0.1
Guinea,Africa,1990,GIN,6434328,861,47.2518,20.97982444,20.74129132,NA,NA,NA,0.116
Guinea,Africa,1991,GIN,6697116,827.0069,47.7813,21.08161972,20.82805352,4.519,NA,9.700001,0.143
Guinea,Africa,1992,GIN,6914320,833.22675,48.2662,21.18238446,20.91214126,4.549,NA,NA,0.164
Guinea,Africa,1993,GIN,7128131,862.73126,48.8185,21.28241772,20.99445161,4.527,NA,NA,0.166
Guinea,Africa,1994,GIN,7345063,882.49445,49.1884,21.38232342,21.07532938,4.481,NA,NA,0.185
Guinea,Africa,1995,GIN,7553203,906.2644,49.8359,21.48409184,21.15505297,4.437,NA,NA,0.254
Guinea,Africa,1996,GIN,7769994,927.12946,50.5458,21.58861426,21.234591730000002,4.461,NA,NA,0.256
Guinea,Africa,1997,GIN,7931308,976.49664,51.1134,21.69608839,21.3141305,4.423,NA,NA,0.256
Guinea,Africa,1998,GIN,8081947,1010.79193,51.6099,21.806689510000002,21.39450224,4.461,NA,NA,0.254
Guinea,Africa,1999,GIN,8265071,1031.3826,51.9871,21.91988771,21.47484908,4.488,NA,NA,0.26
Guinea,Africa,2000,GIN,8428787,1046.567,52.4197,22.03446317,21.55522776,4.591,NA,NA,0.264
Guinea,Africa,2001,GIN,8539910,1090.652,52.669,22.14903699,21.63545876,4.595,NA,NA,0.269
Guinea,Africa,2002,GIN,8674026,1148.5447,53.2002,22.26176806,21.71541714,4.549,NA,18.529999,0.265
Guinea,Africa,2003,GIN,8870738,1146.3353,53.5891,22.37173528,21.7950917,4.651,NA,17.37,0.27
Guinea,Africa,2004,GIN,9062674,1159.8251,53.9748,22.47801085,21.87276671,4.757,NA,NA,0.266
Guinea,Africa,2005,GIN,9245791,1186.6047,54.4217,22.57984042,21.94675317,4.899,31.373302,NA,0.266
Guinea,Africa,2006,GIN,9441133,1188.4846,54.8753,22.67826723,22.01718249,4.958,34.69527,NA,0.265
Guinea,Africa,2007,GIN,9662233,1253.4077,55.2331,22.77300084,22.08260276,4.834,18.175566,13.009999,0.265
Guinea,Africa,2008,GIN,9898822,1290.4037,55.7034,22.86356997,22.14224155,4.844,23.065613,NA,0.263
Guinea,Africa,2009,GIN,10143493,1255.2418,56.052,22.95003347,22.19514174,4.991,4.6843886,NA,0.173
Guinea,Africa,2010,GIN,10396041,1291.6963,56.4305,23.03239324,22.24152905,5.129,15.050269,NA,0.232
Guinea,Africa,2011,GIN,10656766,1347,56.7776,23.11194017,22.28319533,5.123,21.316927,NA,0.311
Guinea,Africa,2012,GIN,10921531,1397,57.1169,23.18858133,22.32104706,4.891,15.2262945,12.349999,0.313
Guinea,Africa,2013,GIN,11191827,1421,57.4588,23.26376481,22.35701277,4.977,11.8875885,NA,0.315
Guinea,Africa,2014,GIN,11472868,1399,57.5815,23.33833862,22.39379183,5.108,6.1505055,NA,0.368
Guinea,Africa,2015,GIN,11767021,1364,57.8986,23.41181123,22.43095651,5.251,11.780083,NA,0.367
Guinea,Africa,2016,GIN,12072983,1472.953,58.49,23.48420628,22.46822914,5.019,8.172681,NA,0.364
Guinea,Africa,2017,GIN,12385616,1583.5482,58.7151,NA,NA,4.815,8.914359,NA,0.361
Guinea,Africa,2018,GIN,12704736,1642.1047,59.0434,NA,NA,4.771,9.827617,NA,0.358
Guinea,Africa,2019,GIN,13034294,1690.8837,59.3785,NA,NA,5.018,9.470011,NA,0.353
Guinea,Africa,2020,GIN,13371136,1726.5083,59.3499,NA,NA,5.993,10.601621,NA,0.295
Guinea,Africa,2021,GIN,13710470,1769.8623,59.3728,NA,NA,5.767,12.597288,NA,0.255
Guinea,Africa,2022,GIN,14055075,1809.2666,60.4316,NA,NA,5.328,10.493041,8.55,0.175
Guinea,Africa,2023,GIN,14405424,NA,60.7405,NA,NA,5.297,7.804976,8.55,0.171
Guinea-Bissau,Africa,1952,GNB,553876,516,36.0867,NA,NA,NA,NA,NA,0.007
Guinea-Bissau,Africa,1953,GNB,557584,547,36.2602,NA,NA,NA,NA,NA,0.007
Guinea-Bissau,Africa,1954,GNB,560933,652,36.4335,NA,NA,NA,NA,NA,0.007
Guinea-Bissau,Africa,1955,GNB,564025,622,36.603,NA,NA,NA,NA,NA,0.007
Guinea-Bissau,Africa,1956,GNB,566933,703,36.7776,NA,NA,NA,NA,NA,0.009
Guinea-Bissau,Africa,1957,GNB,569707,744,36.9648,NA,NA,NA,NA,NA,0.009
Guinea-Bissau,Africa,1958,GNB,572382,762,37.1437,NA,NA,NA,NA,NA,0.009
Guinea-Bissau,Africa,1959,GNB,574989,765,37.3443,NA,NA,NA,NA,NA,0.009
Guinea-Bissau,Africa,1960,GNB,577599,800,37.5544,NA,NA,NA,NA,NA,0.012
Guinea-Bissau,Africa,1961,GNB,582497,851,37.7882,NA,NA,NA,NA,NA,0.012
Guinea-Bissau,Africa,1962,GNB,589430,899,38.0318,NA,NA,NA,NA,NA,0.012
Guinea-Bissau,Africa,1963,GNB,594382,932,35.6436,NA,NA,NA,NA,NA,0.012
Guinea-Bissau,Africa,1964,GNB,588505,1027,35.807,NA,NA,NA,NA,NA,0.012
Guinea-Bissau,Africa,1965,GNB,574974,1097,35.9199,NA,NA,NA,NA,NA,0.012
Guinea-Bissau,Africa,1966,GNB,566869,1165,36.0829,NA,NA,NA,NA,NA,0.012
Guinea-Bissau,Africa,1967,GNB,568964,1232,36.3436,NA,NA,NA,NA,NA,0.012
Guinea-Bissau,Africa,1968,GNB,578127,1270,36.6716,NA,NA,NA,NA,NA,0.012
Guinea-Bissau,Africa,1969,GNB,581587,1333,36.9587,NA,NA,NA,NA,NA,0.012
Guinea-Bissau,Africa,1970,GNB,584356,1395,37.2582,NA,NA,NA,NA,NA,0.012
Guinea-Bissau,Africa,1971,GNB,586183,1333,37.5382,NA,NA,NA,NA,NA,0.012
Guinea-Bissau,Africa,1972,GNB,586590,1412,37.8196,NA,NA,NA,NA,NA,0.012
Guinea-Bissau,Africa,1973,GNB,592766,1411,38.17,NA,NA,NA,NA,NA,0.08
Guinea-Bissau,Africa,1974,GNB,613295,1458,41.6131,NA,NA,NA,NA,NA,0.113
Guinea-Bissau,Africa,1975,GNB,650919,1479,41.9339,19.12380689,19.08187394,NA,NA,NA,0.115
Guinea-Bissau,Africa,1976,GNB,694136,1443,42.2529,19.23947065,19.1801006,NA,NA,NA,0.115
Guinea-Bissau,Africa,1977,GNB,741752,1317,42.5783,19.35612256,19.2791057,NA,NA,NA,0.126
Guinea-Bissau,Africa,1978,GNB,791644,1465,42.9084,19.47327637,19.37882631,NA,NA,NA,0.126
Guinea-Bissau,Africa,1979,GNB,819831,1468,43.2385,19.59089169,19.47910082,NA,NA,NA,0.126
Guinea-Bissau,Africa,1980,GNB,829260,1207,43.5703,19.70872086,19.58014954,NA,NA,NA,0.121
Guinea-Bissau,Africa,1981,GNB,842388,1173,43.9257,19.83356053,19.68556224,NA,NA,NA,0.094
Guinea-Bissau,Africa,1982,GNB,855857,1195,44.2928,19.96432023,19.79387406,NA,NA,NA,0.094
Guinea-Bissau,Africa,1983,GNB,869546,1129,44.6004,20.09969385,19.90529957,NA,NA,NA,0.094
Guinea-Bissau,Africa,1984,GNB,883480,1162,44.9432,20.23857577,20.01907505,NA,NA,NA,0.094
Guinea-Bissau,Africa,1985,GNB,897648,1184,45.2656,20.37987535,20.13443737,NA,NA,NA,0.094
Guinea-Bissau,Africa,1986,GNB,912074,1146,45.523,20.52410866,20.25145835,NA,NA,NA,0.094
Guinea-Bissau,Africa,1987,GNB,926826,1183,45.8441,20.67043653,20.36922256,NA,NA,NA,0.094
Guinea-Bissau,Africa,1988,GNB,942018,1235,46.2791,20.81829218,20.48679987,NA,60.281784,NA,0.094
Guinea-Bissau,Africa,1989,GNB,957737,1259,46.6142,20.96650257,20.60393138,NA,80.78814,NA,0.094
Guinea-Bissau,Africa,1990,GNB,973638,1270,46.8904,21.11423734,20.72049329,NA,33.001976,NA,0.101
Guinea-Bissau,Africa,1991,GNB,994595,1282.7288,47.2012,21.25875951,20.83379934,3.066,57.595284,19.6,0.101
Guinea-Bissau,Africa,1992,GNB,1024313,1287.2765,47.5184,21.40065904,20.94393476,3.13,69.58363,NA,0.131
Guinea-Bissau,Africa,1993,GNB,1058703,1280.342,47.8404,21.54014979,21.05096723,3.179,48.108166,19.48,0.159
Guinea-Bissau,Africa,1994,GNB,1091990,1284.927,47.7747,21.67754272,21.15560967,3.203,15.176348,NA,0.25
Guinea-Bissau,Africa,1995,GNB,1119904,1310.1874,48.5313,21.81451858,21.25810513,3.168,45.365307,NA,0.36
Guinea-Bissau,Africa,1996,GNB,1143493,1337.4675,48.7718,21.95159538,21.35884884,3.063,50.734055,NA,0.36
Guinea-Bissau,Africa,1997,GNB,1165497,1388.1027,48.0331,22.08948597,21.45868039,3.03,49.100925,NA,0.36
Guinea-Bissau,Africa,1998,GNB,1187431,1130.8127,48.1231,22.22868625,21.55864078,3.416,8.013755,NA,0.358
Guinea-Bissau,Africa,1999,GNB,1210169,1256.0825,48.4919,22.36887926,21.65752505,3.558,-2.0863051,NA,0.362
Guinea-Bissau,Africa,2000,GNB,1234697,1230.6406,50.5646,22.50875128,21.75550839,3.576,8.636321,NA,0.425
Guinea-Bissau,Africa,2001,GNB,1261231,1233.072,51.0536,22.64714149,21.85273469,3.195,3.3481226,NA,0.432
Guinea-Bissau,Africa,2002,GNB,1289260,1196.2325,51.6083,22.78226718,21.94882485,3.222,3.3001218,13.9,0.438
Guinea-Bissau,Africa,2003,GNB,1318762,1181.9435,52.186,22.91299576,22.04414681,3.284,-3.5025854,NA,0.376
Guinea-Bissau,Africa,2004,GNB,1349521,1194.6708,52.7998,23.0382806,22.13666555,3.28,0.8833027,NA,0.373
Guinea-Bissau,Africa,2005,GNB,1381545,1226.5609,52.9489,23.15744316,22.22470158,3.221,3.3291993,NA,0.452
Guinea-Bissau,Africa,2006,GNB,1415265,1233.8132,54.0885,23.27094431,22.30824338,3.204,1.9547372,NA,0.449
Guinea-Bissau,Africa,2007,GNB,1450941,1252.574,54.8705,23.37939341,22.38629362,3.202,4.617438,NA,0.449
Guinea-Bissau,Africa,2008,GNB,1488010,1270.7228,55.3,23.48226495,22.45802724,3.218,10.460073,NA,0.402
Guinea-Bissau,Africa,2009,GNB,1526331,1292.0293,56.2974,23.57969267,22.52273139,3.21,-1.6513973,NA,0.451
Guinea-Bissau,Africa,2010,GNB,1566293,1329.3724,56.9992,23.67216741,22.58025915,3.197,2.5178514,13.21,0.444
Guinea-Bissau,Africa,2011,GNB,1608028,1413,57.6626,23.76028233,22.63204632,3.144,5.046102,NA,0.447
Guinea-Bissau,Africa,2012,GNB,1651385,1361,58.27,23.84396816,22.67888701,3.207,2.1305459,NA,0.326
Guinea-Bissau,Africa,2013,GNB,1695931,1378,58.8789,23.92488402,22.72329034,3.226,1.2071255,NA,0.288
Guinea-Bissau,Africa,2014,GNB,1741074,1355,59.476,24.00418082,22.76774363,3.316,-1.5092446,NA,0.439
Guinea-Bissau,Africa,2015,GNB,1786411,1393,60.0708,24.08169902,22.81176024,3.224,1.4767205,NA,0.501
Guinea-Bissau,Africa,2016,GNB,1831846,1443.4241,60.6187,24.15697009,22.85539546,3.192,1.5031205,NA,0.503
Guinea-Bissau,Africa,2017,GNB,1877018,1492.0392,61.1484,NA,NA,3.137,1.6911147,NA,0.5
Guinea-Bissau,Africa,2018,GNB,1922119,1511.8668,61.6516,NA,NA,3.196,0.3813247,NA,0.514
Guinea-Bissau,Africa,2019,GNB,1967654,1543.4176,62.1612,NA,NA,3.219,0.24660027,NA,0.531
Guinea-Bissau,Africa,2020,GNB,2013212,1531.3096,61.343,NA,NA,3.614,1.1400094,NA,0.535
Guinea-Bissau,Africa,2021,GNB,2058795,1593.8186,61.6528,NA,NA,3.628,2.2424889,NA,0.536
Guinea-Bissau,Africa,2022,GNB,2105479,1625.3876,63.6045,NA,NA,3.204,9.393839,10.84,0.381
Guinea-Bissau,Africa,2023,GNB,2153292,NA,64.0849,NA,NA,3.183,NA,10.84,0.43
Haiti,Americas,1952,HTI,3366227,1860,38.7781,NA,NA,NA,NA,NA,0.216
Haiti,Americas,1953,HTI,3419798,1771,39.5265,NA,NA,NA,NA,NA,0.216
Haiti,Americas,1954,HTI,3475488,1884,40.0517,NA,NA,NA,NA,NA,0.216
Haiti,Americas,1955,HTI,3533698,1776,40.9503,NA,NA,NA,NA,NA,0.214
Haiti,Americas,1956,HTI,3594764,1897,41.5987,NA,NA,NA,NA,NA,0.179
Haiti,Americas,1957,HTI,3657775,1752,42.1465,NA,NA,NA,NA,NA,0.127
Haiti,Americas,1958,HTI,3722666,1855,42.6207,NA,NA,NA,NA,NA,0.148
Haiti,Americas,1959,HTI,3789641,1734,43.0225,NA,NA,NA,NA,NA,0.148
Haiti,Americas,1960,HTI,3858401,1809,43.44,NA,NA,NA,-5.0300417,NA,0.148
Haiti,Americas,1961,HTI,3928981,1702,43.8248,NA,NA,NA,3.7797065,NA,0.146
Haiti,Americas,1962,HTI,4001526,1828,44.1962,NA,NA,NA,-0.5549043,NA,0.145
Haiti,Americas,1963,HTI,4073028,1675,42.724,NA,NA,NA,4.306822,NA,0.145
Haiti,Americas,1964,HTI,4146198,1604,44.9281,NA,NA,NA,9.162146,NA,0.144
Haiti,Americas,1965,HTI,4223771,1588,45.3714,NA,NA,NA,2.2639425,NA,0.144
Haiti,Americas,1966,HTI,4302598,1546,45.5651,NA,NA,NA,8.301836,NA,0.144
Haiti,Americas,1967,HTI,4382952,1482,46.1354,NA,NA,NA,-2.935311,NA,0.144
Haiti,Americas,1968,HTI,4465283,1510,46.5217,NA,NA,NA,1.3162118,NA,0.144
Haiti,Americas,1969,HTI,4549294,1527,46.9025,NA,NA,NA,1.4131812,NA,0.144
Haiti,Americas,1970,HTI,4635080,1567,47.2647,NA,NA,NA,1.3684934,NA,0.144
Haiti,Americas,1971,HTI,4723203,1651,47.6187,NA,NA,NA,9.579583,NA,0.148
Haiti,Americas,1972,HTI,4813822,1635,47.8842,NA,NA,NA,3.189694,NA,0.15
Haiti,Americas,1973,HTI,4906703,1678,48.1944,NA,NA,NA,22.73892,NA,0.15
Haiti,Americas,1974,HTI,5001762,1742,48.4583,NA,NA,NA,14.950697,NA,0.15
Haiti,Americas,1975,HTI,5099040,1726,48.7201,19.16246408,21.95767461,NA,16.773571,NA,0.15
Haiti,Americas,1976,HTI,5198315,1835,48.9719,19.2741526,22.04013651,NA,7.038152,NA,0.15
Haiti,Americas,1977,HTI,5299429,1808,49.2258,19.38307942,22.12073459,NA,6.4919004,NA,0.15
Haiti,Americas,1978,HTI,5402531,1859,49.4839,19.48981663,22.19950558,NA,-2.673595,NA,0.15
Haiti,Americas,1979,HTI,5507542,1959,49.7492,19.59482578,22.27803328,NA,13.0939245,NA,0.151
Haiti,Americas,1980,HTI,5614452,2063,49.9714,19.6990257,22.35570024,NA,17.778305,NA,0.148
Haiti,Americas,1981,HTI,5723673,1964,50.3097,19.80856235,22.4373114,NA,10.858334,NA,0.149
Haiti,Americas,1982,HTI,5835888,1855,50.6257,19.92234797,22.52210929,NA,7.3592424,NA,0.149
Haiti,Americas,1983,HTI,5951049,1835,50.9461,20.04001855,22.60959074,NA,10.243664,NA,0.114
Haiti,Americas,1984,HTI,6069197,1803,51.2537,20.16046498,22.69959079,NA,6.4020324,NA,0.146
Haiti,Americas,1985,HTI,6190811,1776,51.5832,20.28406674,22.79167629,NA,10.648839,NA,0.151
Haiti,Americas,1986,HTI,6316078,1729,51.8739,20.41420704,22.88811032,NA,3.2799265,NA,0.117
Haiti,Americas,1987,HTI,6445079,1682,52.2452,20.549671150000002,22.98863444,NA,-11.449465,NA,0.19
Haiti,Americas,1988,HTI,6578104,1701,52.5537,20.68919181,23.09306715,NA,4.1054683,NA,0.257
Haiti,Americas,1989,HTI,6714685,1619,52.8802,20.83228767,23.20054936,NA,6.923905,NA,0.202
Haiti,Americas,1990,HTI,6854395,1602,53.2154,20.9781237,23.31015174,NA,21.276031,NA,0.197
Haiti,Americas,1991,HTI,6995409,1628.7188,53.5241,21.12398293,23.42049057,7.327,15.419908,NA,0.324
Haiti,Americas,1992,HTI,7136529,1535.9707,54.0414,21.2704018,23.53177593,7.405,19.358494,NA,0.175
Haiti,Americas,1993,HTI,7278133,1443.1808,54.4779,21.41639321,23.6453293,7.582,29.70597,NA,0.203
Haiti,Americas,1994,HTI,7419729,1262.337,54.7312,21.56171592,23.76115538,7.97,39.33162,NA,0.227
Haiti,Americas,1995,HTI,7562506,1378.5417,55.5816,21.70693536,23.87890963,7.56,27.608185,NA,0.346
Haiti,Americas,1996,HTI,7707513,1426.4126,56.1112,21.85041241,23.99678815,7.319,20.583595,NA,0.42
Haiti,Americas,1997,HTI,7854256,1456.2339,56.6749,21.99159584,24.11458856,6.968,20.559008,NA,0.437
Haiti,Americas,1998,HTI,8002105,1480.5769,57.1373,22.1306627,24.23239507,7.159,5.2690353,NA,0.439
Haiti,Americas,1999,HTI,8151263,1513.3318,57.6923,22.2674865,24.35090141,7.2,3.0043943,NA,0.439
Haiti,Americas,2000,HTI,8303101,1520.7292,58.1749,22.39998548,24.4695187,8.441,9.333222,NA,0.432
Haiti,Americas,2001,HTI,8455867,1501.1024,58.5914,22.53429736,24.59419743,9.744,13.316722,NA,0.411
Haiti,Americas,2002,HTI,8607601,1494.1837,59.0411,22.6691237,24.72375666,11.044,7.032874,NA,0.409
Haiti,Americas,2003,HTI,8759861,1495.8921,59.4398,22.80336106,24.85750833,12.184,28.699577,NA,0.406
Haiti,Americas,2004,HTI,8910216,1439.2076,58.5165,22.93668771,24.99464018,13.458,21.031834,NA,0.243
Haiti,Americas,2005,HTI,9061223,1461.8,60.3182,23.06898244,25.13375249,14.589,13.973008,NA,0.237
Haiti,Americas,2006,HTI,9216519,1493.0382,60.7404,23.19948773,25.27379611,15.914,11.345215,NA,0.368
Haiti,Americas,2007,HTI,9373256,1541.7675,61.0902,23.32790258,25.41474819,16.8,6.5572276,NA,0.446
Haiti,Americas,2008,HTI,9530731,1555.4932,61.2801,23.45413528,25.55552404,16.194,15.2817745,NA,0.447
Haiti,Americas,2009,HTI,9689548,1604.1127,61.6945,23.57777266,25.69587695,15.342,0.39388603,NA,0.441
Haiti,Americas,2010,HTI,9803247,1556.5504,45.5768,23.69853018,25.83557038,15.255,4.827342,NA,0.434
Haiti,Americas,2011,HTI,9914850,1648,61.5812,23.81557423,25.97314255,14.482,6.3327947,NA,0.418
Haiti,Americas,2012,HTI,10069716,1674,62.2735,23.92904578,26.10782929,14.1,5.0180416,NA,0.427
Haiti,Americas,2013,HTI,10222322,1722,62.6245,24.03925605,26.23995598,13.639,4.765024,NA,0.424
Haiti,Americas,2014,HTI,10373194,1749,62.9689,24.14599966,26.36974682,13.766,3.4381666,NA,0.424
Haiti,Americas,2015,HTI,10523200,1742,63.2239,24.24907324,26.4981443,13.745,6.7318406,NA,0.403
Haiti,Americas,2016,HTI,10671417,1748.7269,63.3247,24.34822336,26.62422204,13.888,11.502908,NA,0.394
Haiti,Americas,2017,HTI,10817711,1767.923,63.8323,NA,NA,13.929,10.680089,NA,0.404
Haiti,Americas,2018,HTI,10962333,1773.1095,64.0766,NA,NA,13.937,12.481411,NA,0.411
Haiti,Americas,2019,HTI,11105119,1719.4462,64.3281,NA,NA,14.133,18.703783,NA,0.403
Haiti,Americas,2020,HTI,11243804,1641.7617,63.773,NA,NA,15.56,22.79631,NA,0.371
Haiti,Americas,2021,HTI,11374546,1591.76,62.613,NA,NA,15.253,16.841524,NA,0.302
Haiti,Americas,2022,HTI,11503553,1546.4222,63.9483,NA,NA,14.719,33.983932,17.87,0.213
Haiti,Americas,2023,HTI,11637352,NA,64.9356,NA,NA,14.623,36.813515,17.87,0.211
Honduras,Americas,1952,HND,1645788,2083,42.0228,NA,NA,NA,NA,NA,0.246
Honduras,Americas,1953,HND,1691913,2184,42.529,NA,NA,NA,NA,NA,0.246
Honduras,Americas,1954,HND,1739774,1997,43.0377,NA,NA,NA,NA,NA,0.242
Honduras,Americas,1955,HND,1789352,1986,43.6711,NA,NA,NA,NA,NA,0.137
Honduras,Americas,1956,HND,1840617,2080,44.2472,NA,NA,NA,NA,NA,0.17
Honduras,Americas,1957,HND,1893532,2107,44.9322,NA,NA,NA,NA,NA,0.191
Honduras,Americas,1958,HND,1948106,2106,45.6269,NA,NA,NA,NA,NA,0.178
Honduras,Americas,1959,HND,2004275,2090,46.3792,NA,NA,NA,NA,NA,0.178
Honduras,Americas,1960,HND,2062016,2147,47.1491,NA,NA,NA,-1.7462381,NA,0.18
Honduras,Americas,1961,HND,2121192,2130,47.71,NA,NA,NA,1.5629923,NA,0.18
Honduras,Americas,1962,HND,2182022,2174,48.647,NA,NA,NA,1.0921502,NA,0.18
Honduras,Americas,1963,HND,2244842,2177,49.3847,NA,NA,NA,3.081456,NA,0.176
Honduras,Americas,1964,HND,2309814,2209,50.1975,NA,NA,NA,4.4721017,NA,0.137
Honduras,Americas,1965,HND,2377114,2314,50.8627,NA,NA,NA,3.1862745,NA,0.149
Honduras,Americas,1966,HND,2446714,2364,51.588,NA,NA,NA,1.7842346,NA,0.14
Honduras,Americas,1967,HND,2518603,2410,52.3313,NA,NA,NA,2.091841,NA,0.14
Honduras,Americas,1968,HND,2593011,2463,53.0415,NA,NA,NA,1.8612245,NA,0.14
Honduras,Americas,1969,HND,2670241,2396,53.7123,NA,NA,NA,1.2582145,NA,0.14
Honduras,Americas,1970,HND,2750674,2391,54.3603,NA,NA,NA,2.8808863,NA,0.141
Honduras,Americas,1971,HND,2834576,2404,55.0121,NA,NA,NA,2.223248,NA,0.244
Honduras,Americas,1972,HND,2922020,2448,55.6886,NA,NA,NA,3.6122818,NA,0.252
Honduras,Americas,1973,HND,3011420,2544,54.5647,NA,NA,NA,5.1932015,NA,0.141
Honduras,Americas,1974,HND,3099800,2797,52.5188,NA,NA,NA,12.849547,NA,0.141
Honduras,Americas,1975,HND,3193183,2764,57.5234,20.3138128,21.97597412,NA,8.376163,NA,0.141
Honduras,Americas,1976,HND,3294409,2954,58.1514,20.51460634,22.08420888,NA,4.883419,NA,0.141
Honduras,Americas,1977,HND,3398604,3153,58.7044,20.71382217,22.19152751,NA,8.434708,NA,0.139
Honduras,Americas,1978,HND,3505412,3346,59.2481,20.91154619,22.29783563,NA,5.748325,NA,0.138
Honduras,Americas,1979,HND,3614936,3382,59.8287,21.10767447,22.40382506,NA,12.135356,NA,0.14
Honduras,Americas,1980,HND,3727126,3282,60.3876,21.30235306,22.50943881,NA,18.061543,NA,0.175
Honduras,Americas,1981,HND,3841724,3231,61.033,21.49629706,22.61476894,NA,9.405691,NA,0.188
Honduras,Americas,1982,HND,3958682,3076,61.6879,21.68934793,22.7201068,NA,8.982622,NA,0.371
Honduras,Americas,1983,HND,4078128,2947,62.4079,21.88254423,22.82507749,NA,8.252811,NA,0.398
Honduras,Americas,1984,HND,4199809,2968,62.8191,22.07534039,22.92935338,NA,4.726368,NA,0.398
Honduras,Americas,1985,HND,4323290,2982,63.2229,22.26826989,23.03331665,NA,3.3626752,NA,0.403
Honduras,Americas,1986,HND,4448852,2898,63.6509,22.46152302,23.13758828,NA,4.3527236,NA,0.4
Honduras,Americas,1987,HND,4576866,2970,64.0659,22.65531893,23.24224994,NA,2.487154,NA,0.404
Honduras,Americas,1988,HND,4707642,3009,64.3928,22.85032996,23.34689756,NA,4.4912577,NA,0.404
Honduras,Americas,1989,HND,4841788,3045,64.7816,23.04659117,23.45144004,NA,9.8504095,NA,0.407
Honduras,Americas,1990,HND,4980446,2960,65.1825,23.24429163,23.55579436,NA,23.322567,NA,0.482
Honduras,Americas,1991,HND,5123756,2993.124,65.5842,23.44200864,23.65952611,4.58,33.97226,NA,0.491
Honduras,Americas,1992,HND,5271385,3094.5479,65.9078,23.63980388,23.7628365,3.06,8.759886,NA,0.491
Honduras,Americas,1993,HND,5423203,3216.8804,66.0744,23.83698733,23.86590696,3.097,10.748647,NA,0.491
Honduras,Americas,1994,HND,5579196,3105.972,66.5234,24.03305436,23.96895804,3.136,21.729347,NA,0.529
Honduras,Americas,1995,HND,5739577,3163.8262,66.919,24.22870877,24.07170468,3.24,29.464529,NA,0.542
Honduras,Americas,1996,HND,5903901,3210.2703,67.2627,24.42393501,24.17413863,4.37,23.837835,NA,0.548
Honduras,Americas,1997,HND,6071414,3303.2676,67.5418,24.61901995,24.27614838,3.32,20.199867,NA,0.548
Honduras,Americas,1998,HND,6234391,3332.9067,62.4316,24.81311128,24.37778172,4.02,13.668108,NA,0.553
Honduras,Americas,1999,HND,6400420,3215.1848,68.0049,25.0050993,24.47892296,3.85,11.663741,NA,0.554
Honduras,Americas,2000,HND,6577728,3335.7153,68.3018,25.19329487,24.57887396,3.881,11.048035,NA,0.554
Honduras,Americas,2001,HND,6757934,3365.233,68.4906,25.37730383,24.67790238,4,9.674155,NA,0.554
Honduras,Americas,2002,HND,6938825,3431.2512,68.7141,25.55715064,24.77586554,4.02,7.69051,NA,0.557
Honduras,Americas,2003,HND,7119158,3527.1218,68.8741,25.73276338,24.87213299,5.3,7.674166,NA,0.567
Honduras,Americas,2004,HND,7298947,3686.6667,69.0498,25.90499821,24.96683806,5.99,8.1137905,NA,0.567
Honduras,Americas,2005,HND,7478314,3851.0554,69.1982,26.0739872,25.05942442,4.909,8.809061,NA,0.562
Honduras,Americas,2006,HND,7656787,4045.2976,69.3641,26.24048359,25.15030059,3.575,5.577752,NA,0.521
Honduras,Americas,2007,HND,7834750,4237.302,69.5388,26.40447671,25.23975902,3.211,6.936215,NA,0.524
Honduras,Americas,2008,HND,8012546,4358.763,69.6572,26.56714768,25.32826194,3.156,11.403427,NA,0.52
Honduras,Americas,2009,HND,8189858,4200.1606,69.8234,26.72935844,25.41576445,3.292,5.4963427,NA,0.441
Honduras,Americas,2010,HND,8365834,4305.892,69.7697,26.89148392,25.50250701,4.119,4.6988907,NA,0.402
Honduras,Americas,2011,HND,8540543,4421,70.116,27.05351772,25.58879457,4.475,6.7622795,NA,0.415
Honduras,Americas,2012,HND,8715038,4518,70.4605,27.21530677,25.67406022,3.755,5.196186,NA,0.416
Honduras,Americas,2013,HND,8889226,4561,70.7648,27.37645867,25.75822525,5.646,5.161899,NA,0.411
Honduras,Americas,2014,HND,9063078,4620,71.0316,27.53652345,25.84217538,7.078,6.129249,NA,0.428
Honduras,Americas,2015,HND,9237261,4706,71.323,27.6951341,25.92582168,6.147,3.1578312,NA,0.422
Honduras,Americas,2016,HND,9412329,4803.2803,71.6152,27.85207042,26.00910489,6.727,2.7246122,NA,0.423
Honduras,Americas,2017,HND,9588098,4949.0254,71.8046,NA,NA,5.528,3.9343607,NA,0.412
Honduras,Americas,2018,HND,9765162,5052.2056,72.0005,NA,NA,5.622,4.347349,NA,0.362
Honduras,Americas,2019,HND,9943585,5099.8145,72.1238,NA,NA,5.551,4.3658714,NA,0.368
Honduras,Americas,2020,HND,10119590,4567.8857,70.864,NA,NA,10.679,3.4684117,NA,0.372
Honduras,Americas,2021,HND,10289829,5062.1187,69.4924,NA,NA,7.94,4.48088,NA,0.39
Honduras,Americas,2022,HND,10463826,5186.5303,72.7151,NA,NA,7.037,9.089639,17.87,0.534
Honduras,Americas,2023,HND,10644802,NA,72.8842,NA,NA,6.062,6.663252,17.87,0.538
Hong Kong,Asia,1952,HKG,2164752,3846,59.7724,NA,NA,NA,NA,NA,0.151
Hong Kong,Asia,1953,HKG,2264282,3982,60.8631,NA,NA,NA,NA,NA,0.151
Hong Kong,Asia,1954,HKG,2368563,4124,61.9221,NA,NA,NA,NA,NA,0.151
Hong Kong,Asia,1955,HKG,2478152,4280,62.765,NA,NA,NA,NA,NA,0.151
Hong Kong,Asia,1956,HKG,2594213,4450,63.4478,NA,NA,NA,NA,NA,0.152
Hong Kong,Asia,1957,HKG,2717140,4626,64.0477,NA,NA,NA,NA,NA,0.153
Hong Kong,Asia,1958,HKG,2845448,4799,64.6911,NA,NA,NA,NA,NA,0.153
Hong Kong,Asia,1959,HKG,2974498,4957,65.3924,NA,NA,NA,NA,NA,0.153
Hong Kong,Asia,1960,HKG,3094807,5088,66.1466,NA,NA,NA,NA,NA,0.163
Hong Kong,Asia,1961,HKG,3076605,5169,66.8659,NA,NA,NA,NA,NA,0.163
Hong Kong,Asia,1962,HKG,2889045,5780,67.3115,NA,NA,NA,NA,NA,0.163
Hong Kong,Asia,1963,HKG,2662551,6381,68.0216,NA,NA,NA,NA,NA,0.163
Hong Kong,Asia,1964,HKG,3135991,6664,68.5759,NA,NA,NA,NA,NA,0.163
Hong Kong,Asia,1965,HKG,3855381,7414,68.8855,NA,NA,NA,NA,NA,0.163
Hong Kong,Asia,1966,HKG,4015256,7412,69.2928,NA,NA,NA,NA,NA,0.163
Hong Kong,Asia,1967,HKG,3474089,7474,69.931,NA,NA,NA,NA,NA,0.161
Hong Kong,Asia,1968,HKG,3065293,7696,70.6931,NA,NA,NA,NA,NA,0.163
Hong Kong,Asia,1969,HKG,3395475,8534,71.0288,NA,NA,NA,NA,NA,0.164
Hong Kong,Asia,1970,HKG,3739867,9250,71.2703,NA,NA,NA,NA,NA,0.167
Hong Kong,Asia,1971,HKG,3989178,9787,71.4679,NA,NA,NA,NA,NA,0.167
Hong Kong,Asia,1972,HKG,4117070,10632,71.6747,NA,NA,NA,NA,NA,0.167
Hong Kong,Asia,1973,HKG,4223196,11717,72.2071,NA,NA,NA,NA,NA,0.167
Hong Kong,Asia,1974,HKG,4330680,11719,72.537,NA,NA,NA,NA,NA,0.167
Hong Kong,Asia,1975,HKG,4438328,11456,72.82,22.27171168,21.94030611,NA,NA,NA,0.167
Hong Kong,Asia,1976,HKG,4545080,12929,73.0402,22.31969182,22.01917504,NA,NA,NA,0.167
Hong Kong,Asia,1977,HKG,4650442,13986,73.3089,22.36710073,22.09825507,NA,NA,NA,0.17
Hong Kong,Asia,1978,HKG,4754022,14689,73.5765,22.41391473,22.17712524,NA,NA,NA,0.17
Hong Kong,Asia,1979,HKG,4857615,15903,73.9009,22.45993049,22.25565887,NA,NA,NA,0.17
Hong Kong,Asia,1980,HKG,4962439,17086,74.2474,22.50541275,22.33361577,NA,NA,NA,0.186
Hong Kong,Asia,1981,HKG,5060911,18301,74.5977,22.54957674,22.41004167,NA,NA,14.309999,0.186
Hong Kong,Asia,1982,HKG,5150051,18527,74.9282,22.59243785,22.48600451,NA,10.970464,NA,0.186
Hong Kong,Asia,1983,HKG,5235071,19349,75.3009,22.63438317,22.561139,NA,9.885932,NA,0.186
Hong Kong,Asia,1984,HKG,5315922,21042,75.6737,22.67489799,22.63541722,NA,8.650519,NA,0.187
Hong Kong,Asia,1985,HKG,5393076,20883,76.2494,22.7138235,22.70821126,NA,3.5031848,NA,0.192
Hong Kong,Asia,1986,HKG,5451391,22823,76.6914,22.76046036,22.78627809,NA,3.3846154,15.559999,0.198
Hong Kong,Asia,1987,HKG,5486328,25414,77.0571,22.81296424,22.86835836,NA,5.654762,NA,0.198
Hong Kong,Asia,1988,HKG,5514851,27063,77.0901,22.86994865,22.95357243,NA,7.887324,NA,0.198
Hong Kong,Asia,1989,HKG,5540530,27377,77.2288,22.93018613,23.04058241,NA,10.182768,NA,0.202
Hong Kong,Asia,1990,HKG,5560560,27960,77.4481,22.99290134,23.12863002,NA,10.42654,NA,0.266
Hong Kong,Asia,1991,HKG,5628035,29008.7,77.6926,23.04756508,23.21045198,1.8,11.158798,16.93,0.301
Hong Kong,Asia,1992,HKG,5759509,30202.54,77.9881,23.09539447,23.28736963,1.96,9.65251,NA,0.375
Hong Kong,Asia,1993,HKG,5902464,31242.2,78.3271,23.13695643,23.35964014,1.96,8.802817,NA,0.375
Hong Kong,Asia,1994,HKG,6042217,32219.357,78.7177,23.17252285,23.42631211,1.9,8.7378645,NA,0.375
Hong Kong,Asia,1995,HKG,6177052,31941.908,79.1059,23.20328427,23.48799734,3.22,9.077381,NA,0.38
Hong Kong,Asia,1996,HKG,6302426,32261.803,79.4544,23.22825559,23.5446064,2.83,6.27558,14.290001,0.38
Hong Kong,Asia,1997,HKG,6416626,33385.82,79.7316,23.24929079,23.59583792,2.22,5.7766366,NA,0.37
Hong Kong,Asia,1998,HKG,6521282,30866.428,80.0723,23.2682169,23.64326562,4.58,2.9126213,NA,0.373
Hong Kong,Asia,1999,HKG,6616478,31134.166,80.389,23.2864481,23.68750226,6.25,-4.0094337,NA,0.372
Hong Kong,Asia,2000,HKG,6704622,32894.01,80.7045,23.30530601,23.72910177,4.92,-3.6855037,NA,0.372
Hong Kong,Asia,2001,HKG,6774195,32734.201,80.992,23.32591638,23.77000153,5.09,-1.6581633,17.52,0.372
Hong Kong,Asia,2002,HKG,6821361,33038.15,81.18,23.3487572,23.8117303,7.28,-2.9831388,NA,0.372
Hong Kong,Asia,2003,HKG,6858869,33594.316,81.1422,23.37399976,23.85498175,7.86,-2.673797,NA,0.372
Hong Kong,Asia,2004,HKG,6888102,36052.992,81.4549,23.40226118,23.8996026,6.74,-0.2747253,NA,0.371
Hong Kong,Asia,2005,HKG,6908426,38191.9,81.6752,23.43327436,23.94637229,5.58,0.8264463,NA,0.369
Hong Kong,Asia,2006,HKG,6931043,40172.855,81.9469,23.46756018,23.99607943,4.77,2.0002515,21.81,0.369
Hong Kong,Asia,2007,HKG,6971292,42230.887,82.1438,23.5050845,24.04916759,4.01,2.035027,NA,0.37
Hong Kong,Asia,2008,HKG,7020639,42635.48,82.3403,23.54521159,24.10388342,3.56,4.303155,NA,0.371
Hong Kong,Asia,2009,HKG,7064418,41076.234,82.5863,23.58780068,24.16108304,5.26,0.5794414,NA,0.373
Hong Kong,Asia,2010,HKG,7101558,43170.55,82.8592,23.63190528,24.22032854,4.329,2.2928908,NA,0.373
Hong Kong,Asia,2011,HKG,7142923,44532,83.1597,23.67772952,24.28344343,3.422,5.3052487,20.460001,0.371
Hong Kong,Asia,2012,HKG,7201012,44795.11,83.4158,23.72464876,24.35063411,3.285,4.0539093,NA,0.364
Hong Kong,Asia,2013,HKG,7264275,45997.89,83.6955,23.77280336,24.42122614,3.4,4.3379936,NA,0.361
Hong Kong,Asia,2014,HKG,7319453,46941.586,83.9271,23.82162817,24.49492112,3.296,4.4236455,NA,0.359
Hong Kong,Asia,2015,HKG,7366349,47653.695,84.147,23.87086688,24.57139386,3.314,2.9908483,NA,0.347
Hong Kong,Asia,2016,HKG,7407953,48385.113,84.3803,23.92107456,24.64910835,3.392,2.4093075,17.99,0.336
Hong Kong,Asia,2017,HKG,7444832,49841.457,84.6625,NA,NA,3.124,1.4938724,NA,0.326
Hong Kong,Asia,2018,HKG,7471131,50847.723,84.9866,NA,NA,2.805,2.4061344,NA,0.321
Hong Kong,Asia,2019,HKG,7485770,49631.062,85.2632,NA,NA,2.917,2.8832085,NA,0.301
Hong Kong,Asia,2020,HKG,7490198,46550.258,84.7073,NA,NA,5.808,0.25096202,NA,0.269
Hong Kong,Asia,2021,HKG,7484547,50006.348,85.0816,NA,NA,5.174,1.5687584,NA,0.212
Hong Kong,Asia,2022,HKG,7465860,48289.383,83.4853,NA,NA,4.318,1.8813671,17.75,0.162
Hong Kong,Asia,2023,HKG,7442686,NA,85.5106,NA,NA,3.931,2.096605,17.75,0.154
Hungary,Europe,1952,HUN,9503880,4403,63.9297,NA,NA,NA,NA,NA,0.117
Hungary,Europe,1953,HUN,9594432,4441,63.8508,NA,NA,NA,NA,NA,0.155
Hungary,Europe,1954,HUN,9704544,4543,65.4296,NA,NA,NA,NA,NA,0.184
Hungary,Europe,1955,HUN,9823171,4894,66.8977,NA,NA,NA,NA,NA,0.14
Hungary,Europe,1956,HUN,9853943,4632,66.0009,NA,NA,NA,NA,NA,0.123
Hungary,Europe,1957,HUN,9837876,5051,66.3468,NA,NA,NA,NA,NA,0.121
Hungary,Europe,1958,HUN,9880626,5367,67.4366,NA,NA,NA,NA,NA,0.121
Hungary,Europe,1959,HUN,9936799,5553,67.3261,NA,NA,NA,NA,NA,0.121
Hungary,Europe,1960,HUN,9983335,5816,68.0871,NA,NA,NA,NA,NA,0.123
Hungary,Europe,1961,HUN,10026470,6083,69.0169,NA,NA,NA,NA,NA,0.123
Hungary,Europe,1962,HUN,10058014,6315,67.9409,NA,NA,NA,NA,NA,0.126
Hungary,Europe,1963,HUN,10083794,6644,68.9436,NA,NA,NA,NA,NA,0.129
Hungary,Europe,1964,HUN,10114324,6994,69.4676,NA,NA,NA,NA,NA,0.132
Hungary,Europe,1965,HUN,10141073,7029,69.1487,NA,NA,NA,NA,NA,0.131
Hungary,Europe,1966,HUN,10170367,7406,69.8965,NA,NA,NA,NA,NA,0.131
Hungary,Europe,1967,HUN,10206760,7801,69.4627,NA,NA,NA,NA,NA,0.131
Hungary,Europe,1968,HUN,10244498,7865,69.3445,NA,NA,NA,NA,NA,0.132
Hungary,Europe,1969,HUN,10281546,8069,69.3797,NA,NA,NA,NA,NA,0.132
Hungary,Europe,1970,HUN,10315086,8015,69.2187,NA,NA,NA,NA,NA,0.133
Hungary,Europe,1971,HUN,10343919,8349,69.0791,NA,NA,NA,NA,NA,0.132
Hungary,Europe,1972,HUN,10374251,8505,69.7199,NA,NA,NA,NA,NA,0.132
Hungary,Europe,1973,HUN,10407395,8920,69.599,NA,NA,NA,3.387978,NA,0.132
Hungary,Europe,1974,HUN,10453865,9111,69.273,NA,NA,NA,1.7970402,NA,0.132
Hungary,Europe,1975,HUN,10515605,9253,69.4222,24.70620319,24.72438588,NA,3.84216,NA,0.132
Hungary,Europe,1976,HUN,10573731,9231,69.6571,24.7609068,24.80913929,NA,5.2283983,NA,0.132
Hungary,Europe,1977,HUN,10623097,9765,69.9352,24.81464057,24.89338197,NA,3.9088957,NA,0.132
Hungary,Europe,1978,HUN,10660150,9967,69.4699,24.86778227,24.97740781,NA,4.687143,NA,0.132
Hungary,Europe,1979,HUN,10688211,9964,69.6697,24.9204204,25.06074678,NA,8.976413,NA,0.132
Hungary,Europe,1980,HUN,10695321,10052,69.0886,24.97214908,25.14367297,NA,9.285857,2.6799998,0.133
Hungary,Europe,1981,HUN,10679280,10123,69.1506,25.02102243,25.22524318,NA,4.661414,2.6699998,0.135
Hungary,Europe,1982,HUN,10656055,10493,69.3529,25.06778528,25.30491195,NA,6.835805,2.7,0.136
Hungary,Europe,1983,HUN,10622939,10401,68.9291,25.11180897,25.38313234,NA,7.279896,2.6000001,0.136
Hungary,Europe,1984,HUN,10584283,10696,68.9647,25.15369636,25.4601708,NA,8.4678545,2.57,0.136
Hungary,Europe,1985,HUN,10547208,10452,68.9019,25.1931463,25.5350174,NA,6.942345,2.6399999,0.142
Hungary,Europe,1986,HUN,10511045,10678,69.1132,25.22977542,25.60751709,NA,5.2916617,2.74,0.147
Hungary,Europe,1987,HUN,10475048,10861,69.564,25.26366023,25.67732996,NA,8.6743145,3.17,0.152
Hungary,Europe,1988,HUN,10440480,11207,69.9424,25.294909,25.74492119,NA,15.723549,3.5900002,0.171
Hungary,Europe,1989,HUN,10403359,11003,69.3945,25.32380015,25.81051688,NA,17.149153,4.89,0.267
Hungary,Europe,1990,HUN,10381231,10296,69.3718,25.351583,25.87522296,NA,28.3696,5.37,0.803
Hungary,Europe,1991,HUN,10378132,9255.909,69.4409,25.37641804,25.93861809,8.5,34.817543,6.06,0.846
Hungary,Europe,1992,HUN,10371431,9153.921,69.1672,25.3993375,26.00131837,9.942,23.655722,6.84,0.846
Hungary,Europe,1993,HUN,10356813,9294.464,69.1803,25.42089267,26.06454732,12.098,22.464235,7.09,0.846
Hungary,Europe,1994,HUN,10339884,9772.224,69.6042,25.44212074,26.12948162,10.847,18.868074,7.21,0.846
Hungary,Europe,1995,HUN,10322744,10134.834,69.9689,25.46413923,26.1961902,10.168,28.305468,7.4199996,0.849
Hungary,Europe,1996,HUN,10302188,10359.182,70.5972,25.48815184,26.26640847,10.022,23.46903,8.26,0.849
Hungary,Europe,1997,HUN,10278552,10942.326,71.0034,25.51511294,26.34034016,8.991,18.305075,8.25,0.849
Hungary,Europe,1998,HUN,10251663,11663.028,70.9186,25.54605039,26.41938338,8.925,14.1537895,8.65,0.847
Hungary,Europe,1999,HUN,10219743,12316.724,71.0402,25.58098145,26.50314781,6.929,9.997745,8.72,0.848
Hungary,Europe,2000,HUN,10190548,13129.273,71.7581,25.61959989,26.59105011,6.563,9.80361,9.570001,0.848
Hungary,Europe,2001,HUN,10166641,13933.562,72.3944,25.66466662,26.68551988,5.671,9.116809,9.809999,0.848
Hungary,Europe,2002,HUN,10138414,14899.307,72.5072,25.71562005,26.78522979,5.608,5.265448,11.14,0.847
Hungary,Europe,2003,HUN,10108909,15829.9,72.5135,25.77159664,26.88920876,5.79,4.661017,10.679999,0.847
Hungary,Europe,2004,HUN,10085736,16999.006,72.906,25.83188533,26.99669727,5.832,6.7443466,10.57,0.847
Hungary,Europe,2005,HUN,10065654,18140.617,72.8649,25.8953425,27.10675403,7.189,3.561517,13.21,0.847
Hungary,Europe,2006,HUN,10049900,19253.062,73.3441,25.96206813,27.21912767,7.494,3.930326,12.52,0.831
Hungary,Europe,2007,HUN,10034027,19763.791,73.4314,26.03101983,27.33322138,7.406,7.958745,11.2300005,0.853
Hungary,Europe,2008,HUN,10016610,20380.63,73.9571,26.1011997,27.44769832,7.817,6.0425124,11.4,0.853
Hungary,Europe,2009,HUN,10001329,19461.07,74.179,26.17144109,27.56215996,10.03,4.211712,11.34,0.853
Hungary,Europe,2010,HUN,9979076,20036.334,74.5189,26.24106273,27.67660481,11.172,4.855558,11.82,0.81
Hungary,Europe,2011,HUN,9946626,20886,74.9226,26.31054277,27.79179466,11.029,3.929921,11.62,0.782
Hungary,Europe,2012,HUN,9916568,20731.67,75.1826,26.38008123,27.90866222,11.003,5.6521454,10.559999,0.777
Hungary,Europe,2013,HUN,9889294,21163.564,75.6827,26.44931704,28.02743138,10.177,1.7331998,12.04,0.728
Hungary,Europe,2014,HUN,9862785,22118.75,75.8493,26.51825957,28.14857697,7.725,-0.22756627,11.82,0.667
Hungary,Europe,2015,HUN,9839162,22993.375,75.6536,26.58660554,28.27164273,6.813,-0.06164468,12,0.616
Hungary,Europe,2016,HUN,9810479,23568.926,76.1569,26.65430385,28.39520228,5.115,0.3947693,11.93,0.607
Hungary,Europe,2017,HUN,9785561,24641.197,76.007,NA,NA,4.156,2.3482428,11.65,0.559
Hungary,Europe,2018,HUN,9774342,25995.51,76.2049,NA,NA,3.709,2.8502479,11.45,0.483
Hungary,Europe,2019,HUN,9770300,27272.312,76.4546,NA,NA,3.419,3.3385863,NA,0.471
Hungary,Europe,2020,HUN,9749421,26091.4,75.7302,NA,NA,4.25,3.3267438,NA,0.468
Hungary,Europe,2021,HUN,9707794,28085.963,74.1851,NA,NA,4.045,5.1109653,NA,0.452
Hungary,Europe,2022,HUN,9684259,29451.855,76.2118,NA,NA,3.609,14.608144,10.01,0.452
Hungary,Europe,2023,HUN,9686418,NA,77.024,NA,NA,4.126,17.124966,9.91,0.437
Iceland,Europe,1952,ISL,147731,8823,72.4098,NA,NA,NA,NA,NA,0.802
Iceland,Europe,1953,ISL,150706,8886,72.2826,NA,NA,NA,NA,NA,0.805
Iceland,Europe,1954,ISL,154223,9446,73.336,NA,NA,NA,NA,NA,0.807
Iceland,Europe,1955,ISL,157705,10096,73.2763,NA,NA,NA,NA,NA,0.807
Iceland,Europe,1956,ISL,161044,10323,72.9015,NA,NA,NA,NA,NA,0.807
Iceland,Europe,1957,ISL,164722,10079,73.3896,NA,NA,NA,NA,NA,0.807
Iceland,Europe,1958,ISL,168437,10568,73.3493,NA,NA,NA,NA,NA,0.807
Iceland,Europe,1959,ISL,171964,10702,72.624,NA,NA,NA,NA,NA,0.809
Iceland,Europe,1960,ISL,175524,10959,74.0493,NA,NA,NA,1.9883972,NA,0.81
Iceland,Europe,1961,ISL,178962,10728,73.3901,NA,NA,NA,4.711615,NA,0.81
Iceland,Europe,1962,ISL,182312,11435,73.6111,NA,NA,NA,11.016293,NA,0.81
Iceland,Europe,1963,ISL,185609,12366,72.9425,NA,NA,NA,12.928023,NA,0.808
Iceland,Europe,1964,ISL,188990,13386,73.5252,NA,NA,NA,19.245054,NA,0.806
Iceland,Europe,1965,ISL,192294,14100,73.7964,NA,NA,NA,7.3170695,NA,0.806
Iceland,Europe,1966,ISL,195553,15058,73.1407,NA,NA,NA,10.686643,NA,0.819
Iceland,Europe,1967,ISL,198756,14642,73.6911,NA,NA,NA,3.3202186,NA,0.825
Iceland,Europe,1968,ISL,201472,13648,73.8982,NA,NA,NA,15.231798,NA,0.823
Iceland,Europe,1969,ISL,203340,13880,73.6572,NA,NA,NA,21.763294,NA,0.822
Iceland,Europe,1970,ISL,204439,14830,73.7797,NA,NA,NA,13.372476,NA,0.825
Iceland,Europe,1971,ISL,206129,16606,73.4918,NA,NA,NA,6.7318745,NA,0.823
Iceland,Europe,1972,ISL,209162,17366,74.3954,NA,NA,NA,9.811324,NA,0.822
Iceland,Europe,1973,ISL,212335,18277,74.2769,NA,NA,NA,21.35493,NA,0.822
Iceland,Europe,1974,ISL,215232,19054,74.1253,NA,NA,NA,42.516182,NA,0.825
Iceland,Europe,1975,ISL,217982,18935,75.2687,23.56236758,24.32150695,NA,49.36134,NA,0.829
Iceland,Europe,1976,ISL,220148,19877,76.6333,23.60792226,24.37892766,NA,32.03511,NA,0.829
Iceland,Europe,1977,ISL,221800,21465,76.0791,23.65232917,24.43613637,NA,30.316742,NA,0.829
Iceland,Europe,1978,ISL,223532,22579,76.3776,23.69634287,24.49412361,NA,43.75,NA,0.829
Iceland,Europe,1979,ISL,225715,23443,76.5347,23.74126107,24.55405939,NA,44.444454,NA,0.828
Iceland,Europe,1980,ISL,228100,24528,76.5969,23.78876796,24.61595844,NA,58.528427,7.53,0.848
Iceland,Europe,1981,ISL,230704,25284,76.192,23.83876217,24.67968586,NA,51.793243,7.53,0.848
Iceland,Europe,1982,ISL,233804,25477,76.7987,23.89088202,24.74526715,NA,50.243225,7.53,0.848
Iceland,Europe,1983,ISL,236928,24605,76.4252,23.94567765,24.81326511,NA,83.95004,7.53,0.844
Iceland,Europe,1984,ISL,239461,25357,77.2951,24.0028559,24.88316783,NA,30.852398,7.53,0.843
Iceland,Europe,1985,ISL,241364,25990,77.3897,24.0623202,24.95522538,NA,31.994629,7.53,0.843
Iceland,Europe,1986,ISL,243149,27439,77.8702,24.12399101,25.02847076,NA,22.1284,7.53,0.854
Iceland,Europe,1987,ISL,245820,29576,77.0507,24.18795005,25.10314442,NA,18.297768,7.53,0.861
Iceland,Europe,1988,ISL,249685,28934,76.8934,24.25369079,25.17956955,NA,25.72551,7.53,0.864
Iceland,Europe,1989,ISL,252816,28652,77.9323,24.32126365,25.25752528,NA,20.758196,7.53,0.865
Iceland,Europe,1990,ISL,254791,28760,77.7406,24.38995442,25.33652207,NA,15.510722,7.53,0.867
Iceland,Europe,1991,ISL,257764,28258.018,77.7575,24.45904112,25.4157688,2.548,6.808779,7.47,0.865
Iceland,Europe,1992,ISL,261051,26859.281,78.5865,24.5290146,25.49598101,4.305,3.9477117,7.79,0.864
Iceland,Europe,1993,ISL,263720,26833.8,78.8093,24.59873645,25.57777973,5.257,4.042853,7.5499997,0.864
Iceland,Europe,1994,ISL,266020,27457.807,79.0221,24.66777232,25.65968745,5.326,1.5526563,7.6499996,0.864
Iceland,Europe,1995,ISL,267474,27235.834,77.5426,24.73685704,25.7425384,5.196,1.6512315,7.7200003,0.865
Iceland,Europe,1996,ISL,268918,28277.787,78.6456,24.80549974,25.82636553,3.6,2.260419,7.53,0.869
Iceland,Europe,1997,ISL,271147,29939.143,78.6723,24.87279625,25.91065914,3.72,1.8154308,7.6499996,0.868
Iceland,Europe,1998,ISL,274071,31444.615,79.3963,24.93794641,25.99526288,3.069,1.6592417,7.6899996,0.868
Iceland,Europe,1999,ISL,277397,32186.932,79.2363,25.00005689,26.0793099,2.178,3.2318325,8.24,0.872
Iceland,Europe,2000,ISL,281254,33108.29,79.5485,25.05872794,26.16290869,1.936,5.1364713,8.46,0.874
Iceland,Europe,2001,ISL,285010,33794.453,80.4209,25.1132582,26.2456729,1.874,6.4050856,10.16,0.874
Iceland,Europe,2002,ISL,287561,33470.496,80.2778,25.16399761,26.32814319,2.988,5.1970224,10.82,0.874
Iceland,Europe,2003,ISL,289558,33920.707,80.7678,25.21081604,26.40949302,3.997,2.0556633,11.990001,0.872
Iceland,Europe,2004,ISL,292127,36209.242,80.7209,25.25424637,26.48924143,4.031,3.1581933,9.139999,0.87
Iceland,Europe,2005,ISL,296803,37884.06,81.1691,25.29440091,26.56625841,2.547,3.987048,10.51,0.869
Iceland,Europe,2006,ISL,303836,38707.215,80.9375,25.33167438,26.64043956,2.83,6.687079,11.03,0.869
Iceland,Europe,2007,ISL,311622,41111.156,81.093,25.36660194,26.71042803,2.251,5.0515575,15.25,0.876
Iceland,Europe,2008,ISL,317470,40810.23,81.244,25.39898394,26.7753725,2.946,12.694394,8.16,0.883
Iceland,Europe,2009,ISL,318564,37701.85,81.4174,25.42857411,26.83583507,7.22,12.00313,6.82,0.883
Iceland,Europe,2010,ISL,318102,36272.688,81.5939,25.45519792,26.89135019,7.564,5.396731,5.45,0.879
Iceland,Europe,2011,ISL,319098,36740,81.9725,25.479446,26.94238898,7.028,4.0010266,5.73,0.879
Iceland,Europe,2012,ISL,320802,36933.895,82.3459,25.50214461,26.9892069,6,5.1858997,6.89,0.877
Iceland,Europe,2013,ISL,323845,38245.496,81.7425,25.52449081,27.03317745,5.376,3.8722792,8.33,0.861
Iceland,Europe,2014,ISL,327471,38463.027,82.4298,25.54665096,27.07598366,4.897,2.0446148,8.61,0.859
Iceland,Europe,2015,ISL,330918,39756.527,82.1638,25.5691211,27.11867107,3.979,1.6330556,8.2699995,0.864
Iceland,Europe,2016,ISL,335522,41682.867,81.8286,25.5912036,27.16196688,2.978,1.6969277,8.780001,0.86
Iceland,Europe,2017,ISL,343480,42419.383,82.241,NA,NA,2.742,1.7604156,NA,0.864
Iceland,Europe,2018,ISL,352819,43321.062,82.4526,NA,NA,2.704,2.6829176,NA,0.877
Iceland,Europe,2019,ISL,360652,43136.605,82.8474,NA,NA,3.507,3.0139718,NA,0.857
Iceland,Europe,2020,ISL,366571,39368.4,82.7113,NA,NA,5.478,2.847924,NA,0.861
Iceland,Europe,2021,ISL,372597,40412.617,82.8433,NA,NA,6.029,4.4442396,NA,0.837
Iceland,Europe,2022,ISL,380322,42145.594,81.5877,NA,NA,3.789,8.308755,7.74,0.83
Iceland,Europe,2023,ISL,387522,NA,82.6911,NA,NA,3.562,8.736303,8.1,0.844
India,Asia,1952,IND,361874845,1003,42.0866,NA,NA,NA,NA,11.900001,0.593
India,Asia,1953,IND,370104517,1047,42.3863,NA,NA,NA,NA,11.45,0.658
India,Asia,1954,IND,378687093,1071,43.2483,NA,NA,NA,NA,12.75,0.658
India,Asia,1955,IND,387700839,1078,43.7399,NA,NA,NA,NA,14.990001,0.658
India,Asia,1956,IND,396988852,1117,44.133,NA,NA,NA,NA,13.950001,0.658
India,Asia,1957,IND,406253849,1084,44.4145,NA,NA,NA,NA,14.26,0.665
India,Asia,1958,IND,415777393,1141,44.7776,NA,NA,NA,NA,13.940001,0.666
India,Asia,1959,IND,425780636,1143,45.2602,NA,NA,NA,NA,13.079999,0.666
India,Asia,1960,IND,435990289,1200,45.6104,NA,NA,NA,1.7798779,13.68,0.666
India,Asia,1961,IND,446564674,1208,45.8244,NA,NA,NA,1.695213,13.03,0.666
India,Asia,1962,IND,457283043,1208,46.1335,NA,NA,NA,3.632215,12.700001,0.648
India,Asia,1963,IND,468138526,1242,46.4581,NA,NA,NA,2.9461613,12.219999,0.646
India,Asia,1964,IND,479229550,1309,46.7418,NA,NA,NA,13.355261,12.05,0.641
India,Asia,1965,IND,490140093,1229,45.5579,NA,NA,NA,9.474758,12.75,0.636
India,Asia,1966,IND,500740202,1215,45.8839,NA,NA,NA,10.801848,13.05,0.64
India,Asia,1967,IND,511606346,1286,46.1835,NA,NA,NA,13.062202,12.83,0.651
India,Asia,1968,IND,522716839,1290,47.9249,NA,NA,NA,3.2374125,12.2,0.651
India,Asia,1969,IND,533880495,1347,48.2601,NA,NA,NA,-0.5841366,13.31,0.651
India,Asia,1970,IND,545864222,1384,48.5852,NA,NA,NA,5.092262,13.71,0.659
India,Asia,1971,IND,558096336,1364,48.9023,NA,NA,NA,3.0799387,11.78,0.612
India,Asia,1972,IND,570482089,1329,49.2126,NA,NA,NA,6.4420977,11.12,0.607
India,Asia,1973,IND,583465547,1360,49.6418,NA,NA,NA,16.940817,10.22,0.607
India,Asia,1974,IND,597041345,1344,50.2589,NA,NA,NA,28.598734,10.33,0.568
India,Asia,1975,IND,611309484,1430,50.7615,18.57005877,18.51023809,NA,5.7484303,10.59,0.386
India,Asia,1976,IND,625861838,1417,51.3019,18.67044292,18.62436644,NA,-7.633948,10.35,0.378
India,Asia,1977,IND,640801057,1494,51.8221,18.77141756,18.73926645,NA,8.30747,9.809999,0.498
India,Asia,1978,IND,655728181,1540,52.4204,18.87292949,18.85481191,NA,2.5230486,9.28,0.654
India,Asia,1979,IND,671155694,1427,53.0143,18.97425529,18.96995275,NA,6.2756834,8.08,0.656
India,Asia,1980,IND,687353977,1495,53.5928,19.07537407,19.08407889,NA,11.346073,7.4500003,0.65
India,Asia,1981,IND,703696202,1557,54.1726,19.17514325,19.19567677,NA,13.112547,6.72,0.647
India,Asia,1982,IND,720313419,1570,54.7354,19.27312447,19.3040665,NA,7.890743,6.19,0.65
India,Asia,1983,IND,737372629,1663,55.2829,19.36956675,19.40908113,NA,11.868081,10.51,0.651
India,Asia,1984,IND,754875401,1690,55.8125,19.46370073,19.50997755,NA,8.318907,9.01,0.651
India,Asia,1985,IND,772647748,1720,56.3239,19.55566804,19.60623008,NA,5.556424,10.5,0.661
India,Asia,1986,IND,790689937,1755,56.8193,19.64553827,19.69729645,NA,8.729721,10.83,0.67
India,Asia,1987,IND,808931212,1793,57.2908,19.73334264,19.78261283,NA,8.801126,10.360001,0.67
India,Asia,1988,IND,827342945,1938,57.7443,19.81918242,19.86299877,NA,9.3834715,11.200001,0.663
India,Asia,1989,IND,846039483,2024,58.1959,19.90305564,19.9387957,NA,7.0742803,11.09,0.664
India,Asia,1990,IND,864972170,2087,58.6184,19.98511019,20.01054074,NA,8.971232,10.75,0.693
India,Asia,1991,IND,883927551,2062.3103,59.0324,20.06514109,20.07897159,6.85,13.870246,10.2300005,0.714
India,Asia,1992,IND,902957019,2115.2573,59.445,20.14394446,20.14444573,6.853,11.787817,10.26,0.725
India,Asia,1993,IND,922118324,2176.4277,59.823,20.22169654,20.20721369,6.859,6.3268905,12.82,0.729
India,Asia,1994,IND,941163717,2254.899,60.2372,20.29819142,20.26795173,6.828,10.247935,13.079999,0.736
India,Asia,1995,IND,960300991,2355.9631,60.6295,20.37527253,20.32944734,6.99,10.224886,16.220001,0.736
India,Asia,1996,IND,979678413,2475.568,61.0269,20.45357863,20.39308841,7.147,8.977152,14.929999,0.74
India,Asia,1997,IND,999133716,2514.0217,61.4393,20.53390035,20.46127261,7.335,7.1642523,14.219999,0.741
India,Asia,1998,IND,1018665024,2611.7815,61.8525,20.61582513,20.53325814,7.517,13.230839,NA,0.748
India,Asia,1999,IND,1038225772,2707.7407,62.2837,20.69897482,20.60768485,7.682,4.6698203,NA,0.743
India,Asia,2000,IND,1057922676,2753.0854,62.7492,20.78255592,20.68330202,7.856,4.009436,NA,0.728
India,Asia,2001,IND,1077898527,2837.8555,63.1581,20.86601994,20.75923832,8.039,3.779293,NA,0.728
India,Asia,2002,IND,1097600334,2870.9236,63.6486,20.94895546,20.83484813,8.248,4.297152,NA,0.731
India,Asia,2003,IND,1116802952,3035.9226,64.0862,21.03024779,20.90878197,8.397,3.805859,NA,0.732
India,Asia,2004,IND,1135991467,3212.511,64.4843,21.10948963,20.97924642,8.551,3.7672517,NA,0.73
India,Asia,2005,IND,1154676277,3396.6487,64.9385,21.1866745,21.04613709,8.697,4.2463436,19.61,0.72
India,Asia,2006,IND,1172878840,3629.4111,65.3726,21.26188936,21.11063362,8.614,5.7965236000000004,NA,0.722
India,Asia,2007,IND,1190675980,3870.699,65.8034,21.33692667,21.17568547,8.534,6.3728814,NA,0.722
India,Asia,2008,IND,1207930907,4030.6543,66.2471,21.41177806,21.24147163,8.486,8.349267,NA,0.722
India,Asia,2009,IND,1225524711,4270.708,66.7001,21.4865203,21.30801006,8.406,10.882353,NA,0.69
India,Asia,2010,IND,1243481513,4525.7456,67.1616,21.560727,21.37529485,8.318,11.98939,NA,0.672
India,Asia,2011,IND,1261224903,4768,67.6228,21.63452818,21.44427447,8.222,8.911794,NA,0.672
India,Asia,2012,IND,1278674446,4982.083,68.0763,21.70847864,21.51565154,8.156,9.478997,21.539999,0.66
India,Asia,2013,IND,1295829456,5224.1445,68.499,21.7830507,21.58970994,8.088,10.017879,22.74,0.658
India,Asia,2014,IND,1312277131,5524.1147,68.9323,21.85686937,21.66416247,7.992,6.6656566,NA,0.622
India,Asia,2015,IND,1328024445,5869.8467,69.326,21.93055334,21.73911153,7.894,4.9069734,NA,0.546
India,Asia,2016,IND,1343944244,6326.0645,69.7091,22.00366557,21.81452731,7.8,4.9482164,NA,0.526
India,Asia,2017,IND,1359657354,6638.7275,70.0676,NA,NA,7.723,3.3281734,NA,0.481
India,Asia,2018,IND,1374659017,7046.4365,70.4152,NA,NA,7.652,3.9388266,NA,0.476
India,Asia,2019,IND,1389030252,7293.9897,70.7463,NA,NA,6.51,3.7295058,NA,0.431
India,Asia,2020,IND,1402617645,6730.547,70.1563,NA,NA,7.859,6.623437,NA,0.394
India,Asia,2021,IND,1414203840,7315.1216,67.2823,NA,NA,6.38,5.1314073,NA,0.397
India,Asia,2022,IND,1425423157,7765.593,71.6984,NA,NA,4.822,6.699034,25.5,0.388
India,Asia,2023,IND,1438069540,NA,72.0026,NA,NA,4.172,5.649143,24.11,0.373
Indonesia,Asia,1952,IDN,71876387,1401,41.5387,NA,NA,NA,NA,NA,0.262
Indonesia,Asia,1953,IDN,73569096,1451,42.2083,NA,NA,NA,NA,NA,0.262
Indonesia,Asia,1954,IDN,75367323,1517,42.9093,NA,NA,NA,NA,NA,0.262
Indonesia,Asia,1955,IDN,77273447,1537,43.5915,NA,NA,NA,NA,NA,0.282
Indonesia,Asia,1956,IDN,79282508,1533,44.3037,NA,NA,NA,NA,NA,0.608
Indonesia,Asia,1957,IDN,81390784,1613,44.9915,NA,NA,NA,NA,NA,0.538
Indonesia,Asia,1958,IDN,83592706,1530,45.418,NA,NA,NA,NA,NA,0.46
Indonesia,Asia,1959,IDN,85892821,1570,46.1998,NA,NA,NA,NA,NA,0.416
Indonesia,Asia,1960,IDN,88296023,1613,46.8349,NA,NA,NA,39.590443,NA,0.24
Indonesia,Asia,1961,IDN,90791195,1690,47.3853,NA,NA,NA,13.691932,NA,0.222
Indonesia,Asia,1962,IDN,93375809,1653,48.1412,NA,NA,NA,131.39784,NA,0.222
Indonesia,Asia,1963,IDN,96051372,1557,48.7415,NA,NA,NA,145.91078,NA,0.222
Indonesia,Asia,1964,IDN,98833698,1583,49.4397,NA,NA,NA,108.994705,NA,0.222
Indonesia,Asia,1965,IDN,101365083,1567,42.7619,NA,NA,NA,306.76312,NA,0.217
Indonesia,Asia,1966,IDN,103792710,1535,48.4063,NA,NA,NA,1136.2542,NA,0.195
Indonesia,Asia,1967,IDN,106526344,1470,51.3087,NA,NA,NA,106,NA,0.193
Indonesia,Asia,1968,IDN,109449945,1580,51.8882,NA,NA,NA,128.84305,NA,0.192
Indonesia,Asia,1969,IDN,112517592,1739,52.5877,NA,NA,NA,15.47987,NA,0.192
Indonesia,Asia,1970,IDN,115657438,1882,53.2543,NA,NA,NA,12.399465,NA,0.187
Indonesia,Asia,1971,IDN,118833649,1946,53.8233,NA,NA,NA,4.233749,NA,0.207
Indonesia,Asia,1972,IDN,122039794,2117,54.3644,NA,NA,NA,6.521749,NA,0.233
Indonesia,Asia,1973,IDN,125288460,2375,54.9155,NA,NA,NA,31.041882,NA,0.228
Indonesia,Asia,1974,IDN,128554995,2439,55.4431,NA,NA,NA,40.49179,NA,0.225
Indonesia,Asia,1975,IDN,131843799,2386,55.9984,19.33336957,19.3073681,NA,19.165697,NA,0.217
Indonesia,Asia,1976,IDN,135173615,2536,56.445,19.44288802,19.37608631,NA,19.828653,NA,0.217
Indonesia,Asia,1977,IDN,138533490,2670,57.0899,19.55391664,19.44572829,NA,11.05209,NA,0.198
Indonesia,Asia,1978,IDN,141953114,2727,57.6068,19.66574096,19.5162234,NA,8.112582,NA,0.193
Indonesia,Asia,1979,IDN,145434786,2810,58.1798,19.77803951,19.58687434,NA,16.232765,NA,0.193
Indonesia,Asia,1980,IDN,148950491,2981,58.7009,19.89006037,19.65794251,NA,18.03543,NA,0.192
Indonesia,Asia,1981,IDN,152484982,3119,59.0961,20.00482451,19.73025372,NA,12.265908,NA,0.192
Indonesia,Asia,1982,IDN,156052104,2941,59.6997,20.12148265,19.80343741,NA,9.445424,NA,0.191
Indonesia,Asia,1983,IDN,159651335,2994,60.3428,20.23921052,19.8774385,NA,11.799741,NA,0.19
Indonesia,Asia,1984,IDN,163251072,3134,60.8914,20.35726299,19.95133899,NA,10.455035,NA,0.19
Indonesia,Asia,1985,IDN,166776143,3143,61.3867,20.47500168,20.02385248,NA,4.724536,15.67,0.19
Indonesia,Asia,1986,IDN,170175010,3269,61.7355,20.59317184,20.09551737,NA,5.822667,20.900002,0.19
Indonesia,Asia,1987,IDN,173511105,3370,62.0868,20.71130039,20.16603819,NA,9.278656,18.14,0.191
Indonesia,Asia,1988,IDN,176855016,3500,62.3861,20.82865548,20.23568695,NA,8.045367,16.1,0.191
Indonesia,Asia,1989,IDN,180201584,3747,62.8827,20.94495802,20.30405574,NA,6.4155397,15.59,0.191
Indonesia,Asia,1990,IDN,183501051,4007,63.2486,21.05995629,20.37185547,NA,7.8191915,15.0199995,0.192
Indonesia,Asia,1991,IDN,186778184,4310.778,63.7031,21.17493629,20.44108902,2.617,9.419058,15.800001,0.195
Indonesia,Asia,1992,IDN,190043693,4536.4097,64.1821,21.29007476,20.51202446,2.734,7.523517,17.97,0.194
Indonesia,Asia,1993,IDN,193305126,4837.1313,64.8509,21.40468892,20.58426118,2.782,9.671893,19.25,0.193
Indonesia,Asia,1994,IDN,196591779,5140.025,65.0413,21.51801876,20.65810912,4.366,8.532005,19.18,0.193
Indonesia,Asia,1995,IDN,199888001,5494.904,65.2633,21.6310354,20.73328681,4.611,9.420323,18.56,0.193
Indonesia,Asia,1996,IDN,203204307,5851.2954,65.4648,21.74331171,20.81028647,4.861,7.973281,20.6,0.193
Indonesia,Asia,1997,IDN,206536049,6055.8486,65.7737,21.85518998,20.8886591,4.684,6.2261415,16.539999,0.201
Indonesia,Asia,1998,IDN,209826738,5203.5796,65.9416,21.96672913,20.9683966,5.459,58.451046,14.839999,0.283
Indonesia,Asia,1999,IDN,213004610,5186.7134,66.0015,22.07791478,21.05006663,6.358,20.47783,13.73,0.558
Indonesia,Asia,2000,IDN,216077748,5384.3867,66.2919,22.18824018,21.13279246,6.078,3.6886191,13.7,0.671
Indonesia,Asia,2001,IDN,219097854,5526.1475,66.5826,22.29513084,21.21588606,6.082,11.500114,14.79,0.671
Indonesia,Asia,2002,IDN,222088455,5720.2817,66.9535,22.39984631,21.30030564,6.604,11.900118,14.32,0.671
Indonesia,Asia,2003,IDN,225047958,5938.878,67.134,22.50244291,21.38584026,6.658,6.757317,13.869999,0.671
Indonesia,Asia,2004,IDN,227926604,6180.91,65.5208,22.60434292,21.47220725,7.303,6.0640597,15.33,0.696
Indonesia,Asia,2005,IDN,230871600,6482.012,67.5308,22.7060176,21.56015326,7.945,10.453198,15.91,0.707
Indonesia,Asia,2006,IDN,233951608,6782.6245,67.6636,22.80823623,21.64872161,7.551,13.108672,16.73,0.707
Indonesia,Asia,2007,IDN,237062283,7157.313,67.9141,22.91174691,21.73762073,8.06,6.406563,15.9,0.709
Indonesia,Asia,2008,IDN,240157845,7633.166,68.0846,23.0170071,21.82673991,7.209,10.226665,18.63,0.711
Indonesia,Asia,2009,IDN,243219975,7935.844,68.2674,23.12436243,21.91676878,6.106,4.3864155,20.74,0.69
Indonesia,Asia,2010,IDN,246305285,8386.434,68.3642,23.23342986,22.00793114,5.614,5.134204,16.47,0.688
Indonesia,Asia,2011,IDN,249469983,8849,68.629,23.34412592,22.10146496,5.153,5.3560476,17.26,0.688
Indonesia,Asia,2012,IDN,252698471,9272.009,68.8617,23.45644679,22.19664936,4.468,4.2795,17.24,0.689
Indonesia,Asia,2013,IDN,255852410,9676.147,69.0635,23.56914564,22.29278068,4.336,6.4125133,16.89,0.678
Indonesia,Asia,2014,IDN,258877350,10050.717,69.292,23.68195502,22.39012316,4.049,6.3949256,16.9,0.665
Indonesia,Asia,2015,IDN,261799196,10432.305,69.5196,23.79377596,22.48871007,4.514,6.363121,17.18,0.654
Indonesia,Asia,2016,IDN,264627382,10849.67,69.7333,23.90401041,22.58718339,4.301,3.5258052,15.97,0.645
Indonesia,Asia,2017,IDN,267346608,11292.259,69.9533,NA,NA,3.783,3.808798,16.58,0.628
Indonesia,Asia,2018,IDN,269951801,11768.468,70.0797,NA,NA,4.387,3.1983464,NA,0.603
Indonesia,Asia,2019,IDN,272489333,12250.278,70.3491,NA,NA,3.59,3.0305867,NA,0.602
Indonesia,Asia,2020,IDN,274814825,11895.075,68.8173,NA,NA,4.255,1.920968,NA,0.574
Indonesia,Asia,2021,IDN,276758010,12233.969,67.4516,NA,NA,3.827,1.5601299,NA,0.551
Indonesia,Asia,2022,IDN,278830479,12801.671,70.9246,NA,NA,3.462,4.2094636,18.6,0.557
Indonesia,Asia,2023,IDN,281190021,NA,71.1457,NA,NA,3.417,3.6701314,17.78,0.538
Iran,Asia,1952,IRN,17344387,2597,39.1504,NA,NA,NA,NA,NA,0.206
Iran,Asia,1953,IRN,17778059,2531,39.5111,NA,NA,NA,NA,NA,0.118
Iran,Asia,1954,IRN,18226156,2464,39.9956,NA,NA,NA,NA,NA,0.058
Iran,Asia,1955,IRN,18700756,2397,40.6234,NA,NA,NA,NA,NA,0.102
Iran,Asia,1956,IRN,19204339,2541,41.0547,NA,NA,NA,NA,NA,0.058
Iran,Asia,1957,IRN,19726796,2817,41.309,NA,NA,NA,NA,NA,0.059
Iran,Asia,1958,IRN,20266448,3057,42.1962,NA,NA,NA,NA,NA,0.059
Iran,Asia,1959,IRN,20846726,3226,42.7614,NA,NA,NA,NA,NA,0.059
Iran,Asia,1960,IRN,21470388,3437,43.2965,NA,NA,NA,9.822411,NA,0.061
Iran,Asia,1961,IRN,22125678,3622,43.9003,NA,NA,NA,3.1625643,NA,0.061
Iran,Asia,1962,IRN,22807854,3586,43.7687,NA,NA,NA,0.72132057,NA,0.06
Iran,Asia,1963,IRN,23518959,3867,45.1051,NA,NA,NA,0.3718496,NA,0.061
Iran,Asia,1964,IRN,24262815,4026,45.7351,NA,NA,NA,3.8144896,NA,0.111
Iran,Asia,1965,IRN,25036937,4388,46.3723,NA,NA,NA,2.1543748,NA,0.112
Iran,Asia,1966,IRN,25829222,4686,47.0725,NA,NA,NA,-0.38814855,NA,0.112
Iran,Asia,1967,IRN,26628375,5062,47.8033,NA,NA,NA,1.5976101,NA,0.113
Iran,Asia,1968,IRN,27437345,5659,47.9464,NA,NA,NA,0.69036055,NA,0.114
Iran,Asia,1969,IRN,28273431,6212,49.3819,NA,NA,NA,3.5931945,NA,0.114
Iran,Asia,1970,IRN,29145048,6677,50.2223,NA,NA,NA,1.666871,NA,0.115
Iran,Asia,1971,IRN,30029031,7296,51.1197,NA,NA,NA,4.195298,NA,0.115
Iran,Asia,1972,IRN,30921123,8247,51.7293,NA,NA,NA,6.3982415,NA,0.114
Iran,Asia,1973,IRN,31839781,8706,52.9438,NA,NA,NA,9.819487,NA,0.114
Iran,Asia,1974,IRN,32796408,9210,53.862,NA,NA,NA,14.248936,NA,0.114
Iran,Asia,1975,IRN,33802933,9377,54.8194,23.25001534,21.8212568,NA,12.879182,NA,0.109
Iran,Asia,1976,IRN,34837244,10665,55.771,23.38551336,21.93250425,NA,11.256143,NA,0.108
Iran,Asia,1977,IRN,35933132,10205,56.6598,23.5187799,22.04326635,NA,27.287785,NA,0.108
Iran,Asia,1978,IRN,37126481,8710,56.0416,23.64959438,22.15301928,NA,11.72197,NA,0.111
Iran,Asia,1979,IRN,38424915,7678,58.4528,23.77804761,22.2624475,NA,10.487237,NA,0.161
Iran,Asia,1980,IRN,39842276,6334,58.3689,23.90419904,22.37144009,NA,20.643915,NA,0.168
Iran,Asia,1981,IRN,41989269,5887,56.6253,24.02758838,22.47911101,NA,24.20359,NA,0.123
Iran,Asia,1982,IRN,44272088,6535,57.6331,24.1488344,22.58563583,NA,18.689726,NA,0.107
Iran,Asia,1983,IRN,46029491,7108,58.5184,24.26822423,22.69107952,NA,19.740189,NA,0.105
Iran,Asia,1984,IRN,47793951,6951,60.875,24.38559131,22.79566341,NA,12.540219,NA,0.108
Iran,Asia,1985,IRN,49582240,6853,61.5366,24.50143823,22.89973793,NA,4.389341,NA,0.109
Iran,Asia,1986,IRN,51445995,5984,62.1363,24.61431729,23.00219366,NA,18.429003,23.54,0.111
Iran,Asia,1987,IRN,53323438,5713,62.6848,24.72415302,23.10380806,NA,28.571428,NA,0.172
Iran,Asia,1988,IRN,55072645,5249,63.2552,24.83186902,23.20450893,NA,28.670635,NA,0.178
Iran,Asia,1989,IRN,56704871,5303,65.3138,24.93738337,23.30405503,NA,22.349653,NA,0.169
Iran,Asia,1990,IRN,58380046,5620,64.0656,25.04085383,23.40310407,NA,7.627675,19.63,0.16
Iran,Asia,1991,IRN,59986887,6380.55,66.2325,25.1439774,23.50319321,11.1,17.128569,NA,0.161
Iran,Asia,1992,IRN,61184930,7036.315,66.6528,25.24666845,23.60381436,10.659,25.807722,NA,0.16
Iran,Asia,1993,IRN,61403494,6914.7666,67.0373,25.34909525,23.70496228,10.574,21.202631,NA,0.163
Iran,Asia,1994,IRN,61520555,6884.706,67.4901,25.45185579,23.80548169,10.449,31.44703,20.45,0.165
Iran,Asia,1995,IRN,62205523,7093.735,67.9036,25.55535656,23.90515565,9.895,49.655987,NA,0.168
Iran,Asia,1996,IRN,62881242,7746.409,68.328,25.65989971,24.00324565,9.1,28.937344,NA,0.175
Iran,Asia,1997,IRN,63639588,8113.724,68.649,25.76475076,24.09894844,9.69,17.349226,NA,0.222
Iran,Asia,1998,IRN,64519819,8458.387,69.2136,25.86975238,24.1927587,10.367,17.866135,20.039999,0.233
Iran,Asia,1999,IRN,65445344,8714.627,69.6858,25.97425474,24.28364145,11.176,20.070707,NA,0.236
Iran,Asia,2000,IRN,66418621,9104.763,70.1665,26.07647566,24.36974789,11.699,14.476751,NA,0.237
Iran,Asia,2001,IRN,67451952,9620.627,70.6188,26.17575757,24.45145148,12.356,11.274247,NA,0.234
Iran,Asia,2002,IRN,68011265,10467.371,71.1118,26.27115483,24.52929207,12.8,14.335934,NA,0.232
Iran,Asia,2003,IRN,68769299,11502.853,70.4642,26.36139434,24.60384077,11.528,16.468012,NA,0.232
Iran,Asia,2004,IRN,70256267,12404.323,72.0401,26.44662074,24.67508932,10.3,14.761509,NA,0.208
Iran,Asia,2005,IRN,71828417,13110.143,72.4463,26.52622966,24.7427538,11.813,13.433118,18.83,0.178
Iran,Asia,2006,IRN,73392696,14185.753,72.8953,26.60074901,24.80692643,11.519,10.015899,19.26,0.174
Iran,Asia,2007,IRN,74602596,15467.107,73.2992,26.67222929,24.86974929,10.772,17.34104,NA,0.174
Iran,Asia,2008,IRN,75514155,15739.983,73.6835,26.74312405,24.93351657,10.63,25.41051,NA,0.168
Iran,Asia,2009,IRN,76457779,16575.07,74.0412,26.81257342,24.99729453,12.113,13.551555,15.889999,0.159
Iran,Asia,2010,IRN,77420793,17751.33,74.3896,26.87967118,25.05943837,13.679,10.089363,17.83,0.145
Iran,Asia,2011,IRN,78383547,18024,74.7207,26.94489846,25.11946783,12.491,26.293386,NA,0.146
Iran,Asia,2012,IRN,79370525,17556.533,75.039,27.00925328,25.17698606,12.275,27.256813,NA,0.159
Iran,Asia,2013,IRN,80414625,16842.896,75.3486,27.07324419,25.23277537,10.595,36.603035,NA,0.175
Iran,Asia,2014,IRN,81501999,17449.938,75.6352,27.13714529,25.28746469,10.68,16.606554,17.380001,0.185
Iran,Asia,2015,IRN,82619310,16922.88,75.9073,27.20079325,25.34127062,11.166,12.484681,17.28,0.188
Iran,Asia,2016,IRN,83812175,17738.059,76.1551,27.2634146,25.39401948,12.618,7.2454257,14.17,0.188
Iran,Asia,2017,IRN,85026715,18416.479,76.3963,NA,NA,12.232,8.044925,16.869999,0.187
Iran,Asia,2018,IRN,86117959,18154.533,76.6205,NA,NA,12.195,18.014118,NA,0.183
Iran,Asia,2019,IRN,87051599,17400.414,76.8549,NA,NA,10.74,39.907345,NA,0.182
Iran,Asia,2020,IRN,87723397,17296.264,74.1406,NA,NA,9.687,30.59414,NA,0.166
Iran,Asia,2021,IRN,88455443,18052.37,73.7521,NA,NA,9.282,43.389015,NA,0.158
Iran,Asia,2022,IRN,89524192,18473.066,76.7993,NA,NA,9.085,43.488464,17.62,0.151
Iran,Asia,2023,IRN,90608663,NA,77.6545,NA,NA,9.103,44.579185,17.94,0.154
Iraq,Asia,1952,IRQ,5912957,2482,40.5238,NA,NA,NA,NA,NA,0.145
Iraq,Asia,1953,IRQ,6064201,3394,42.0755,NA,NA,NA,NA,NA,0.177
Iraq,Asia,1954,IRQ,6219424,3926,43.5293,NA,NA,NA,NA,NA,0.178
Iraq,Asia,1955,IRQ,6366224,3663,44.98,NA,NA,NA,NA,NA,0.211
Iraq,Asia,1956,IRQ,6507454,3808,46.3691,NA,NA,NA,NA,NA,0.211
Iraq,Asia,1957,IRQ,6633324,3666,47.7307,NA,NA,NA,NA,NA,0.211
Iraq,Asia,1958,IRQ,6741625,3974,48.9844,NA,NA,NA,NA,NA,0.155
Iraq,Asia,1959,IRQ,6870338,4022,49.7195,NA,NA,NA,NA,NA,0.098
Iraq,Asia,1960,IRQ,7022010,4360,51.4616,NA,NA,NA,3.4782379,NA,0.099
Iraq,Asia,1961,IRQ,7194521,4720,52.3388,NA,NA,NA,0.9162604,NA,0.091
Iraq,Asia,1962,IRQ,7413825,4809,53.4819,NA,NA,NA,1.2923622,NA,0.092
Iraq,Asia,1963,IRQ,7667882,4578,54.3604,NA,NA,NA,3.9549575,NA,0.068
Iraq,Asia,1964,IRQ,7929517,4965,55.2447,NA,NA,NA,-0.09013652,NA,0.069
Iraq,Asia,1965,IRQ,8202095,5241,56.3872,NA,NA,NA,-0.45558086,NA,0.071
Iraq,Asia,1966,IRQ,8485056,5338,57.3211,NA,NA,NA,1.9832189,NA,0.077
Iraq,Asia,1967,IRQ,8778830,5043,58.4221,NA,NA,NA,3.2909498,NA,0.08
Iraq,Asia,1968,IRQ,9084959,5745,58.9694,NA,NA,NA,2.196476,NA,0.056
Iraq,Asia,1969,IRQ,9403309,5745,59.64,NA,NA,NA,5.7392535,NA,0.052
Iraq,Asia,1970,IRQ,9735562,5536,60.5323,NA,NA,NA,4.355595,NA,0.051
Iraq,Asia,1971,IRQ,10077775,5686,61.3334,NA,NA,NA,3.5958905,NA,0.051
Iraq,Asia,1972,IRQ,10430118,5297,61.8158,NA,NA,NA,5.1859503,NA,0.051
Iraq,Asia,1973,IRQ,10795816,5982,62.3443,NA,NA,NA,4.8909840000000004,NA,0.052
Iraq,Asia,1974,IRQ,11167722,6097,60.9951,NA,NA,NA,7.7,NA,0.053
Iraq,Asia,1975,IRQ,11543583,6878,61.4345,25.20761136,23.76701547,NA,9.517178,NA,0.052
Iraq,Asia,1976,IRQ,11927599,8007,63.5689,25.36343606,23.88387231,NA,12.82323,NA,0.052
Iraq,Asia,1977,IRQ,12331009,7957,63.8958,25.51499976,23.99865475,NA,9.167763,NA,0.05
Iraq,Asia,1978,IRQ,12753297,9075,64.1747,25.66240488,24.11178654,NA,4.611943,NA,0.05
Iraq,Asia,1979,IRQ,13170324,10769,64.4166,25.80625681,24.22355388,NA,NA,NA,0.046
Iraq,Asia,1980,IRQ,13591949,10165,60.9159,25.94709102,24.33443607,NA,NA,NA,0.047
Iraq,Asia,1981,IRQ,14006321,8035,58.6521,26.08318838,24.44331213,NA,NA,NA,0.082
Iraq,Asia,1982,IRQ,14406034,7704,58.9768,26.215549,24.550371,NA,NA,NA,0.082
Iraq,Asia,1983,IRQ,14840507,6805,59.2869,26.34535476,24.6561783,NA,NA,NA,0.082
Iraq,Asia,1984,IRQ,15310677,6593,59.5437,26.4725556,24.76100077,NA,NA,NA,0.081
Iraq,Asia,1985,IRQ,15683386,6268,59.7998,26.5977478,24.86543833,NA,NA,NA,0.08
Iraq,Asia,1986,IRQ,16074099,5992,60.0314,26.71677236,24.96658067,NA,NA,NA,0.08
Iraq,Asia,1987,IRQ,16521010,6052,60.2587,26.83044952,25.06539115,NA,NA,NA,0.08
Iraq,Asia,1988,IRQ,16908764,4635,56.6922,26.94005537,25.16206357,NA,NA,NA,0.081
Iraq,Asia,1989,IRQ,17364492,4098,57.501,27.04652198,25.25766123,NA,NA,NA,0.081
Iraq,Asia,1990,IRQ,17581160,3918,57.5872,27.15076134,25.35223954,NA,NA,NA,0.081
Iraq,Asia,1991,IRQ,17767202,1518.7421,61.3381,27.2503899,25.4440058,8.714,180.95238,NA,0.08
Iraq,Asia,1992,IRQ,18300802,2046.1809,65.3436,27.34633678,25.53453636,8.434,83.61582,NA,0.08
Iraq,Asia,1993,IRQ,19201146,2132.3823,65.3097,27.43978517,25.62397455,8.442,207.6923,NA,0.082
Iraq,Asia,1994,IRQ,20139770,2108.538,65.0269,27.53220874,25.71237711,8.298,448.5,NA,0.082
Iraq,Asia,1995,IRQ,20825809,1996.9279,64.7614,27.62540658,25.79969786,8.488,387.31085,NA,0.096
Iraq,Asia,1996,IRQ,21501270,2337.5227,64.6178,27.72082319,25.88707645,8.559,-16.117325,NA,0.146
Iraq,Asia,1997,IRQ,22176557,2337.948,64.2412,27.81824218,25.97439811,8.319,23.0632,NA,0.146
Iraq,Asia,1998,IRQ,22884342,2794.7864,64.4049,27.91804179,26.06288805,8.126,14.768774,NA,0.146
Iraq,Asia,1999,IRQ,23636478,3157.1125,64.5316,28.01911786,26.15170191,8.042,12.577763,NA,0.146
Iraq,Asia,2000,IRQ,24424011,3649.493,64.8603,28.12026822,26.23931397,8.095,4.978962,NA,0.146
Iraq,Asia,2001,IRQ,25197800,4147.6484,65.292,28.2227619,26.32726833,8.288,16.37408,NA,0.147
Iraq,Asia,2002,IRQ,26006512,4631.6523,65.724,28.32559077,26.41625936,8.636,19.316694,NA,0.147
Iraq,Asia,2003,IRQ,26802610,3782.4526,64.8339,28.42836321,26.5066913,8.965,33.61621,NA,0.183
Iraq,Asia,2004,IRQ,27577831,6061.5547,64.6342,28.53109673,26.59911216,8.736,26.961906,NA,0.214
Iraq,Asia,2005,IRQ,28407405,6441.41,64.8989,28.63315135,26.69322662,8.596,36.95948,NA,0.24
Iraq,Asia,2006,IRQ,28616456,7117.6133,64.0288,28.73598755,26.78946906,8.434,53.230965,NA,0.403
Iraq,Asia,2007,IRQ,28391556,7587.6055,64.4278,28.84209559,26.88965955,8.646,-10.0674925,23.91,0.433
Iraq,Asia,2008,IRQ,28970998,8587.265,66.465,28.95379823,26.99601659,8.467,12.662853,NA,0.431
Iraq,Asia,2009,IRQ,30058157,9268.709,67.8337,29.06974234,27.10750948,8.41,6.8736153,NA,0.431
Iraq,Asia,2010,IRQ,31045312,10274.33,68.0924,29.18835089,27.22237355,8.262,2.8777473,NA,0.421
Iraq,Asia,2011,IRQ,32161373,11484,68.4351,29.3091987,27.34053562,8.186,5.8014555,NA,0.415
Iraq,Asia,2012,IRQ,33654796,12521.541,68.8267,29.43254312,27.4607745,7.965,6.0890965,18.87,0.414
Iraq,Asia,2013,IRQ,35281935,12877.205,69.0469,29.55808931,27.58249141,9.208,1.879498,NA,0.415
Iraq,Asia,2014,IRQ,36550007,12559.504,69.679,29.68533514,27.70566567,10.59,2.235974,NA,0.402
Iraq,Asia,2015,IRQ,37560485,12574.508,69.9771,29.81370852,27.82863352,10.838,1.3933303,NA,0.392
Iraq,Asia,2016,IRQ,38469579,14173.763,68.6834,29.94273994,27.9517395,10.82,0.5565214,NA,0.393
Iraq,Asia,2017,IRQ,39337310,13403.638,69.7878,NA,NA,13.02,0.1840589,NA,0.371
Iraq,Asia,2018,IRQ,40265573,13724.742,71.1162,NA,NA,13.509,0.36744148,NA,0.402
Iraq,Asia,2019,IRQ,41192120,14203.617,71.2452,NA,NA,14.142,-0.19896539,NA,0.391
Iraq,Asia,2020,IRQ,42116556,11717.375,69.6506,NA,NA,15.776,0.57416266,NA,0.371
Iraq,Asia,2021,IRQ,43071162,12355.587,70.7036,NA,NA,16.173,6.041865,NA,0.371
Iraq,Asia,2022,IRQ,44070510,13071.94,72.0371,NA,NA,15.588,4.9947658,15.690001,0.372
Iraq,Asia,2023,IRQ,45074010,NA,72.3242,NA,NA,15.529,4.3583536,15.629999,0.356
Ireland,Europe,1952,IRL,2941414,5805,67.167,NA,NA,NA,NA,NA,0.783
Ireland,Europe,1953,IRL,2929038,5973,67.9102,NA,NA,NA,NA,NA,0.783
Ireland,Europe,1954,IRL,2915131,6048,68.0063,NA,NA,NA,NA,NA,0.786
Ireland,Europe,1955,IRL,2899481,6248,67.9959,NA,NA,NA,NA,NA,0.786
Ireland,Europe,1956,IRL,2883697,6212,68.9571,NA,NA,NA,NA,NA,0.786
Ireland,Europe,1957,IRL,2869044,6239,69.0017,NA,NA,NA,NA,NA,0.785
Ireland,Europe,1958,IRL,2853957,6169,69.2746,NA,NA,NA,NA,NA,0.785
Ireland,Europe,1959,IRL,2839170,6437,69.4236,NA,NA,NA,NA,NA,0.788
Ireland,Europe,1960,IRL,2827644,6825,70.1705,NA,NA,NA,0.45083728,NA,0.796
Ireland,Europe,1961,IRL,2824647,7186,69.639,NA,NA,NA,2.7569993,NA,0.8
Ireland,Europe,1962,IRL,2831442,7390,69.9476,NA,NA,NA,4.263727,NA,0.809
Ireland,Europe,1963,IRL,2842986,7685,70.1898,NA,NA,NA,2.4536207,NA,0.809
Ireland,Europe,1964,IRL,2857127,7948,70.447,NA,NA,NA,6.71729,NA,0.815
Ireland,Europe,1965,IRL,2873106,8051,70.6439,NA,NA,NA,4.9881234,NA,0.816
Ireland,Europe,1966,IRL,2888829,8097,70.1568,NA,NA,NA,3.0542986,NA,0.816
Ireland,Europe,1967,IRL,2905367,8531,71.2006,NA,NA,NA,3.183315,NA,0.815
Ireland,Europe,1968,IRL,2922735,9197,70.8842,NA,NA,NA,4.680851,NA,0.815
Ireland,Europe,1969,IRL,2940707,9706,70.7991,NA,NA,NA,7.4186993,NA,0.819
Ireland,Europe,1970,IRL,2961357,9881,70.8338,NA,NA,NA,8.2071905,NA,0.823
Ireland,Europe,1971,IRL,2993074,10128,71.6213,NA,NA,NA,8.961749,NA,0.823
Ireland,Europe,1972,IRL,3037098,10621,70.9549,NA,NA,NA,8.605818,NA,0.823
Ireland,Europe,1973,IRL,3084394,10946,71.1703,NA,NA,NA,11.41485,NA,0.823
Ireland,Europe,1974,IRL,3132129,11225,71.1123,NA,NA,NA,16.976128,NA,0.834
Ireland,Europe,1975,IRL,3180067,11662,71.6886,23.01938185,24.54588411,NA,20.87585,NA,0.834
Ireland,Europe,1976,IRL,3228357,11639,71.797,23.13070317,24.62358791,NA,17.985697,NA,0.834
Ireland,Europe,1977,IRL,3277709,12425,71.9398,23.24037342,24.7005857,NA,13.472256,NA,0.831
Ireland,Europe,1978,IRL,3329148,13150,71.9299,23.34927945,24.77779598,NA,7.711112,NA,0.828
Ireland,Europe,1979,IRL,3375759,13335,72.1786,23.45873661,24.85581642,NA,13.295469,NA,0.828
Ireland,Europe,1980,IRL,3415199,13614,72.5362,23.56988515,24.93595059,NA,18.154463,8.89,0.827
Ireland,Europe,1981,IRL,3448782,13893,72.8875,23.68209453,25.01776718,NA,20.37351,8.7300005,0.837
Ireland,Europe,1982,IRL,3475477,14061,73.1548,23.79598406,25.10096545,NA,17.147127,9,0.838
Ireland,Europe,1983,IRL,3497558,13931,73.1779,23.91119356,25.1860216,NA,10.447625,9.099999,0.836
Ireland,Europe,1984,IRL,3515912,14435,73.6216,24.02792963,25.27326546,NA,8.651111,8.77,0.836
Ireland,Europe,1985,IRL,3531226,14834,73.5605,24.14617957,25.36289787,NA,5.3954864,8.66,0.84
Ireland,Europe,1986,IRL,3541823,14768,73.6108,24.26520961,25.45426454,NA,3.8270416,8.58,0.84
Ireland,Europe,1987,IRL,3540333,15458,74.4069,24.38480109,25.54721392,NA,3.1594102,8.62,0.849
Ireland,Europe,1988,IRL,3525037,16313,74.4252,24.50553182,25.64217648,NA,2.13457,8.61,0.851
Ireland,Europe,1989,IRL,3511027,17343,74.4512,24.62744982,25.73918909,NA,4.089054,8.74,0.849
Ireland,Europe,1990,IRL,3513969,18838,74.8375,24.75065992,25.83878533,NA,3.317329,8.860001,0.857
Ireland,Europe,1991,IRL,3534214,19253.943,75.0268,24.87577413,25.94032857,15.771,3.2108104,9.39,0.871
Ireland,Europe,1992,IRL,3558372,20032.719,75.4231,25.00272216,26.04414362,15.021,3.0699985,9.63,0.872
Ireland,Europe,1993,IRL,3576075,20627.078,75.289,25.13029008,26.15024656,15.571,1.4694152,9.33,0.872
Ireland,Europe,1994,IRL,3590114,22004.814,75.7963,25.25821032,26.25745439,14.544,2.309202,9.64,0.872
Ireland,Europe,1995,IRL,3610640,24266.143,75.4743,25.38548196,26.3646806,11.97,2.5248644,9.95,0.873
Ireland,Europe,1996,IRL,3638460,26562.908,75.8263,25.51235845,26.47238804,11.692,1.7557447,9.51,0.878
Ireland,Europe,1997,IRL,3672240,29455.92,75.9765,25.6376055,26.58005141,10.192,1.541802,10.89,0.88
Ireland,Europe,1998,IRL,3711027,31908.648,76.1848,25.76009292,26.68758014,7.699,2.407681,11.82,0.882
Ireland,Europe,1999,IRL,3752895,35377.164,76.089,25.8790524,26.79486464,5.804,1.629886,11.91,0.882
Ireland,Europe,2000,IRL,3802536,38806.5,76.535,25.9935423,26.90113835,4.318,5.577633,12.620001,0.886
Ireland,Europe,2001,IRL,3862927,40966.332,77.1003,26.10274602,27.00649807,3.684,4.8528028,11.83,0.886
Ireland,Europe,2002,IRL,3928386,43012.816,77.5903,26.20653183,27.10952969,4.216,4.6282053,12.04,0.887
Ireland,Europe,2003,IRL,3992878,44372.758,78.1003,26.30399667,27.20960809,4.478,3.4922192,12.4,0.887
Ireland,Europe,2004,IRL,4066012,47028.863,78.5027,26.39553012,27.30633593,4.491,2.178546,12.23,0.887
Ireland,Europe,2005,IRL,4155232,49223.383,78.9093,26.48175412,27.39844113,4.343,2.456547,13.31,0.887
Ireland,Europe,2006,IRL,4268715,51296.195,79.1504,26.56278417,27.48601989,4.415,3.9357612,13.4800005,0.887
Ireland,Europe,2007,IRL,4393467,52322.23,79.5631,26.64002691,27.56854226,4.98,4.8857455,11.95,0.896
Ireland,Europe,2008,IRL,4485943,49583.14,79.7877,26.71345068,27.64569831,6.774,4.0356884,10.19,0.901
Ireland,Europe,2009,IRL,4533698,47375.734,80.0954,26.78365492,27.71726892,12.609,-4.447547,9.95,0.901
Ireland,Europe,2010,IRL,4559044,48623.81,80.5992,26.84986329,27.78195935,14.534,-0.91838866,9.889999,0.901
Ireland,Europe,2011,IRL,4579557,48980,80.7272,26.91199955,27.84052478,15.354,2.5489783,9.95,0.897
Ireland,Europe,2012,IRL,4600088,47360.09,80.8524,26.97156604,27.89390187,15.451,1.6947411,9.38,0.898
Ireland,Europe,2013,IRL,4624629,48181.234,81.065,27.03007658,27.94465213,13.735,0.51509947,10.1,0.896
Ireland,Europe,2014,IRL,4658186,50732.348,81.4063,27.08821954,27.99437537,11.858,0.19091640000000001,10.849999,0.896
Ireland,Europe,2015,IRL,4702444,53196.598,81.5326,27.14590911,28.04430241,9.908,-0.3309598,11.9800005,0.896
Ireland,Europe,2016,IRL,4753463,53686.844,81.6836,27.20344034,28.09450077,8.374,0.020124774,12,0.89
Ireland,Europe,2017,IRL,4810214,55465.652,82.1032,NA,NA,6.713,0.36217305,11.69,0.889
Ireland,Europe,2018,IRL,4872503,58083.45,82.1232,NA,NA,5.741,0.4711307,12.2,0.893
Ireland,Europe,2019,IRL,4933445,59733.91,82.4108,NA,NA,4.95,0.93784297,NA,0.892
Ireland,Europe,2020,IRL,4982560,55134.855,82.3897,NA,NA,5.623,-0.32618365,NA,0.893
Ireland,Europe,2021,IRL,5028387,57278.42,81.8608,NA,NA,6.194,2.340341,NA,0.901
Ireland,Europe,2022,IRL,5109966,60257.082,82.0505,NA,NA,4.479,7.8294573,14.219999,0.89
Ireland,Europe,2023,IRL,5196586,NA,82.4118,NA,NA,4.34,6.2994246,13.860001,0.895
Israel,Asia,1952,ISR,1414178,4828,67.2194,NA,NA,NA,NA,NA,0.602
Israel,Asia,1953,ISR,1476281,4638,66.4153,NA,NA,NA,NA,NA,0.594
Israel,Asia,1954,ISR,1537993,5378,66.2502,NA,NA,NA,NA,NA,0.603
Israel,Asia,1955,ISR,1599443,5899,68.0026,NA,NA,NA,NA,NA,0.607
Israel,Asia,1956,ISR,1660596,6153,66.5921,NA,NA,NA,NA,NA,0.607
Israel,Asia,1957,ISR,1720489,6363,66.4948,NA,NA,NA,NA,NA,0.617
Israel,Asia,1958,ISR,1778955,6550,68.3862,NA,NA,NA,NA,NA,0.617
Israel,Asia,1959,ISR,1836305,7175,68.9186,NA,NA,NA,NA,NA,0.606
Israel,Asia,1960,ISR,1891895,7433,69.7535,NA,NA,NA,2.2281125,NA,0.639
Israel,Asia,1961,ISR,1956850,7964,69.8062,NA,NA,NA,6.7898235,NA,0.647
Israel,Asia,1962,ISR,2040910,8396,69.3285,NA,NA,NA,9.408195,NA,0.647
Israel,Asia,1963,ISR,2135004,8915,69.6206,NA,NA,NA,6.581137,NA,0.647
Israel,Asia,1964,ISR,2231806,9430,69.6079,NA,NA,NA,5.1727505,NA,0.647
Israel,Asia,1965,ISR,2331402,9997,70.5022,NA,NA,NA,7.7083335,NA,0.638
Israel,Asia,1966,ISR,2433778,9867,70.9411,NA,NA,NA,7.9303675,NA,0.653
Israel,Asia,1967,ISR,2538603,9918,70.8964,NA,NA,NA,1.7060932,NA,0.662
Israel,Asia,1968,ISR,2645424,11210,70.7503,NA,NA,NA,2.079222,NA,0.665
Israel,Asia,1969,ISR,2754106,12310,71.0274,NA,NA,NA,2.4580543,NA,0.671
Israel,Asia,1970,ISR,2864719,12913,71.1575,NA,NA,NA,6.110742,NA,0.686
Israel,Asia,1971,ISR,2977255,13885,71.8316,NA,NA,NA,11.9725685,NA,0.686
Israel,Asia,1972,ISR,3079364,15108,71.6228,NA,NA,NA,12.881471,NA,0.696
Israel,Asia,1973,ISR,3162996,15374,71.6116,NA,NA,NA,20.032377,NA,0.696
Israel,Asia,1974,ISR,3239946,15980,71.5618,NA,NA,NA,39.67997,NA,0.754
Israel,Asia,1975,ISR,3318048,16176,71.597,24.61345819,24.29943091,NA,39.306732,NA,0.754
Israel,Asia,1976,ISR,3398215,16053,72.6728,24.6845178,24.36516172,NA,31.310865,NA,0.754
Israel,Asia,1977,ISR,3479564,15721,72.6925,24.75339094,24.43007875,NA,34.616714,NA,0.758
Israel,Asia,1978,ISR,3560355,16139,73.0585,24.82031728,24.4946206,NA,50.550926,NA,0.766
Israel,Asia,1979,ISR,3640828,16761,73.3862,24.88661266,24.55964986,NA,78.310036,18.199999,0.766
Israel,Asia,1980,ISR,3721619,17508,73.6825,24.95291728,24.62499489,NA,131.025,NA,0.766
Israel,Asia,1981,ISR,3802185,18103,74.1946,25.01843644,24.69036222,NA,116.80003,NA,0.766
Israel,Asia,1982,ISR,3883585,18155,74.334,25.08322595,24.75576262,NA,120.36435,NA,0.766
Israel,Asia,1983,ISR,3959591,18468,75.0854,25.14797477,24.82130231,NA,145.95154,NA,0.766
Israel,Asia,1984,ISR,4033688,18305,75.5015,25.21274675,24.88766404,NA,373.21567,NA,0.76
Israel,Asia,1985,ISR,4105306,18605,75.9685,25.27789884,24.95444044,NA,309.9317,NA,0.753
Israel,Asia,1986,ISR,4168914,19160,75.9098,25.3428877,25.02124283,NA,47.88851,17.25,0.763
Israel,Asia,1987,ISR,4236819,20196,76.3764,25.40796919,25.08837054,NA,19.074814,NA,0.768
Israel,Asia,1988,ISR,4307287,20256,76.891,25.47416495,25.15730267,NA,16.402878,NA,0.76
Israel,Asia,1989,ISR,4381463,20091,77.6378,25.5417584,25.22870204,NA,20.354347,NA,0.763
Israel,Asia,1990,ISR,4544949,20829,78.0385,25.61096868,25.3024643,NA,17.185896,NA,0.763
Israel,Asia,1991,ISR,4779837,20912.941,77.5834,25.68183435,25.37857718,13.387,19.135262,NA,0.766
Israel,Asia,1992,ISR,4957184,21531.596,77.2727,25.75454421,25.45831973,14.08,12.015694,18.44,0.765
Israel,Asia,1993,ISR,5085987,21484.979,77.8618,25.82885856,25.54212108,12.741,10.923818,NA,0.767
Israel,Asia,1994,ISR,5216641,22128.805,78.0448,25.90454173,25.6299129,9.934,12.275508,NA,0.774
Israel,Asia,1995,ISR,5354680,23378.16,78.0516,25.98192414,25.72257374,8.782,9.931447,NA,0.774
Israel,Asia,1996,ISR,5499504,23979.996,78.5705,26.06031782,25.81957338,8.455,11.416694,NA,0.775
Israel,Asia,1997,ISR,5646431,24226.73,78.5522,26.13847074,25.91943246,9.751,8.969575,18.61,0.776
Israel,Asia,1998,ISR,5790094,24506.16,78.5881,26.21581378,26.02239407,10.749,5.4919004,NA,0.776
Israel,Asia,1999,ISR,5946022,24644.205,78.8907,26.29124041,26.12795879,11.183,5.1810236,NA,0.774
Israel,Asia,2000,ISR,6111143,26058.84,79.1797,26.36475377,26.2357679,11.102,1.0326409,NA,0.772
Israel,Asia,2001,ISR,6259933,25427.32,79.4787,26.43549553,26.34678521,11.812,1.1513158,19.17,0.762
Israel,Asia,2002,ISR,6387661,24823.553,79.5137,26.50342576,26.46008099,12.888,5.772358,NA,0.764
Israel,Asia,2003,ISR,6502766,24545.244,79.8194,26.56846262,26.57476864,13.505,0.7027561,NA,0.76
Israel,Asia,2004,ISR,6615035,25210.879,80.3052,26.63029205,26.68929115,13.029,-0.38163778,NA,0.76
Israel,Asia,2005,ISR,6728156,25686.406,80.3935,26.68879352,26.80212117,11.342,1.3134851,NA,0.76
Israel,Asia,2006,ISR,6843981,26571.256,80.7857,26.74396861,26.91270954,10.707,2.0635264,19.56,0.763
Israel,Asia,2007,ISR,6962406,27624.883,80.9532,26.79605032,27.0200458,9.379,0.45517096,20.95,0.761
Israel,Asia,2008,ISR,7082571,27857.62,81.2828,26.84477148,27.12293168,7.704,4.5521603,19.64,0.761
Israel,Asia,2009,ISR,7206047,27644.697,81.8183,26.88973863,27.22033358,9.534,3.3561783,20.23,0.757
Israel,Asia,2010,ISR,7336682,28575.531,81.9742,26.92975679,27.31253331,8.48,2.69137,20.22,0.749
Israel,Asia,2011,ISR,7470971,29370,81.9892,26.96620457,27.40041712,7.139,3.484949,19.99,0.749
Israel,Asia,2012,ISR,7607737,29580.836,81.9849,26.99970497,27.48573318,6.762,1.6792072,19.08,0.754
Israel,Asia,2013,ISR,7749319,30316.602,82.354,27.03193881,27.57007392,6.137,1.5702554,18.4,0.744
Israel,Asia,2014,ISR,7897132,30906.148,82.3608,27.06299819,27.65513508,5.789,0.47978675,17.48,0.744
Israel,Asia,2015,ISR,8052858,31050.408,82.2538,27.09389731,27.74111499,5.176,-0.601291,17.62,0.736
Israel,Asia,2016,ISR,8209957,31822.875,82.6123,27.12482237,27.82790048,4.723,-0.55155236,16.97,0.731
Israel,Asia,2017,ISR,8361744,32549.818,82.6993,NA,NA,4.14,0.25941497,NA,0.718
Israel,Asia,2018,ISR,8510026,33227.125,82.9184,NA,NA,3.917,0.79407567,NA,0.713
Israel,Asia,2019,ISR,8657420,33951.89,82.9048,NA,NA,3.731,0.8497831,NA,0.714
Israel,Asia,2020,ISR,8800323,32730.943,82.699700000000007,NA,NA,4.169,-0.61441237,NA,0.728
Israel,Asia,2021,ISR,8942868,34969.016,82.5169,NA,NA,4.812,1.5102005,NA,0.738
Israel,Asia,2022,ISR,9103094,36648.918,82.8145,NA,NA,3.695,4.3935966,16.72,0.728
Israel,Asia,2023,ISR,9256261,NA,82.408,NA,NA,3.389,4.2253523,16.63,0.72
Italy,Europe,1952,ITA,47018129,6371,65.914,NA,NA,NA,NA,NA,0.671
Italy,Europe,1953,ITA,47410844,6790,66.5789,NA,NA,NA,NA,NA,0.681
Italy,Europe,1954,ITA,47832178,7092,67.8593,NA,NA,NA,NA,NA,0.688
Italy,Europe,1955,ITA,48130772,7453,68.2514,NA,NA,NA,NA,NA,0.688
Italy,Europe,1956,ITA,48401891,7745,67.6395,NA,NA,NA,NA,NA,0.706
Italy,Europe,1957,ITA,48656966,8158,67.7777,NA,NA,NA,NA,NA,0.706
Italy,Europe,1958,ITA,48927047,8544,68.8543,NA,NA,NA,NA,NA,0.71
Italy,Europe,1959,ITA,49219400,9011,69.3067,NA,NA,NA,NA,NA,0.713
Italy,Europe,1960,ITA,49514502,9430,69.2074,NA,NA,NA,2.3501613,NA,0.729
Italy,Europe,1961,ITA,49815198,10158,69.8205,NA,NA,NA,2.0506973,NA,0.73
Italy,Europe,1962,ITA,50170537,10882,69.2196,NA,NA,NA,4.6911435,NA,0.73
Italy,Europe,1963,ITA,50570926,11576,69.3165,NA,NA,NA,7.454718,NA,0.728
Italy,Europe,1964,ITA,51019525,11934,70.3842,NA,NA,NA,5.9123225,NA,0.728
Italy,Europe,1965,ITA,51480674,12111,70.2601,NA,NA,NA,4.5192685,NA,0.728
Italy,Europe,1966,ITA,51919027,12659,70.9989,NA,NA,NA,2.3465889,NA,0.728
Italy,Europe,1967,ITA,52338283,13476,71.0343,NA,NA,NA,3.7333384,NA,0.728
Italy,Europe,1968,ITA,52712106,14513,70.8687,NA,NA,NA,1.2773134,NA,0.73
Italy,Europe,1969,ITA,53060092,15248,70.8639,NA,NA,NA,2.6572528,NA,0.741
Italy,Europe,1970,ITA,53390178,15492,71.6296,NA,NA,NA,4.96832,NA,0.752
Italy,Europe,1971,ITA,53707748,15683,71.8827,NA,NA,NA,4.7916646,NA,0.75
Italy,Europe,1972,ITA,54067504,16035,72.1451,NA,NA,NA,5.749504,NA,0.752
Italy,Europe,1973,ITA,54450519,16950,72.1053,NA,NA,NA,10.798617,NA,0.749
Italy,Europe,1974,ITA,54821066,17607,72.8037,NA,NA,NA,19.15977,NA,0.749
Italy,Europe,1975,ITA,55166000,17123,72.7281,24.55413614,24.47078426,NA,16.950502,NA,0.755
Italy,Europe,1976,ITA,55459368,18147,73.0698,24.56514558,24.52964947,NA,16.614166,NA,0.764
Italy,Europe,1977,ITA,55714492,18599,73.4398,24.57397569,24.58751236,NA,17.130049,NA,0.766
Italy,Europe,1978,ITA,55938928,19230,73.7759,24.58131995,24.64511044,NA,12.094014,NA,0.766
Italy,Europe,1979,ITA,56132323,20275,74.106,24.58827935,24.7030655,NA,14.7985735,NA,0.767
Italy,Europe,1980,ITA,56412044,20959,74.0518,24.59584925,24.76122544,NA,21.064169,NA,0.798
Italy,Europe,1981,ITA,56646707,21041,74.4385,24.60267877,24.81893066,NA,17.9693,5.73,0.809
Italy,Europe,1982,ITA,56719130,21123,74.9126,24.6089275,24.87628754,NA,16.480415,5.6400003,0.809
Italy,Europe,1983,ITA,56766060,21345,74.7351,24.61522073,24.93323965,NA,14.646577,5.59,0.81
Italy,Europe,1984,ITA,56810307,21868,75.4991,24.62145922,24.99001717,NA,10.794496,5.7999997,0.825
Italy,Europe,1985,ITA,56855442,22469,75.6068,24.62773419,25.04700423,NA,9.205992,6.17,0.825
Italy,Europe,1986,ITA,56875927,23106,75.9188,24.63434431,25.10389968,NA,5.823547,6.95,0.825
Italy,Europe,1987,ITA,56891873,23824,76.3436,24.64167981,25.16105068,NA,4.747285,7.09,0.824
Italy,Europe,1988,ITA,56928699,24743,76.5324,24.6508074,25.22010906,NA,5.0582476,7.48,0.823
Italy,Europe,1989,ITA,56976698,25454,76.9269,24.66217936,25.28119631,NA,6.2598314,7.64,0.823
Italy,Europe,1990,ITA,57031408,26003,76.9936,24.67581391,25.34437097,NA,6.4566092,7.6,0.823
Italy,Europe,1991,ITA,57075339,26570.363,76.9898,24.69247505,25.41036595,10.097,6.2499995,7.66,0.828
Italy,Europe,1992,ITA,57124951,26960.611,77.3647,24.71255704,25.47977964,9.321,5.27059,7.66,0.836
Italy,Europe,1993,ITA,57170710,26902.398,77.6529,24.73566891,25.55296687,10.212,4.6267347,7.9400005,0.839
Italy,Europe,1994,ITA,57420092,27668.258,77.8725,24.761502019999998,25.62952151,11.086,4.051842,8.23,0.836
Italy,Europe,1995,ITA,57403300,28666.352,78.1253,24.79011462,25.70991392,11.661,5.2354226,8.81,0.834
Italy,Europe,1996,ITA,57162044,29231.275,78.4381,24.82143549,25.79354002,11.864,4.0069766,9.08,0.839
Italy,Europe,1997,ITA,57189220,29960.7,78.7346,24.85340732,25.8778452,11.985,2.0431077,9.179999,0.846
Italy,Europe,1998,ITA,57215139,30649.629,78.8068,24.88504242,25.96182032,12.117,1.9550856,9.62,0.846
Italy,Europe,1999,ITA,57240747,31340.48,79.205,24.91511532,26.04532529,11.681,1.6634599,9.36,0.846
Italy,Europe,2000,ITA,57272155,32716.98,79.607,24.94322858,26.12721843,10.834,2.5376854,9.929999,0.841
Italy,Europe,2001,ITA,57305705,33511.434,79.8849,24.96881146,26.20842772,9.599,2.7851653,10.53,0.834
Italy,Europe,2002,ITA,57420578,33780.055,80.112,24.99142223,26.28709016,9.211,2.4653232,9.969999,0.841
Italy,Europe,2003,ITA,57739646,33917.8,80.191,25.01043919,26.36282806,8.869,2.6725554,10.18,0.841
Italy,Europe,2004,ITA,58176688,34472.13,81.0175,25.025516,26.43355829,7.866,2.2067366,9.92,0.841
Italy,Europe,2005,ITA,58519638,34872.125,81.0201,25.03647608,26.49692152,7.731,1.985293,9.82,0.846
Italy,Europe,2006,ITA,58754384,35713.805,81.4137,25.04329557,26.55247751,6.777,2.090844,9.88,0.855
Italy,Europe,2007,ITA,59108674,36310.734,81.5002,25.04672495,26.59870306,6.076,1.8297411,9.64,0.866
Italy,Europe,2008,ITA,59561638,35942.938,81.6454,25.04520705,26.63442679,6.723,3.3478327,8.67,0.857
Italy,Europe,2009,ITA,59903965,34055.227,81.7619,25.03790389,26.65907754,7.749,0.7747681,8.97,0.854
Italy,Europe,2010,ITA,60164160,34765.938,82.1319,25.02360754,26.67294813,8.363,1.525516,9.47,0.856
Italy,Europe,2011,ITA,60367832,35151,82.2282,25.00323561,26.67785406,8.359,2.7806327,10.52,0.86
Italy,Europe,2012,ITA,60531480,34010.035,82.252,24.97805283,26.67577112,10.655,3.0413632,11.44,0.869
Italy,Europe,2013,ITA,60653828,33317.242,82.6522,24.95007696,26.67018428,12.149,1.2199935,11.02,0.864
Italy,Europe,2014,ITA,60664127,33310.703,82.9008,24.91999841,26.66303918,12.683,0.24104743,11.2300005,0.865
Italy,Europe,2015,ITA,60575274,33620.742,82.5211,24.88883559,26.65554418,11.896,0.0387904,NA,0.865
Italy,Europe,2016,ITA,60478047,34120.42,83.0459,24.85762136,26.64890335,11.688,-0.09401666,NA,0.872
Italy,Europe,2017,ITA,60390266,34754.77,82.7263,NA,NA,11.211,1.2265332,NA,0.87
Italy,Europe,2018,ITA,60277446,35149.824,83.1844,NA,NA,10.61,1.1374876,NA,0.869
Italy,Europe,2019,ITA,60130080,35407.242,83.3423,NA,NA,9.952,0.61124694,NA,0.86
Italy,Europe,2020,ITA,59912714,32385.326,82.1814,NA,NA,9.164,-0.13770758,NA,0.866
Italy,Europe,2021,ITA,59729300,34827.137,82.8652,NA,NA,9.497,1.8737832,NA,0.865
Italy,Europe,2022,ITA,59619058,36224.293,82.052,NA,NA,8.069,8.20129,12.52,0.848
Italy,Europe,2023,ITA,59499408,NA,83.7157,NA,NA,7.618,5.6221943,12.48,0.816
Jamaica,Americas,1952,JAM,1481294,2397,58.1103,NA,NA,NA,NA,NA,0.306
Jamaica,Americas,1953,JAM,1509698,2695,58.8746,NA,NA,NA,NA,NA,0.422
Jamaica,Americas,1954,JAM,1533409,2962,59.6356,NA,NA,NA,NA,NA,0.482
Jamaica,Americas,1955,JAM,1553664,3220,60.4032,NA,NA,NA,NA,NA,0.49
Jamaica,Americas,1956,JAM,1571927,3491,61.1634,NA,NA,NA,NA,NA,0.526
Jamaica,Americas,1957,JAM,1589632,3934,61.9476,NA,NA,NA,NA,NA,0.526
Jamaica,Americas,1958,JAM,1608231,3918,62.6479,NA,NA,NA,NA,NA,0.526
Jamaica,Americas,1959,JAM,1628191,4050,63.2483,NA,NA,NA,NA,NA,0.515
Jamaica,Americas,1960,JAM,1649962,4230,63.8275,NA,NA,NA,3.274249,NA,0.51
Jamaica,Americas,1961,JAM,1673219,4307,64.257,NA,NA,NA,6.6984506,NA,0.51
Jamaica,Americas,1962,JAM,1696886,4339,64.6193,NA,NA,NA,1.4075067000000001,NA,0.549
Jamaica,Americas,1963,JAM,1721051,4395,64.9986,NA,NA,NA,1.7625028,NA,0.553
Jamaica,Americas,1964,JAM,1745519,4629,65.3466,NA,NA,NA,2.0134227,NA,0.553
Jamaica,Americas,1965,JAM,1769157,4894,65.6633,NA,NA,NA,2.631579,NA,0.548
Jamaica,Americas,1966,JAM,1791435,4988,65.9279,NA,NA,NA,1.9023987,NA,0.548
Jamaica,Americas,1967,JAM,1812816,5066,66.0861,NA,NA,NA,3.023539,NA,0.524
Jamaica,Americas,1968,JAM,1833713,5235,66.3189,NA,NA,NA,5.928698,NA,0.519
Jamaica,Americas,1969,JAM,1855074,5547,66.5164,NA,NA,NA,6.3034587,NA,0.519
Jamaica,Americas,1970,JAM,1878138,6135,66.7307,NA,NA,NA,14.728004,NA,0.524
Jamaica,Americas,1971,JAM,1903690,6062,66.9966,NA,NA,NA,5.3361793,NA,0.524
Jamaica,Americas,1972,JAM,1931503,6150,67.304,NA,NA,NA,5.427703,NA,0.526
Jamaica,Americas,1973,JAM,1961182,6583,67.6072,NA,NA,NA,17.682592,NA,0.517
Jamaica,Americas,1974,JAM,1990845,6229,67.9133,NA,NA,NA,27.15819,NA,0.515
Jamaica,Americas,1975,JAM,2018930,6129,68.1681,23.36405381,21.67970758,NA,17.376146,NA,0.513
Jamaica,Americas,1976,JAM,2045537,5681,68.4121,23.52593273,21.76600402,NA,9.7936535,NA,0.514
Jamaica,Americas,1977,JAM,2070606,5501,68.5864,23.68628299,21.85128822,NA,11.191002,NA,0.479
Jamaica,Americas,1978,JAM,2094792,5482,68.7387,23.84532361,21.93569113,NA,34.899803,NA,0.47
Jamaica,Americas,1979,JAM,2119440,5318,68.8126,24.00265131,22.02012242,NA,29.07926,NA,0.478
Jamaica,Americas,1980,JAM,2145615,4975,68.9916,24.15912528,22.1041955,NA,27.308159,NA,0.503
Jamaica,Americas,1981,JAM,2173769,5040,69.1197,24.31344617,22.18714088,NA,12.739718,NA,0.478
Jamaica,Americas,1982,JAM,2203839,5019,69.2526,24.46583718,22.26947489,NA,6.545408,NA,0.478
Jamaica,Americas,1983,JAM,2234775,5117,69.5464,24.61650835,22.35105584,NA,11.582111,NA,0.481
Jamaica,Americas,1984,JAM,2264508,5059,69.8093,24.76567203,22.4323854,NA,27.81477,NA,0.534
Jamaica,Americas,1985,JAM,2290618,4814,70.1008,24.91427026,22.51393607,NA,25.673101,NA,0.537
Jamaica,Americas,1986,JAM,2312079,4884,70.4461,25.06092875,22.59427738,NA,15.105375,NA,0.537
Jamaica,Americas,1987,JAM,2329763,5254,70.8697,25.20620766,22.67445221,NA,6.652448,NA,0.537
Jamaica,Americas,1988,JAM,2345742,5397,71.1609,25.35065359,22.75512795,NA,8.266766,NA,0.537
Jamaica,Americas,1989,JAM,2361865,5748,71.5119,25.49539019,22.83633975,NA,14.329539,NA,0.56
Jamaica,Americas,1990,JAM,2379829,6035,71.7047,25.64116425,22.91878045,NA,21.960175,NA,0.577
Jamaica,Americas,1991,JAM,2400824,6116.5835,71.7867,25.78920942,23.00364308,6.281,51.0711,NA,0.577
Jamaica,Americas,1992,JAM,2424641,6292.029,71.8163,25.94001143,23.09172242,6.438,77.29659,NA,0.577
Jamaica,Americas,1993,JAM,2449859,6414.475,71.7577,26.09333734,23.18402901,6.284,22.06995,NA,0.62
Jamaica,Americas,1994,JAM,2475182,6517.052,71.6244,26.24908428,23.28151125,6.388,35.063393,NA,0.638
Jamaica,Americas,1995,JAM,2500101,6656.283,71.4881,26.40802225,23.38347342,6.378,19.908749,NA,0.641
Jamaica,Americas,1996,JAM,2524412,6648.933,71.3277,26.57019491,23.49044404,6.675,26.406656,NA,0.645
Jamaica,Americas,1997,JAM,2547798,6523.636,71.2161,26.7352642,23.60171546,6.758,9.657553,NA,0.651
Jamaica,Americas,1998,JAM,2569681,6432.653,71.1697,26.90361372,23.71711549,6.915,8.631896,NA,0.678
Jamaica,Americas,1999,JAM,2589747,6485.3228,71.1885,27.07481702,23.83666736,6.875,5.9542394,NA,0.678
Jamaica,Americas,2000,JAM,2607780,6531.2847,71.2814,27.24685306,23.95919286,6.807,8.171083,NA,0.683
Jamaica,Americas,2001,JAM,2624359,6615.193,71.2872,27.41799246,24.08366712,6.686,6.8019094,NA,0.683
Jamaica,Americas,2002,JAM,2640532,6660.763,71.478,27.58714018,24.2087951,6.654,7.07635,NA,0.706
Jamaica,Americas,2003,JAM,2656569,6908.667,71.5846,27.75432764,24.33491335,6.563,10.086957,NA,0.751
Jamaica,Americas,2004,JAM,2672182,7004.9844,71.542,27.91978,24.46142479,6.562,13.5545025,NA,0.751
Jamaica,Americas,2005,JAM,2687020,7073.7705,71.4929,28.08377436,24.58793024,6.596,15.052866,NA,0.756
Jamaica,Americas,2006,JAM,2700922,7286.967,71.3946,28.24671896,24.71452461,6.619,8.561064,NA,0.763
Jamaica,Americas,2007,JAM,2713761,7402.178,71.4046,28.40844243,24.84128241,6.614,9.244821,NA,0.767
Jamaica,Americas,2008,JAM,2725585,7353.107,71.5021,28.56989284,24.9679864,6.666,22.022839,NA,0.776
Jamaica,Americas,2009,JAM,2736953,7115.373,71.7174,28.73101443,25.09440627,7.314,9.592246,NA,0.776
Jamaica,Americas,2010,JAM,2748526,7025.93,71.9789,28.89236144,25.22092132,7.63,12.610552,NA,0.776
Jamaica,Americas,2011,JAM,2760444,7141,72.245,29.05450069,25.34798344,8.034,7.555856,NA,0.773
Jamaica,Americas,2012,JAM,2772387,7119.5054,72.4047,29.21660673,25.47439299,8.695,6.873977,NA,0.785
Jamaica,Americas,2013,JAM,2783639,7147.5337,72.4352,29.37921186,25.60028621,9.698,9.341501,NA,0.801
Jamaica,Americas,2014,JAM,2793708,7198.43,72.3572,29.54167343,25.72579557,9.046,8.274079,NA,0.801
Jamaica,Americas,2015,JAM,2802491,7268.231,72.2144,29.70386717,25.85155025,8.824,3.6915424,NA,0.801
Jamaica,Americas,2016,JAM,2809867,7381.3325,72.0522,29.86594518,25.97758141,8.634,2.351022,NA,0.809
Jamaica,Americas,2017,JAM,2815724,7433.147,71.8789,NA,NA,7.399,4.3783984,NA,0.815
Jamaica,Americas,2018,JAM,2820051,7569.063,71.6062,NA,NA,5.47,3.7366388,NA,0.811
Jamaica,Americas,2019,JAM,2823227,7641.0815,71.5316,NA,NA,4.987,3.9051,NA,0.814
Jamaica,Americas,2020,JAM,2830686,6880.4883,71.4519,NA,NA,6.501,5.226778,NA,0.814
Jamaica,Americas,2021,JAM,2837634,7193.1064,69.0846,NA,NA,5.188,5.8627825,NA,0.806
Jamaica,Americas,2022,JAM,2839098,7481.6685,71.4809,NA,NA,4.083,10.349568,17.87,0.803
Jamaica,Americas,2023,JAM,2839729,NA,71.4789,NA,NA,4.417,6.4741373,17.87,0.803
Japan,Asia,1952,JPN,89135090,3724,62.9959,NA,NA,NA,NA,NA,0.617
Japan,Asia,1953,JPN,90324131,3944,63.3252,NA,NA,NA,NA,NA,0.785
Japan,Asia,1954,JPN,91407630,4116,64.5367,NA,NA,NA,NA,NA,0.785
Japan,Asia,1955,JPN,92425430,4417,65.7115,NA,NA,NA,NA,NA,0.819
Japan,Asia,1956,JPN,93341952,4699,65.5598,NA,NA,NA,NA,NA,0.828
Japan,Asia,1957,JPN,94108932,4999,65.4387,NA,NA,NA,NA,NA,0.828
Japan,Asia,1958,JPN,94846910,5243,67.0429,NA,NA,NA,NA,NA,0.835
Japan,Asia,1959,JPN,95622923,5665,67.4564,NA,NA,NA,NA,NA,0.839
Japan,Asia,1960,JPN,96399711,6354,67.718,NA,NA,NA,3.5745115,NA,0.839
Japan,Asia,1961,JPN,97217546,7055,68.3705,NA,NA,NA,5.3684616,NA,0.837
Japan,Asia,1962,JPN,98076351,7614,68.6668,NA,NA,NA,6.83544,NA,0.837
Japan,Asia,1963,JPN,98958177,8176,69.7463,NA,NA,NA,6.7069054,NA,0.837
Japan,Asia,1964,JPN,99890130,9035,70.1973,NA,NA,NA,3.8003895,NA,0.842
Japan,Asia,1965,JPN,100915965,9459,70.257,NA,NA,NA,6.655991,NA,0.842
Japan,Asia,1966,JPN,101887781,10370,71.0552,NA,NA,NA,5.040832,NA,0.842
Japan,Asia,1967,JPN,102965486,11400,71.401,NA,NA,NA,3.9898481,NA,0.839
Japan,Asia,1968,JPN,104237425,12725,71.6718,NA,NA,NA,5.339433,NA,0.839
Japan,Asia,1969,JPN,105475120,14145,71.9225,NA,NA,NA,5.2498207,NA,0.839
Japan,Asia,1970,JPN,106712320,15484,72.0073,NA,NA,NA,6.924174,NA,0.838
Japan,Asia,1971,JPN,107951979,16004,72.827,NA,NA,NA,6.395349,NA,0.841
Japan,Asia,1972,JPN,109238916,17110,73.2584,NA,NA,NA,4.8435173,NA,0.841
Japan,Asia,1973,JPN,110614694,18226,73.4218,NA,NA,NA,11.6086235,NA,0.842
Japan,Asia,1974,JPN,112009632,17765,73.8494,NA,NA,NA,23.222246,NA,0.842
Japan,Asia,1975,JPN,113321151,18082,74.3569,22.13727783,22.02526662,NA,11.731266,NA,0.842
Japan,Asia,1976,JPN,114502752,18600,74.7611,22.16124366,22.07973478,NA,9.374037,NA,0.842
Japan,Asia,1977,JPN,115574226,19230,75.3257,22.17754272,22.12959422,NA,8.161827,NA,0.841
Japan,Asia,1978,JPN,116576883,20060,75.6571,22.18715075,22.17623743,NA,4.209566,NA,0.841
Japan,Asia,1979,JPN,117521506,20982,76.1671,22.19116708,22.21967233,NA,3.701851,NA,0.84
Japan,Asia,1980,JPN,118358713,21404,76.1408,22.1907455,22.26038002,NA,7.7785816,NA,0.842
Japan,Asia,1981,JPN,118994001,21924,76.5629,22.18683959,22.29975823,NA,4.912163,10.1,0.842
Japan,Asia,1982,JPN,119485721,22440,77.0723,22.18001972,22.33763275,NA,2.741041,9.96,0.842
Japan,Asia,1983,JPN,119948895,22805,77.1069,22.17178956,22.37477493,NA,1.8997197,10.3,0.843
Japan,Asia,1984,JPN,120384352,23548,77.5068,22.16263537,22.41202201,NA,2.2616136,10.28,0.843
Japan,Asia,1985,JPN,120832108,24437,77.799,22.15348255,22.44998831,NA,2.0322773,10.65,0.845
Japan,Asia,1986,JPN,121366674,24992,78.2119,22.14529743,22.48953478,NA,0.5955868,10.97,0.844
Japan,Asia,1987,JPN,121943539,25904,78.6307,22.13788626,22.53064761,NA,0.12617685,12.67,0.842
Japan,Asia,1988,JPN,122476904,27393,78.5454,22.13118519,22.5733997,NA,0.6785576,12.639999,0.842
Japan,Asia,1989,JPN,122947358,28601,78.9799,22.12513786,22.61705637,NA,2.2722895,13.74,0.842
Japan,Asia,1990,JPN,123399717,29949,78.9928,22.11925757,22.66044895,NA,3.0785162,14.309999,0.845
Japan,Asia,1991,JPN,123889808,30837.432,79.262,22.11371141,22.70382352,2.059,3.2514384,13.58,0.844
Japan,Asia,1992,JPN,124383659,30977.814,79.303,22.10809233,22.74658645,2.158,1.7602831,9.83,0.844
Japan,Asia,1993,JPN,124839901,30920.66,79.4461,22.10171086,22.78844102,2.539,1.2430459,10.01,0.845
Japan,Asia,1994,JPN,125286818,31135.428,79.8366,22.09445426,22.82926276,2.89,0.69545805,9.849999,0.845
Japan,Asia,1995,JPN,125672604,31887.277,79.6837,22.08613559,22.86979029,3.15,-0.12789905,10.39,0.845
Japan,Asia,1996,JPN,125975260,32784.156,80.3627,22.07629281,22.90979042,3.383,0.13660036,10.86,0.845
Japan,Asia,1997,JPN,126265874,33038.293,80.5836,22.06494608,22.94904544,3.374,1.7478046,9.94,0.844
Japan,Asia,1998,JPN,126549132,32558.188,80.6487,22.0521605,22.98819688,4.078,0.6619742,10.19,0.844
Japan,Asia,1999,JPN,126801516,32394.516,80.6129,22.03815942,23.02639018,4.677,-0.34129694,10.65,0.844
Japan,Asia,2000,JPN,127027758,33210.81,81.1788,22.02227681,23.06317363,4.748,-0.6765787,11.01,0.845
Japan,Asia,2001,JPN,127260090,33246.39,81.5101,22.01245114,23.10548327,5.02,-0.7400555,11.26,0.845
Japan,Asia,2002,JPN,127484547,33195.402,81.7952,22.00706305,23.15188131,5.386,-0.92349404,11.18,0.845
Japan,Asia,2003,JPN,127671194,33619.95,81.854,22.00460152,23.20063454,5.251,-0.25654182,12.34,0.845
Japan,Asia,2004,JPN,127815728,34313.56,82.1275,22.00414075,23.25092548,4.734,-0.008573388,12.91,0.845
Japan,Asia,2005,JPN,127913277,34857.754,82.0073,22.00453082,23.30140838,4.446,-0.28294608,13.349999,0.847
Japan,Asia,2006,JPN,127997206,35333.113,82.3699,22.00188955,23.34861994,4.192,0.24935512,13.410001,0.852
Japan,Asia,2007,JPN,128087633,35892.71,82.5488,21.99678752,23.39285145,3.888,0.060039453,13.099999,0.852
Japan,Asia,2008,JPN,128155949,35496.227,82.6332,21.98911808,23.43494178,4.002,1.3800789,12.48,0.857
Japan,Asia,2009,JPN,128192428,33590.01,82.9699,21.97939834,23.47462104,5.068,-1.3528367,12.01,0.859
Japan,Asia,2010,JPN,128185219,35011.402,82.916,21.96685642,23.51175857,5.103,-0.72824323,12.790001,0.857
Japan,Asia,2011,JPN,128096387,34979,82.6705,21.95001801,23.54498057,4.55,-0.2724556,12.309999,0.857
Japan,Asia,2012,JPN,127928244,35537.438,83.1676,21.93017411,23.57542386,4.358,-0.04406451,12.41,0.85
Japan,Asia,2013,JPN,127723595,36312.348,83.4018,21.90726934,23.6038337,4.038,0.33503792,12.46,0.823
Japan,Asia,2014,JPN,127486555,36440.215,83.6434,21.88196891,23.63065087,3.589,2.7592268,12.68,0.823
Japan,Asia,2015,JPN,127275819,37053.176,83.8832,21.85462817,23.65673215,3.385,0.7952796,12.73,0.825
Japan,Asia,2016,JPN,127159900,37384.56,84.0568,21.82460637,23.68088582,3.132,-0.12725884,12.610001,0.825
Japan,Asia,2017,JPN,127064637,38078.96,84.1891,NA,NA,2.822,0.4841998,12.46,0.823
Japan,Asia,2018,JPN,126913388,38403.68,84.289,NA,NA,2.467,0.9890946,12.46,0.84
Japan,Asia,2019,JPN,126699371,38332.934,84.4177,NA,NA,2.351,0.46877617,12.559999,0.838
Japan,Asia,2020,JPN,126304487,36826.64,84.6703,NA,NA,2.809,-0.024995834,13.009999,0.836
Japan,Asia,2021,JPN,125679288,37678.277,84.55,NA,NA,2.828,-0.23335278,12.44,0.827
Japan,Asia,2022,JPN,124997534,38268.79,84.0541,NA,NA,2.6,2.4977028,13.39,0.823
Japan,Asia,2023,JPN,124370893,NA,84.7123,NA,NA,2.575,3.2681336,12.89,0.828
Jordan,Asia,1952,JOR,506396,2751,43.2198,NA,NA,NA,NA,NA,0.17
Jordan,Asia,1953,JOR,544060,2801,44.4487,NA,NA,NA,NA,NA,0.169
Jordan,Asia,1954,JOR,583808,2848,45.6329,NA,NA,NA,NA,NA,0.155
Jordan,Asia,1955,JOR,625521,2590,46.7548,NA,NA,NA,NA,NA,0.161
Jordan,Asia,1956,JOR,669062,3410,48.0026,NA,NA,NA,NA,NA,0.163
Jordan,Asia,1957,JOR,714319,3354,49.2321,NA,NA,NA,NA,NA,0.141
Jordan,Asia,1958,JOR,760778,3539,50.4485,NA,NA,NA,NA,NA,0.14
Jordan,Asia,1959,JOR,807562,3645,51.6118,NA,NA,NA,NA,NA,0.14
Jordan,Asia,1960,JOR,853426,3714,52.678,NA,NA,NA,NA,NA,0.14
Jordan,Asia,1961,JOR,897551,4280,53.68,NA,NA,NA,NA,NA,0.137
Jordan,Asia,1962,JOR,940516,4176,54.6331,NA,NA,NA,NA,NA,0.125
Jordan,Asia,1963,JOR,984673,4222,55.4889,NA,NA,NA,NA,NA,0.123
Jordan,Asia,1964,JOR,1035600,4752,56.4562,NA,NA,NA,NA,NA,0.123
Jordan,Asia,1965,JOR,1099400,5074,57.3168,NA,NA,NA,NA,NA,0.123
Jordan,Asia,1966,JOR,1178330,5000,57.7624,NA,NA,NA,NA,NA,0.123
Jordan,Asia,1967,JOR,1271133,4876,58.9698,NA,NA,NA,NA,NA,0.125
Jordan,Asia,1968,JOR,1372412,4262,59.7674,NA,NA,NA,NA,NA,0.123
Jordan,Asia,1969,JOR,1473057,4420,60.5035,NA,NA,NA,NA,NA,0.123
Jordan,Asia,1970,JOR,1565120,3818,59.8333,NA,NA,NA,5.9,NA,0.124
Jordan,Asia,1971,JOR,1645103,3771,61.772,NA,NA,NA,4.815864,NA,0.12
Jordan,Asia,1972,JOR,1714507,3754,62.4773,NA,NA,NA,7.6576576,NA,0.12
Jordan,Asia,1973,JOR,1778053,3806,63.065,NA,NA,NA,11.129707,NA,0.12
Jordan,Asia,1974,JOR,1839142,3995,63.6113,NA,NA,NA,19.427711,NA,0.12
Jordan,Asia,1975,JOR,1899015,4117,64.148,26.74530404,23.97393882,NA,11.979823,NA,0.127
Jordan,Asia,1976,JOR,1958131,4935,64.6538,26.84144633,24.06928466,NA,11.5,NA,0.127
Jordan,Asia,1977,JOR,2018959,5072,65.1268,26.93814181,24.16547938,NA,14.566517,NA,0.127
Jordan,Asia,1978,JOR,2083553,5926,65.6021,27.0348286,24.26214962,NA,6.921521,NA,0.127
Jordan,Asia,1979,JOR,2153850,6247,66.049,27.13183966,24.35987189,NA,14.246491,NA,0.127
Jordan,Asia,1980,JOR,2234142,7141,66.4926,27.22874778,24.45843131,NA,11.111111,NA,0.126
Jordan,Asia,1981,JOR,2325475,7176,66.9201,27.33496429,24.56365848,NA,7.7,NA,0.126
Jordan,Asia,1982,JOR,2426886,7401,67.36,27.44919928,24.67462474,NA,7.428041,NA,0.126
Jordan,Asia,1983,JOR,2537257,7262,67.7782,27.56988285,24.7905928,NA,5.020167,NA,0.126
Jordan,Asia,1984,JOR,2654644,7599,68.2064,27.69506548,24.9110999,NA,3.8474727,NA,0.126
Jordan,Asia,1985,JOR,2778765,7578,68.5871,27.8238689,25.03557503,NA,2.9850745,NA,0.126
Jordan,Asia,1986,JOR,2909846,7973,68.9615,27.95335139,25.16184599,NA,NA,17.36,0.126
Jordan,Asia,1987,JOR,3047580,7911,69.2968,28.08191159,25.2900244,NA,-0.2,NA,0.126
Jordan,Asia,1988,JOR,3192988,7571,69.6053,28.20928556,25.41953202,NA,6.6132264,NA,0.129
Jordan,Asia,1989,JOR,3349582,6540,69.8645,28.33435827,25.54966526,NA,25.712719,NA,0.146
Jordan,Asia,1990,JOR,3621870,6044,70.0935,28.45636468,25.67998597,NA,16.192137,NA,0.218
Jordan,Asia,1991,JOR,3915102,5900.5093,70.2398,28.57260432,25.80882601,21.311,8.155496,NA,0.22
Jordan,Asia,1992,JOR,4127648,6456.123,70.3998,28.68333683,25.93665585,19.93,3.9958355,22.84,0.227
Jordan,Asia,1993,JOR,4347964,6460.6626,70.5678,28.78914969,26.06326482,19.7,3.3166666,NA,0.236
Jordan,Asia,1994,JOR,4561358,6538.1733,70.738,28.89130433,26.18860841,16.915,3.5166962,NA,0.229
Jordan,Asia,1995,JOR,4752048,6760.1084,70.915,28.99055999,26.31262958,14.6,2.3531246,NA,0.229
Jordan,Asia,1996,JOR,4912465,6783.229,71.1045,29.08146464,26.43074237,13.7,6.501218,NA,0.229
Jordan,Asia,1997,JOR,5046238,6942.459,71.3236,29.16435502,26.54389242,13.737,3.0378842,NA,0.226
Jordan,Asia,1998,JOR,5164238,7120.4937,71.521,29.24081583,26.65338498,13.832,3.0916667,NA,0.224
Jordan,Asia,1999,JOR,5276398,7340.4937,71.7373,29.31062207,26.75893352,13.759,0.60625654,NA,0.225
Jordan,Asia,2000,JOR,5386890,7621.841,71.9258,29.37303774,26.85978303,13.7,0.6668809,NA,0.187
Jordan,Asia,2001,JOR,5498858,7982.7407,72.1412,29.42943385,26.95753954,14.7,1.7722044,NA,0.187
Jordan,Asia,2002,JOR,5616024,8394.055,72.3587,29.48026445,27.0528146,15.3,1.8329939,18.9,0.187
Jordan,Asia,2003,JOR,5741786,8669.625,72.585,29.52517004,27.14716004,14.5,1.63,NA,0.21
Jordan,Asia,2004,JOR,5882015,9288.616,72.7877,29.56589345,27.24152409,14.619,3.3618681,NA,0.23
Jordan,Asia,2005,JOR,6029554,9860.809,72.9772,29.60266768,27.33647282,14.8,3.4936852,NA,0.23
Jordan,Asia,2006,JOR,6427322,10404.562,73.2248,29.63773083,27.43281566,14,6.2517247,20.51,0.232
Jordan,Asia,2007,JOR,6827191,10938.805,73.4074,29.67393321,27.53192358,13.1,4.7439065,NA,0.232
Jordan,Asia,2008,JOR,6989821,11378.256,73.5631,29.71463061,27.63599731,12.7,13.971231,21.09,0.232
Jordan,Asia,2009,JOR,7141705,11651.25,73.7075,29.75794467,27.74329339,12.9,-0.73906976,NA,0.234
Jordan,Asia,2010,JOR,7296994,11601.088,73.7973,29.80238208,27.85180818,12.5,4.8455186,23.21,0.24
Jordan,Asia,2011,JOR,7480382,11615,73.9286,29.84745846,27.96111279,12.9,4.1624417,NA,0.247
Jordan,Asia,2012,JOR,7587082,11704.657,74.0873,29.89385112,28.07039426,12.2,4.5152297,NA,0.248
Jordan,Asia,2013,JOR,7991751,10834.426,74.2816,29.94146217,28.17946602,12.6,4.824623,19.91,0.256
Jordan,Asia,2014,JOR,8791661,9765.811,74.606,29.98972379,28.28877888,11.9,2.8994792,NA,0.258
Jordan,Asia,2015,JOR,9544673,9307.248,75.06,30.0387267,28.39733058,13.075,-0.8768514,NA,0.258
Jordan,Asia,2016,JOR,10006321,9149.412,75.5501,30.08778993,28.50538669,15.275,-0.77843046,NA,0.24
Jordan,Asia,2017,JOR,10234177,9186.477,76.0708,NA,NA,18.12,3.3238945,NA,0.262
Jordan,Asia,2018,JOR,10462255,9174.501,76.4913,NA,NA,18.257,4.4623113,NA,0.262
Jordan,Asia,2019,JOR,10671837,9166.066,76.8645,NA,NA,16.801,0.76151407,NA,0.261
Jordan,Asia,2020,JOR,10865183,8896.383,75.5831,NA,NA,19.213,0.33329436,NA,0.257
Jordan,Asia,2021,JOR,11066310,9019.895,74.2042,NA,NA,19.837,1.3460938,NA,0.257
Jordan,Asia,2022,JOR,11256215,9151.479,77.088,NA,NA,18.2,4.2291555,20.14,0.256
Jordan,Asia,2023,JOR,11439171,NA,77.8145,NA,NA,17.944,2.0848699,19.91,0.251
Kenya,Africa,1952,KEN,6033240,1063,38.6409,NA,NA,NA,NA,NA,0.08
Kenya,Africa,1953,KEN,6183844,1009,39.8175,NA,NA,NA,NA,NA,0.077
Kenya,Africa,1954,KEN,6348086,1095,41.0366,NA,NA,NA,NA,NA,0.077
Kenya,Africa,1955,KEN,6529261,1144,42.2847,NA,NA,NA,NA,NA,0.081
Kenya,Africa,1956,KEN,6727630,1173,43.5295,NA,NA,NA,NA,NA,0.093
Kenya,Africa,1957,KEN,6944826,1176,45.3359,NA,NA,NA,NA,NA,0.096
Kenya,Africa,1958,KEN,7174750,1156,46.4608,NA,NA,NA,NA,NA,0.1
Kenya,Africa,1959,KEN,7422694,1148,47.519,NA,NA,NA,NA,NA,0.102
Kenya,Africa,1960,KEN,7695258,1157,48.4766,NA,NA,NA,1.2437811,NA,0.112
Kenya,Africa,1961,KEN,7987719,1093,49.3304,NA,NA,NA,2.4570024,NA,0.118
Kenya,Africa,1962,KEN,8299257,1117,50.104,NA,NA,NA,3.117506,NA,0.122
Kenya,Africa,1963,KEN,8627918,1138,50.758,NA,NA,NA,0.6976744,NA,0.21
Kenya,Africa,1964,KEN,8973480,1208,51.3229,NA,NA,NA,-0.09930487,NA,0.237
Kenya,Africa,1965,KEN,9338038,1184,51.8865,NA,NA,NA,3.578529,NA,0.273
Kenya,Africa,1966,KEN,9717777,1294,52.3832,NA,NA,NA,5.014395,NA,0.248
Kenya,Africa,1967,KEN,10111002,1317,52.7959,NA,NA,NA,1.7591958,NA,0.221
Kenya,Africa,1968,KEN,10518779,1366,53.302,NA,NA,NA,0.36671156,NA,0.216
Kenya,Africa,1969,KEN,10939644,1404,53.7336,NA,NA,NA,-0.17150101,NA,0.2
Kenya,Africa,1970,KEN,11368748,1458,54.1427,NA,NA,NA,2.188527,NA,0.196
Kenya,Africa,1971,KEN,11788858,1500,54.5434,NA,NA,NA,3.7802062,NA,0.197
Kenya,Africa,1972,KEN,12206016,1524,55.0128,NA,NA,NA,5.8316445,NA,0.197
Kenya,Africa,1973,KEN,12634785,1546,55.5002,NA,NA,NA,9.281195,NA,0.198
Kenya,Africa,1974,KEN,13070026,1564,56.039,NA,NA,NA,17.809948,NA,0.2
Kenya,Africa,1975,KEN,13511628,1502,56.6205,19.48607659,18.95769861,NA,19.120184,NA,0.21
Kenya,Africa,1976,KEN,13957564,1503,57.1528,19.6286929,19.07714862,NA,11.449031,NA,0.21
Kenya,Africa,1977,KEN,14428770,1580,57.6843,19.77102725,19.19700216,NA,14.820965,NA,0.211
Kenya,Africa,1978,KEN,14934073,1656,58.2343,19.91306733,19.31710735,NA,16.931782,NA,0.209
Kenya,Africa,1979,KEN,15460624,1651,58.6905,20.05496644,19.43722667,NA,7.9793525,NA,0.209
Kenya,Africa,1980,KEN,16018415,1675,59.1748,20.19652154,19.55716945,NA,13.858181,NA,0.204
Kenya,Africa,1981,KEN,16601467,1647,59.5621,20.33304204,19.67350976,NA,11.603053,NA,0.204
Kenya,Africa,1982,KEN,17206125,1680,59.9045,20.46534043,19.78705343,NA,20.666714,NA,0.195
Kenya,Africa,1983,KEN,17846319,1627,60.3423,20.59386411,19.89780059,NA,11.397782,NA,0.192
Kenya,Africa,1984,KEN,18514863,1594,60.6105,20.71985219,20.00557348,NA,10.284099,NA,0.181
Kenya,Africa,1985,KEN,19201726,1604,60.8558,20.8430084,20.11055056,NA,13.006566,NA,0.181
Kenya,Africa,1986,KEN,19901590,1658,60.8182,20.96345968,20.2128967,NA,2.534276,NA,0.182
Kenya,Africa,1987,KEN,20616047,1698,60.721,21.08216725,20.31265071,NA,8.637673,NA,0.182
Kenya,Africa,1988,KEN,21356181,1741,60.3198,21.19982918,20.41017274,NA,12.264963,NA,0.176
Kenya,Africa,1989,KEN,22118394,1761,59.9896,21.31708882,20.50553284,NA,13.789317,NA,0.175
Kenya,Africa,1990,KEN,22892599,1780,58.3336,21.43360742,20.59843229,NA,17.781815,NA,0.189
Kenya,Africa,1991,KEN,23646463,1777.7838,57.8258,21.55111718,20.68994242,2.788,20.084496,NA,0.204
Kenya,Africa,1992,KEN,24382423,1724.8744,57.095,21.66933389,20.77871414,2.893,27.332365,19.380001,0.29
Kenya,Africa,1993,KEN,25117140,1698.2542,56.6681,21.78757578,20.86428065,2.97,45.97888,NA,0.332
Kenya,Africa,1994,KEN,25857088,1729.7172,56.1013,21.90614199,20.94701477,2.947,28.81439,18.84,0.333
Kenya,Africa,1995,KEN,26601698,1789.8945,55.8557,22.0258625,21.02655698,2.847,1.5543282,NA,0.336
Kenya,Africa,1996,KEN,27344153,1851.2814,55.5748,22.14679,21.10371679,2.777,8.864087,NA,0.336
Kenya,Africa,1997,KEN,28101707,1846.3738,55.4779,22.26939202,21.17835689,2.819,11.361845,18.8,0.336
Kenya,Africa,1998,KEN,28888012,1889.9731,55.5681,22.39339779,21.25086594,2.841,6.7224364,NA,0.36
Kenya,Africa,1999,KEN,29733363,1920.834,55.8658,22.51870128,21.32064254,2.877,5.742001,NA,0.36
Kenya,Africa,2000,KEN,30642843,1914.8864,56.0836,22.64457913,21.3879485,2.876,9.980025,NA,0.373
Kenya,Africa,2001,KEN,31619130,1972.3811,56.5005,22.77082852,21.45330112,2.868,5.7385983,NA,0.374
Kenya,Africa,2002,KEN,32629759,1961.8949,56.7587,22.89638844,21.51691186,2.903,1.9613082,NA,0.416
Kenya,Africa,2003,KEN,33652182,1997.7769,57.3694,23.02123521,21.57872103,2.86,9.815691,NA,0.514
Kenya,Africa,2004,KEN,34713403,2066.2102,57.9472,23.14436949,21.63901309,2.836,11.624036,NA,0.514
Kenya,Africa,2005,KEN,35796433,2157.8416,58.5098,23.26528035,21.69646077,2.739,10.312778,21.43,0.514
Kenya,Africa,2006,KEN,36903955,2255.2585,59.0588,23.38509412,21.75166503,2.678,14.453734,NA,0.514
Kenya,Africa,2007,KEN,38036301,2380.7764,59.4073,23.50438803,21.80441957,2.65,9.758881,NA,0.514
Kenya,Africa,2008,KEN,39206299,2357.2324,59.9545,23.62335127,21.85439069,2.752,26.239817,NA,0.41
Kenya,Africa,2009,KEN,40408838,2404.6296,60.4828,23.74208963,21.90143018,2.813,9.234126,NA,0.415
Kenya,Africa,2010,KEN,41598524,2579.531,60.9149,23.86154703,21.94683781,2.793,3.9613888,NA,0.426
Kenya,Africa,2011,KEN,42758431,2712,61.2827,23.98228104,21.99250109,2.706,14.022491,NA,0.43
Kenya,Africa,2012,KEN,43888260,2754.7646,61.5373,24.10373588,22.03840979,2.686,9.37777,NA,0.432
Kenya,Africa,2013,KEN,44986744,2786.1372,61.7291,24.2256153,22.08444396,2.764,5.7174935,NA,0.519
Kenya,Africa,2014,KEN,46051395,2852.933,61.9904,24.34749875,22.13115188,2.768,6.8781548,NA,0.535
Kenya,Africa,2015,KEN,47088485,2921.3428,62.279,24.4685678,22.1780619,2.763,6.5821543,15.0199995,0.535
Kenya,Africa,2016,KEN,48139632,2975.4795,62.5261,24.58874859,22.22532695,2.757,6.2972493,NA,0.533
Kenya,Africa,2017,KEN,49197713,3020.9817,62.7248,NA,NA,3.54,8.00565,NA,0.51
Kenya,Africa,2018,KEN,50207065,3120.4314,62.8254,NA,NA,4.284,4.6898065,NA,0.493
Kenya,Africa,2019,KEN,51202787,3207.2622,62.9391,NA,NA,5.014,5.239638,NA,0.497
Kenya,Africa,2020,KEN,52217277,3129.5852,61.5958,NA,NA,5.621,5.405162,NA,0.498
Kenya,Africa,2021,KEN,53219122,3292.7585,61.2253,NA,NA,5.693,6.107936,NA,0.511
Kenya,Africa,2022,KEN,54252404,3403.9238,63.5491,NA,NA,5.805,7.6598625,15.68,0.548
Kenya,Africa,2023,KEN,55338953,NA,63.6459,NA,NA,5.682,7.6713963,15.68,0.566
North Korea,Asia,1952,PRK,10253593,NA,32.7909,NA,NA,NA,NA,NA,0.097
North Korea,Asia,1953,PRK,10177373,NA,40.2559,NA,NA,NA,NA,NA,0.097
North Korea,Asia,1954,PRK,10242758,NA,50.6336,NA,NA,NA,NA,NA,0.096
North Korea,Asia,1955,PRK,10403271,NA,51.7663,NA,NA,NA,NA,NA,0.096
North Korea,Asia,1956,PRK,10600347,NA,52.7829,NA,NA,NA,NA,NA,0.096
North Korea,Asia,1957,PRK,10854635,NA,53.6785,NA,NA,NA,NA,NA,0.095
North Korea,Asia,1958,PRK,11163709,NA,54.4781,NA,NA,NA,NA,NA,0.093
North Korea,Asia,1959,PRK,11452949,NA,55.172,NA,NA,NA,NA,NA,0.093
North Korea,Asia,1960,PRK,11722909,NA,55.8141,NA,NA,NA,NA,NA,0.093
North Korea,Asia,1961,PRK,11990663,NA,56.4079,NA,NA,NA,NA,NA,0.093
North Korea,Asia,1962,PRK,12262839,NA,56.9976,NA,NA,NA,NA,NA,0.092
North Korea,Asia,1963,PRK,12567003,NA,57.5785,NA,NA,NA,NA,NA,0.09
North Korea,Asia,1964,PRK,12889725,NA,58.1701,NA,NA,NA,NA,NA,0.09
North Korea,Asia,1965,PRK,13219328,NA,58.7854,NA,NA,NA,NA,NA,0.09
North Korea,Asia,1966,PRK,13569045,NA,59.4235,NA,NA,NA,NA,NA,0.09
North Korea,Asia,1967,PRK,13958300,NA,60.0865,NA,NA,NA,NA,NA,0.09
North Korea,Asia,1968,PRK,14365556,NA,60.7566,NA,NA,NA,NA,NA,0.088
North Korea,Asia,1969,PRK,14767581,NA,61.4108,NA,NA,NA,NA,NA,0.088
North Korea,Asia,1970,PRK,15172733,NA,62.0491,NA,NA,NA,NA,NA,0.088
North Korea,Asia,1971,PRK,15572410,NA,62.6628,NA,NA,NA,NA,NA,0.088
North Korea,Asia,1972,PRK,15975023,NA,63.2543,NA,NA,NA,NA,NA,0.087
North Korea,Asia,1973,PRK,16350319,NA,63.8155,NA,NA,NA,NA,NA,0.087
North Korea,Asia,1974,PRK,16673065,NA,64.3349,NA,NA,NA,NA,NA,0.087
North Korea,Asia,1975,PRK,16971003,NA,64.8305,22.02228444,21.38457338,NA,NA,NA,0.087
North Korea,Asia,1976,PRK,17243408,NA,65.3252,22.10391921,21.47423139,NA,NA,NA,0.087
North Korea,Asia,1977,PRK,17492739,NA,65.8106,22.17383414,21.55724994,NA,NA,NA,0.087
North Korea,Asia,1978,PRK,17735941,NA,66.2923,22.23448591,21.63499604,NA,NA,NA,0.086
North Korea,Asia,1979,PRK,17983428,NA,66.7482,22.28828126,21.70840258,NA,NA,NA,0.086
North Korea,Asia,1980,PRK,18236728,NA,67.2083,22.33719536,21.77941725,NA,NA,NA,0.086
North Korea,Asia,1981,PRK,18501258,NA,67.6566,22.38437061,21.84919533,NA,NA,NA,0.086
North Korea,Asia,1982,PRK,18776316,NA,68.0896,22.43051036,21.91831016,NA,NA,NA,0.087
North Korea,Asia,1983,PRK,19053986,NA,68.5026,22.47626164,21.98687447,NA,NA,NA,0.087
North Korea,Asia,1984,PRK,19334999,NA,68.8814,22.52082745,22.05432152,NA,NA,NA,0.087
North Korea,Asia,1985,PRK,19620343,NA,69.2315,22.56462448,22.12056428,NA,NA,NA,0.087
North Korea,Asia,1986,PRK,19910806,NA,69.5413,22.60769494,22.18573488,NA,NA,NA,0.086
North Korea,Asia,1987,PRK,20205432,NA,69.7674,22.64936577,22.24978971,NA,NA,NA,0.084
North Korea,Asia,1988,PRK,20503104,NA,70.0518,22.6897568,22.31280204,NA,NA,NA,0.084
North Korea,Asia,1989,PRK,20804320,NA,70.2694,22.72880511,22.37416349,NA,NA,NA,0.084
North Korea,Asia,1990,PRK,21112087,2455.8186,70.4835,22.76594053,22.43367656,NA,NA,NA,0.086
North Korea,Asia,1991,PRK,21428591,2315.959,70.7174,22.80202794,22.49245309,2.394,NA,NA,0.087
North Korea,Asia,1992,PRK,21750862,2120.5461,71.0092,22.8371752,22.55207494,2.427,NA,NA,0.084
North Korea,Asia,1993,PRK,22073307,1996.2933,70.7937,22.87230673,22.61242679,2.53,NA,NA,0.084
North Korea,Asia,1994,PRK,22393915,1925.956,70.4716,22.90702576,22.67245964,2.639,NA,NA,0.084
North Korea,Asia,1995,PRK,22669252,1816.009,60.766,22.94233406,22.73272775,2.659,NA,NA,0.084
North Korea,Asia,1996,PRK,22895702,1733.0995,60.8204,22.97751218,22.79322371,2.693,NA,NA,0.084
North Korea,Asia,1997,PRK,23110790,1604.8995,60.8694,23.01288259,22.85350776,2.782,NA,NA,0.084
North Korea,Asia,1998,PRK,23311527,1579.9309,60.887,23.04903526,22.91412072,2.974,NA,NA,0.083
North Korea,Asia,1999,PRK,23497555,1664.6421,60.9098,23.08683745,22.97517465,3.166,NA,NA,0.083
North Korea,Asia,2000,PRK,23665861,1657.1444,60.9111,23.12640472,23.0358247,3.147,NA,NA,0.083
North Korea,Asia,2001,PRK,23815309,1704.3733,60.8926,23.16803831,23.09731361,3.16,NA,NA,0.083
North Korea,Asia,2002,PRK,23943924,1710.9496,60.8772,23.21189271,23.16108282,3.12,NA,NA,0.083
North Korea,Asia,2003,PRK,24090345,1729.6221,69.3986,23.25830499,23.2271885,3.13,NA,NA,0.084
North Korea,Asia,2004,PRK,24254897,1753.6919,69.2942,23.30763325,23.29590414,3.079,NA,NA,0.085
North Korea,Asia,2005,PRK,24396381,1808.0618,69.1675,23.35968752,23.36700525,3.032,NA,NA,0.085
North Korea,Asia,2006,PRK,24524454,1778.4956,69.0615,23.41544197,23.44140583,2.997,NA,NA,0.085
North Korea,Asia,2007,PRK,24646339,1746.9276,69.0211,23.47477068,23.51872228,2.98,NA,NA,0.085
North Korea,Asia,2008,PRK,24764570,1794.6573,69.3032,23.53660607,23.59820308,2.906,NA,NA,0.085
North Korea,Asia,2009,PRK,24878289,1768.8898,69.7023,23.60098981,23.68022398,2.895,NA,NA,0.085
North Korea,Asia,2010,PRK,24987204,1751.4363,70.2456,23.66683432,23.76468962,2.825,NA,NA,0.085
North Korea,Asia,2011,PRK,25097837,1756.6108,70.7724,23.73410468,23.85332299,2.903,NA,NA,0.085
North Korea,Asia,2012,PRK,25211684,1770.9209,71.3171,23.80280978,23.94658785,2.92,NA,NA,0.085
North Korea,Asia,2013,PRK,25329409,1781.3009,71.8667,23.87269883,24.04390737,2.93,NA,NA,0.085
North Korea,Asia,2014,PRK,25451215,1791.3436,72.4508,23.94310545,24.14434986,2.883,NA,NA,0.084
North Korea,Asia,2015,PRK,25575297,1762.5167,72.8253,24.01383838,24.24775404,2.902,NA,NA,0.084
North Korea,Asia,2016,PRK,25698280,1821.212,72.9708,24.08519001,24.35311105,2.925,NA,NA,0.084
North Korea,Asia,2017,PRK,25817653,1749.0596,73.0344,NA,NA,2.846,NA,NA,0.084
North Korea,Asia,2018,PRK,25931102,1668.5446,73.0196,NA,NA,2.784,NA,NA,0.084
North Korea,Asia,2019,PRK,26037582,1666.8143,72.9282,NA,NA,2.838,NA,NA,0.083
North Korea,Asia,2020,PRK,26136272,1584.3771,72.7826,NA,NA,3.029,NA,NA,0.084
North Korea,Asia,2021,PRK,26232476,1577.1321,73.4366,NA,NA,3.134,NA,NA,0.084
North Korea,Asia,2022,PRK,26328793,1568.847,73.6411,NA,NA,2.965,NA,14.96,0.083
North Korea,Asia,2023,PRK,26418146,NA,73.6418,NA,NA,3.004,NA,15.080001,0.083
South Korea,Asia,1952,KOR,20229831,1038.041,36.5663,NA,NA,NA,NA,NA,0.254
South Korea,Asia,1953,KOR,20775277,1316.691,40.5054,NA,NA,NA,NA,NA,0.258
South Korea,Asia,1954,KOR,21415533,1372.6798,46.0778,NA,NA,NA,NA,NA,0.264
South Korea,Asia,1955,KOR,22125060,1411.3336,48.3534,NA,NA,NA,NA,NA,0.265
South Korea,Asia,1956,KOR,22874396,1381.9828,50.2037,NA,NA,NA,NA,NA,0.262
South Korea,Asia,1957,KOR,23660748,1466.7677,51.5543,NA,NA,NA,NA,NA,0.26
South Korea,Asia,1958,KOR,24473883,1517.8839,51.8362,NA,NA,NA,NA,NA,0.264
South Korea,Asia,1959,KOR,25298180,1555.7272,52.9353,NA,NA,NA,NA,NA,0.264
South Korea,Asia,1960,KOR,26115344,1547.6918,53.7567,NA,NA,NA,7.9655657,NA,0.336
South Korea,Asia,1961,KOR,26852912,1605.8468,54.444,NA,NA,NA,8.195653,NA,0.219
South Korea,Asia,1962,KOR,27509190,1620.4901,55.0328,NA,NA,NA,6.618311,NA,0.164
South Korea,Asia,1963,KOR,28145499,1720.8241,54.9881,NA,NA,NA,20.691647,NA,0.175
South Korea,Asia,1964,KOR,28744931,1834.9778,55.3355,NA,NA,NA,29.462831,NA,0.275
South Korea,Asia,1965,KOR,29284289,1917.4283,55.7837,NA,NA,NA,13.548195,NA,0.275
South Korea,Asia,1966,KOR,29845885,2093.888,55.4226,NA,NA,NA,11.261385,NA,0.275
South Korea,Asia,1967,KOR,30495672,2232.0535,60.8709,NA,NA,NA,10.88244,NA,0.277
South Korea,Asia,1968,KOR,31175249,2468.4836,60.8684,NA,NA,NA,10.771821,NA,0.277
South Korea,Asia,1969,KOR,31852718,2764.1533,61.426,NA,NA,NA,12.3895645,NA,0.277
South Korea,Asia,1970,KOR,32542154,2974.8074,62.1754,NA,NA,NA,15.950342,NA,0.279
South Korea,Asia,1971,KOR,33239813,3221.6746,62.6697,NA,NA,NA,13.511703,NA,0.278
South Korea,Asia,1972,KOR,33936429,3387.8906,63.2199,NA,NA,NA,11.688987,NA,0.235
South Korea,Asia,1973,KOR,34625799,3822.046,63.7732,NA,NA,NA,3.221029,NA,0.21
South Korea,Asia,1974,KOR,35287790,4112.6016,64.2389,NA,NA,NA,24.3042,NA,0.213
South Korea,Asia,1975,KOR,35875694,4362.007,64.667,20.36010326,20.59901714,NA,25.249256,NA,0.213
South Korea,Asia,1976,KOR,36379878,4855.941,65.0115,20.50669343,20.72402919,NA,15.32732,NA,0.212
South Korea,Asia,1977,KOR,36843588,5367.795,64.6207,20.65211194,20.84923966,NA,10.096665,NA,0.212
South Korea,Asia,1978,KOR,37281882,5856.4966,64.9607,20.79598558,20.97484532,NA,14.460285,NA,0.212
South Korea,Asia,1979,KOR,37710854,6265.886,66.1067,20.93838676,21.10079163,NA,18.323496,NA,0.211
South Korea,Asia,1980,KOR,38141057,6064.04,64.8484,21.07900682,21.22662424,NA,28.697609,7.83,0.202
South Korea,Asia,1981,KOR,38689143,6398.851,67.1406,21.21683788,21.35236012,NA,21.35164,7.83,0.21
South Korea,Asia,1982,KOR,39356105,6821.475,67.0612,21.3518373,21.47737873,NA,7.1908464,7.83,0.222
South Korea,Asia,1983,KOR,40000897,7611.7344,66.7252,21.48396531,21.60155679,NA,3.4206142,7.61,0.228
South Korea,Asia,1984,KOR,40598253,8303.519,68.1088,21.61279766,21.72492508,NA,2.2739563,8.26,0.244
South Korea,Asia,1985,KOR,41148910,8859.355,68.4083,21.73821567,21.8470508,NA,2.4591088,7.71,0.306
South Korea,Asia,1986,KOR,41718464,9756.205,69.0349,21.86108727,21.96876067,NA,2.749981,7.87,0.314
South Korea,Asia,1987,KOR,42322046,10864.975,69.315,21.98126759,22.09036303,NA,3.0496607,7.8599997,0.387
South Korea,Asia,1988,KOR,42922928,12039.945,70.1603,22.09882344,22.21121913,NA,7.1460977,7.8500004,0.626
South Korea,Asia,1989,KOR,43524716,12759.489,70.684,22.21338436,22.33163387,NA,5.7001653,7.96,0.653
South Korea,Asia,1990,KOR,44081380,13874,70.9936,22.32433225,22.45101262,NA,8.573273,8.77,0.655
South Korea,Asia,1991,KOR,44439112,15056.16,71.4024,22.42420334,22.56364191,2.407,9.33279,9.34,0.655
South Korea,Asia,1992,KOR,44653652,15712.002,72.1755,22.5136836,22.67032173,2.513,6.2132816,7.52,0.659
South Korea,Asia,1993,KOR,44887672,16503.434,72.7453,22.59379536,22.77167994,2.878,4.800997,7.0200005,0.732
South Korea,Asia,1994,KOR,45130788,17720.395,72.889,22.66572708,22.86910983,2.476,6.2658596,6.4300003,0.737
South Korea,Asia,1995,KOR,45368368,19089.299,73.3752,22.73019928,22.96330458,2.063,4.480741,6.02,0.737
South Korea,Asia,1996,KOR,45638655,20204.56,74.0207,22.78389411,23.05240289,2.048,4.9245434,5.83,0.747
South Korea,Asia,1997,KOR,45941485,21055.945,74.5313,22.82850131,23.13798694,2.608,4.438932,5.9,0.754
South Korea,Asia,1998,KOR,46230834,19624.691,75.035,22.86585016,23.22173688,6.963,7.51358,6,0.819
South Korea,Asia,1999,KOR,46500333,21540.693,75.6173,22.89771373,23.30504448,6.342,0.8129572,6.33,0.827
South Korea,Asia,2000,KOR,46766608,23108.018,76.2351,22.92489286,23.38756642,4.063,2.2591658,6.5800004,0.842
South Korea,Asia,2001,KOR,47043411,23804.438,76.9195,22.9486236,23.46942758,3.699,4.066576,7.35,0.845
South Korea,Asia,2002,KOR,47299074,25250.637,77.2304,22.96963004,23.54961334,3.046,2.762262,8.14,0.845
South Korea,Asia,2003,KOR,47514113,25679.246,77.4974,22.98810184,23.62744309,3.348,3.5148745,9.17,0.845
South Korea,Asia,2004,KOR,47697022,26646.504,77.9571,23.00497285,23.70211218,3.42,3.590663,10.809999,0.845
South Korea,Asia,2005,KOR,47851594,27443.283,78.4486,23.02023285,23.77326963,3.482,2.7537916,13.44,0.846
South Korea,Asia,2006,KOR,48006467,28516.484,79.0348,23.03388418,23.83943236,3.254,2.2423403,13.429999,0.846
South Korea,Asia,2007,KOR,48178072,29716.57,79.4323,23.0465898,23.90175719,3.013,2.5345738,15.629999,0.843
South Korea,Asia,2008,KOR,48356441,30117.729,79.9956,23.05890616,23.96204263,2.959,4.673897,14.669999,0.77
South Korea,Asia,2009,KOR,48546637,29967.562,80.5504,23.07096697,24.02119378,3.363,2.7564964,13.71,0.768
South Korea,Asia,2010,KOR,48769268,31537.773,80.7172,23.08289476,24.08000421,3.324,2.9392865,19.9,0.769
South Korea,Asia,2011,KOR,49127592,32225,81.1685,23.09515176,24.14015116,2.992,4.025965,18.83,0.769
South Korea,Asia,2012,KOR,49599543,32826.48,81.3075,23.10805812,24.20198696,2.812,2.187071,18.69,0.756
South Korea,Asia,2013,KOR,50071119,33711.656,81.8356,23.12160031,24.26580702,2.747,1.3013475,14.210001,0.718
South Korea,Asia,2014,KOR,50539008,34573.09,82.3641,23.13559537,24.33102487,3.082,1.2747744,17.28,0.71
South Korea,Asia,2015,KOR,50983856,35357.52,82.5404,23.14950586,24.39793499,3.546,0.7063318,17.3,0.714
South Korea,Asia,2016,KOR,51297794,36255.24,82.9204,23.1632351,24.465566,3.65,0.97168577,17.75,0.729
South Korea,Asia,2017,KOR,51486222,37296.047,83.2784,NA,NA,3.653,1.9443324,NA,0.859
South Korea,Asia,2018,KOR,51640842,38214.324,83.34,NA,NA,3.824,1.4758394,NA,0.864
South Korea,Asia,2019,KOR,51767790,38935.992,83.6846,NA,NA,3.746,0.3830003,NA,0.852
South Korea,Asia,2020,KOR,51858440,38606.984,83.6752,NA,NA,3.931,0.537288,NA,0.858
South Korea,Asia,2021,KOR,51848358,40277.953,83.8517,NA,NA,3.639,2.4983332,NA,0.861
South Korea,Asia,2022,KOR,51782473,41320.9,82.727,NA,NA,2.857,5.089514,16.380001,0.81
South Korea,Asia,2023,KOR,51748695,NA,84.3288,NA,NA,2.642,3.5974562,16.150002,0.733
Kuwait,Asia,1952,KWT,163135,47856,51.4161,NA,NA,NA,NA,NA,0.091
Kuwait,Asia,1953,KWT,168052,49989,52.2637,NA,NA,NA,NA,NA,0.091
Kuwait,Asia,1954,KWT,173216,52920,53.132,NA,NA,NA,NA,NA,0.091
Kuwait,Asia,1955,KWT,186078,51417,54.03,NA,NA,NA,NA,NA,0.091
Kuwait,Asia,1956,KWT,207182,52404,54.9435,NA,NA,NA,NA,NA,0.091
Kuwait,Asia,1957,KWT,227008,50126,55.8932,NA,NA,NA,NA,NA,0.091
Kuwait,Asia,1958,KWT,250169,47671,56.8782,NA,NA,NA,NA,NA,0.091
Kuwait,Asia,1959,KWT,279488,47131,57.8925,NA,NA,NA,NA,NA,0.091
Kuwait,Asia,1960,KWT,311026,45929,58.9212,NA,NA,NA,NA,NA,0.093
Kuwait,Asia,1961,KWT,345911,41622,59.9525,NA,NA,NA,NA,NA,0.184
Kuwait,Asia,1962,KWT,384960,42150,60.9776,NA,NA,NA,NA,NA,0.196
Kuwait,Asia,1963,KWT,427665,40377,61.986,NA,NA,NA,NA,NA,0.229
Kuwait,Asia,1964,KWT,473076,40333,62.9737,NA,NA,NA,NA,NA,0.229
Kuwait,Asia,1965,KWT,521144,37511,63.9393,NA,NA,NA,NA,NA,0.235
Kuwait,Asia,1966,KWT,572549,38335,64.8778,NA,NA,NA,NA,NA,0.292
Kuwait,Asia,1967,KWT,628055,35720,65.7795,NA,NA,NA,NA,NA,0.258
Kuwait,Asia,1968,KWT,687676,35546,66.6088,NA,NA,NA,NA,NA,0.26
Kuwait,Asia,1969,KWT,749428,33415,67.3475,NA,NA,NA,NA,NA,0.26
Kuwait,Asia,1970,KWT,809074,48927,67.9771,NA,NA,NA,NA,NA,0.263
Kuwait,Asia,1971,KWT,865036,49302,68.4818,NA,NA,NA,NA,NA,0.284
Kuwait,Asia,1972,KWT,920316,48283,68.8789,NA,NA,NA,NA,NA,0.285
Kuwait,Asia,1973,KWT,977609,42542,69.191,NA,NA,NA,8.266666,NA,0.285
Kuwait,Asia,1974,KWT,1038304,34962,69.4483,NA,NA,NA,12.992611,NA,0.285
Kuwait,Asia,1975,KWT,1104826,28950,69.6795,27.8942401,25.12340512,NA,8.39237,NA,0.287
Kuwait,Asia,1976,KWT,1178667,28956,69.9242,28.0105738,25.23982157,NA,5.2350426,NA,0.098
Kuwait,Asia,1977,KWT,1257984,26168,70.172,28.12614155,25.3566177,NA,9.88952,NA,0.097
Kuwait,Asia,1978,KWT,1340278,26363,70.4552,28.24084785,25.47352201,NA,8.689745,NA,0.097
Kuwait,Asia,1979,KWT,1423476,28174,70.7754,28.35509569,25.59129655,NA,7.05,NA,0.097
Kuwait,Asia,1980,KWT,1504742,21154,71.1321,28.46927853,25.70995044,NA,6.9282265,NA,0.092
Kuwait,Asia,1981,KWT,1583378,16402,71.5222,28.57878985,25.82607495,NA,7.3747816,NA,0.261
Kuwait,Asia,1982,KWT,1662442,13845,71.9475,28.68400502,25.94069423,NA,7.7767982,NA,0.277
Kuwait,Asia,1983,KWT,1744255,14292,72.3942,28.7853909,26.05347801,NA,4.7181683,NA,0.277
Kuwait,Asia,1984,KWT,1820657,14384,72.854,28.88307828,26.16445716,NA,1.1774601,NA,0.277
Kuwait,Asia,1985,KWT,1894206,13015,73.3155,28.97733132,26.27448897,NA,1.4903218,NA,0.274
Kuwait,Asia,1986,KWT,1972472,13509,73.7797,29.062520460000002,26.3799117,NA,0.9536067,NA,0.089
Kuwait,Asia,1987,KWT,2052961,12416,74.2196,29.13989004,26.48113756,NA,0.6548447,NA,0.089
Kuwait,Asia,1988,KWT,2134665,12317,74.6426,29.21145948,26.57916877,NA,1.4681329,NA,0.089
Kuwait,Asia,1989,KWT,2217418,12701,75.0266,29.27792498,26.67428485,NA,3.3420336,NA,0.088
Kuwait,Asia,1990,KWT,1684784,9757,72.854,29.34092341,26.76723127,NA,9.833635,NA,0.087
Kuwait,Asia,1991,KWT,1351363,6310.9067,73.31,29.40112159,26.85873434,0.888,9.058188,NA,0.11
Kuwait,Asia,1992,KWT,1634908,12965.067,75.7351,29.45942727,26.94963184,0.879,-0.5454712,NA,0.202
Kuwait,Asia,1993,KWT,1672112,19955.314,75.7718,29.51651957,27.03979466,0.8,0.38254136,NA,0.285
Kuwait,Asia,1994,KWT,1664323,24532.414,75.7279,29.57328087,27.12871148,0.7,2.5344353,NA,0.285
Kuwait,Asia,1995,KWT,1681473,27552.96,75.6648,29.63124741,27.21676678,0.694,2.6867275,NA,0.285
Kuwait,Asia,1996,KWT,1730197,29612.66,75.6015,29.6908977,27.30484603,0.7,3.5539856,NA,0.285
Kuwait,Asia,1997,KWT,1787639,31511.191,75.5648,29.75144646,27.39267123,0.7,0.68219143,NA,0.288
Kuwait,Asia,1998,KWT,1844266,33331.297,75.612,29.81304811,27.4813711,0.7,0.12965828,NA,0.29
Kuwait,Asia,1999,KWT,1899984,33351.195,75.7223,29.87434525,27.57005675,0.7,2.9908104,NA,0.288
Kuwait,Asia,2000,KWT,1954668,35844.746,75.8728,29.93359048,27.65723527,0.8,1.8129461,NA,0.286
Kuwait,Asia,2001,KWT,2008081,37225.87,76.0366,29.99054104,27.74361778,0.8,1.3,NA,0.269
Kuwait,Asia,2002,KWT,2059936,39943.15,76.1881,30.04444749,27.82925946,1.1,0.88845015,NA,0.281
Kuwait,Asia,2003,KWT,2109842,48809.71,76.3043,30.09469051,27.91440527,1.3,0.9613503,NA,0.286
Kuwait,Asia,2004,KWT,2157272,55911.793,76.3876,30.14172396,27.99962645,1.7,1.2485645,NA,0.285
Kuwait,Asia,2005,KWT,2236749,62959.6,76.4639,30.18458587,28.08426846,1.457,4.142976,NA,0.328
Kuwait,Asia,2006,KWT,2364699,68546.14,76.5541,30.224242,28.16905735,1.3,3.0570133,NA,0.327
Kuwait,Asia,2007,KWT,2507842,73096.87,76.6875,30.26294924,28.25584078,1.5,5.48495,21.05,0.325
Kuwait,Asia,2008,KWT,2651390,75138.12,76.8895,30.30376268,28.34749916,1.75,10.582709,NA,0.325
Kuwait,Asia,2009,KWT,2795444,70072.73,77.1674,30.34586941,28.4444582,1.64,4.6095953,NA,0.325
Kuwait,Asia,2010,KWT,2943329,68865.31,77.4995,30.38841669,28.54568514,1.82,4.4964027,NA,0.32
Kuwait,Asia,2011,KWT,3132776,77126,77.8637,30.43125679,28.6505317,2.056,4.8394036,NA,0.32
Kuwait,Asia,2012,KWT,3336980,80657.13,78.227,30.47527274,28.757458,2.234,3.255146,19.73,0.311
Kuwait,Asia,2013,KWT,3507709,80098.64,78.5831,30.52017568,28.86563593,2.476,2.6822968,NA,0.312
Kuwait,Asia,2014,KWT,3665719,79103.414,78.927,30.5660226,28.97507951,2.9,2.9089267,NA,0.316
Kuwait,Asia,2015,KWT,3834416,78261.195,79.2194,30.613244,29.08421368,2.2,3.2717016,NA,0.313
Kuwait,Asia,2016,KWT,4003921,79289.17,79.5162,30.66093207,29.19359451,2.16,3.1983979,NA,0.312
Kuwait,Asia,2017,KWT,4154633,74427.02,79.7314,NA,NA,2.223,2.171833,NA,0.325
Kuwait,Asia,2018,KWT,4323333,75163.984,79.8994,NA,NA,2.198,0.54313314,NA,0.32
Kuwait,Asia,2019,KWT,4442153,73748.44,80.0223,NA,NA,2.239,1.091848,NA,0.324
Kuwait,Asia,2020,KWT,4400103,66365.99,78.2483,NA,NA,3.535,2.1017296,NA,0.317
Kuwait,Asia,2021,KWT,4360703,66418.2,77.625,NA,NA,2.997,3.4236295,NA,0.305
Kuwait,Asia,2022,KWT,4589467,71533.516,78.7881,NA,NA,2.124,3.9806497,17.61,0.299
Kuwait,Asia,2023,KWT,4838724,NA,80.4047,NA,NA,2.076,3.642164,17.1,0.316
Lebanon,Asia,1952,LBN,1427043,5327,60.7644,NA,NA,NA,NA,NA,0.308
Lebanon,Asia,1953,LBN,1467975,5968,61.1769,NA,NA,NA,NA,NA,0.373
Lebanon,Asia,1954,LBN,1510368,6668,61.5877,NA,NA,NA,NA,NA,0.384
Lebanon,Asia,1955,LBN,1554022,7010,61.4519,NA,NA,NA,NA,NA,0.384
Lebanon,Asia,1956,LBN,1599096,6663,62.2365,NA,NA,NA,NA,NA,0.384
Lebanon,Asia,1957,LBN,1645878,6599,62.8133,NA,NA,NA,NA,NA,0.36
Lebanon,Asia,1958,LBN,1693504,5510,61.2251,NA,NA,NA,NA,NA,0.341
Lebanon,Asia,1959,LBN,1742737,5818,63.5767,NA,NA,NA,NA,NA,0.338
Lebanon,Asia,1960,LBN,1794359,5812,63.927,NA,NA,NA,NA,NA,0.37
Lebanon,Asia,1961,LBN,1850047,6027,64.267,NA,NA,NA,NA,NA,0.389
Lebanon,Asia,1962,LBN,1909537,6089,64.595,NA,NA,NA,NA,NA,0.39
Lebanon,Asia,1963,LBN,1970281,5973,64.8787,NA,NA,NA,NA,NA,0.39
Lebanon,Asia,1964,LBN,2030493,6156,65.1027,NA,NA,NA,NA,NA,0.388
Lebanon,Asia,1965,LBN,2088787,6572,65.3168,NA,NA,NA,NA,NA,0.387
Lebanon,Asia,1966,LBN,2148206,6811,65.5038,NA,NA,NA,NA,NA,0.387
Lebanon,Asia,1967,LBN,2206687,6295,65.6772,NA,NA,NA,NA,NA,0.387
Lebanon,Asia,1968,LBN,2266324,6876,65.8019,NA,NA,NA,NA,NA,0.384
Lebanon,Asia,1969,LBN,2328117,6824,65.9177,NA,NA,NA,NA,NA,0.383
Lebanon,Asia,1970,LBN,2386070,7084,66.0178,NA,NA,NA,NA,NA,0.393
Lebanon,Asia,1971,LBN,2446279,7533,66.1197,NA,NA,NA,NA,NA,0.393
Lebanon,Asia,1972,LBN,2509677,8228,66.2005,NA,NA,NA,NA,NA,0.372
Lebanon,Asia,1973,LBN,2572890,8397,66.2976,NA,NA,NA,NA,NA,0.363
Lebanon,Asia,1974,LBN,2635143,8383,66.41,NA,NA,NA,NA,NA,0.363
Lebanon,Asia,1975,LBN,2693143,5742,57.7444,23.8512747,23.61826602,NA,NA,NA,0.355
Lebanon,Asia,1976,LBN,2726428,2442,36.4358,24.01535818,23.75021847,NA,NA,NA,0.342
Lebanon,Asia,1977,LBN,2762111,4417,60.3312,24.17408336,23.8797433,NA,NA,NA,0.342
Lebanon,Asia,1978,LBN,2822635,4218,59.9963,24.32798693,24.00692169,NA,NA,NA,0.342
Lebanon,Asia,1979,LBN,2882584,4536,59.5573,24.4773534,24.13240528,NA,NA,NA,0.342
Lebanon,Asia,1980,LBN,2944724,4608,59.9089,24.62257,24.25676047,NA,NA,NA,0.342
Lebanon,Asia,1981,LBN,3008938,4549,60.2785,24.76236123,24.37893679,NA,NA,NA,0.342
Lebanon,Asia,1982,LBN,3054871,2823,47.1898,24.89739997,24.49922076,NA,NA,NA,0.342
Lebanon,Asia,1983,LBN,3094955,3402,60.7517,25.02796769,24.61817386,NA,NA,NA,0.342
Lebanon,Asia,1984,LBN,3152695,4828,61.1669,25.15496159,24.73582608,NA,NA,NA,0.342
Lebanon,Asia,1985,LBN,3217325,5895,61.5736,25.27850888,24.85309599,NA,NA,NA,0.342
Lebanon,Asia,1986,LBN,3300333,5400,62.0105,25.39578891,24.96725742,NA,NA,NA,0.342
Lebanon,Asia,1987,LBN,3385511,6202,62.5395,25.50718623,25.07954509,NA,NA,NA,0.342
Lebanon,Asia,1988,LBN,3454594,4385,62.9203,25.6138946,25.19066494,NA,NA,NA,0.329
Lebanon,Asia,1989,LBN,3525236,2488,65.1135,25.71683392,25.30090574,NA,NA,NA,0.3
Lebanon,Asia,1990,LBN,3595125,3086,65.479,25.81608682,25.41059012,NA,NA,NA,0.341
Lebanon,Asia,1991,LBN,3668859,4326.2993,70.8648,25.90941289,25.5181661,8.61,NA,NA,0.333
Lebanon,Asia,1992,LBN,3747321,4618.0054,71.1693,25.99761405,25.62440559,8.268,NA,NA,0.333
Lebanon,Asia,1993,LBN,3820609,5053.2803,71.5588,26.08139215,25.7296819,8.275,NA,NA,0.315
Lebanon,Asia,1994,LBN,3889755,5585.667,72.0301,26.16230504,25.83418446,8.364,NA,NA,0.309
Lebanon,Asia,1995,LBN,3960693,6095.397,72.3835,26.24206537,25.93783407,8.456,NA,NA,0.309
Lebanon,Asia,1996,LBN,4034739,6567.4004,72.6144,26.32109442,26.04075739,8.444,NA,NA,0.311
Lebanon,Asia,1997,LBN,4108361,6581.053,72.9402,26.39919425,26.14262802,8.62,NA,NA,0.314
Lebanon,Asia,1998,LBN,4181235,6994.1567,73.2005,26.47671085,26.24510783,8.565,NA,NA,0.314
Lebanon,Asia,1999,LBN,4255224,7147.5547,73.5135,26.55311595,26.34728218,8.735,NA,NA,0.314
Lebanon,Asia,2000,LBN,4329297,7405.707,73.8949,26.62727327,26.44767647,8.594,NA,NA,0.325
Lebanon,Asia,2001,LBN,4401866,7836.8267,74.3542,26.69876457,26.54648565,8.456,NA,NA,0.352
Lebanon,Asia,2002,LBN,4463453,8248.101,74.8356,26.76706445,26.6443612,8.225,NA,NA,0.353
Lebanon,Asia,2003,LBN,4525463,8671.1875,75.2753,26.83170389,26.74213186,8.048,NA,NA,0.353
Lebanon,Asia,2004,LBN,4599237,9491.61,75.6933,26.89323735,26.84005645,7.85,NA,NA,0.358
Lebanon,Asia,2005,LBN,4671056,9933.082,76.0737,26.95131251,26.93771281,8.247,NA,NA,0.402
Lebanon,Asia,2006,LBN,4751095,10236.868,75.6766,27.00762433,27.03562945,8.669,NA,20.54,0.444
Lebanon,Asia,2007,LBN,4844067,11276.507,76.7316,27.06450174,27.13562394,8.98,NA,21.81,0.444
Lebanon,Asia,2008,LBN,4925314,12479.107,76.9557,27.12469691,27.2399006,7.665,NA,21.31,0.451
Lebanon,Asia,2009,LBN,4992245,14039.346,77.2618,27.18710575,27.34741566,6.355,1.1950967,20.39,0.468
Lebanon,Asia,2010,LBN,5041242,15622.367,77.5292,27.25037629,27.45644545,6.77,3.9834795,20.76,0.473
Lebanon,Asia,2011,LBN,5095962,16230,77.7682,27.31417675,27.56703104,7.333,4.9714856,21.05,0.489
Lebanon,Asia,2012,LBN,5235690,16284.763,77.941,27.37925231,27.6781438,7.91,6.5814743,22.15,0.486
Lebanon,Asia,2013,LBN,5743385,15145.569,78.0365,27.4455086,27.78942114,8.423,4.8210196,22.07,0.493
Lebanon,Asia,2014,LBN,6346950,13586.273,78.148,27.51260041,27.90108797,8.796,1.8546042,NA,0.493
Lebanon,Asia,2015,LBN,6472422,12982.721,78.2754,27.57999447,28.01263058,9.27,-3.7491453,NA,0.487
Lebanon,Asia,2016,LBN,6323015,13073.557,78.3063,27.64767452,28.1243274,9.76,-0.78335965,NA,0.483
Lebanon,Asia,2017,LBN,6160085,13209.284,78.1922,NA,NA,10.236,4.321352,NA,0.474
Lebanon,Asia,2018,LBN,5984064,13236.691,78.2632,NA,NA,10.741,6.076989,NA,0.444
Lebanon,Asia,2019,LBN,5794550,12854.797,78.2079,NA,NA,11.301,3.0053895,NA,0.427
Lebanon,Asia,2020,LBN,5702353,10182.637,76.2988,NA,NA,13.235,84.864334,NA,0.44
Lebanon,Asia,2021,LBN,5718083,10573.861,73.6495,NA,NA,12.621,154.7561,NA,0.435
Lebanon,Asia,2022,LBN,5744441,10341.159,78.0029,NA,NA,11.599,171.20549,19.09,0.41
Lebanon,Asia,2023,LBN,5773446,NA,77.817,NA,NA,11.565,221.34164,21.17,0.362
Lesotho,Africa,1952,LSO,601898,666,45.9041,NA,NA,NA,NA,NA,0.074
Lesotho,Africa,1953,LSO,614426,682,46.5797,NA,NA,NA,NA,NA,0.074
Lesotho,Africa,1954,LSO,627846,708,47.3036,NA,NA,NA,NA,NA,0.074
Lesotho,Africa,1955,LSO,642141,719,47.959,NA,NA,NA,NA,NA,0.074
Lesotho,Africa,1956,LSO,657264,735,48.613,NA,NA,NA,NA,NA,0.074
Lesotho,Africa,1957,LSO,674623,749,49.1622,NA,NA,NA,NA,NA,0.074
Lesotho,Africa,1958,LSO,694285,764,49.6045,NA,NA,NA,NA,NA,0.074
Lesotho,Africa,1959,LSO,714907,773,49.9217,NA,NA,NA,NA,NA,0.074
Lesotho,Africa,1960,LSO,736472,813,50.171,NA,NA,NA,NA,NA,0.089
Lesotho,Africa,1961,LSO,758791,813,50.2745,NA,NA,NA,NA,NA,0.089
Lesotho,Africa,1962,LSO,781776,918,50.3072,NA,NA,NA,NA,NA,0.089
Lesotho,Africa,1963,LSO,805328,995,50.2597,NA,NA,NA,NA,NA,0.089
Lesotho,Africa,1964,LSO,829386,1054,50.3068,NA,NA,NA,NA,NA,0.089
Lesotho,Africa,1965,LSO,854040,1054,50.3259,NA,NA,NA,NA,NA,0.209
Lesotho,Africa,1966,LSO,881838,1025,50.3769,NA,NA,NA,NA,NA,0.275
Lesotho,Africa,1967,LSO,913943,1113,50.5129,NA,NA,NA,NA,NA,0.36
Lesotho,Africa,1968,LSO,948059,1084,50.7907,NA,NA,NA,NA,NA,0.36
Lesotho,Africa,1969,LSO,983158,1074,51.1171,NA,NA,NA,NA,NA,0.188
Lesotho,Africa,1970,LSO,1019231,1073,51.5005,NA,NA,NA,NA,NA,0.144
Lesotho,Africa,1971,LSO,1056200,952,51.845,NA,NA,NA,NA,NA,0.115
Lesotho,Africa,1972,LSO,1094018,1108,52.256100000000004,NA,NA,NA,NA,NA,0.115
Lesotho,Africa,1973,LSO,1132651,1364,52.6196,NA,NA,NA,NA,NA,0.115
Lesotho,Africa,1974,LSO,1172365,1414,52.9412,NA,NA,NA,13.422834,NA,0.115
Lesotho,Africa,1975,LSO,1213603,1270,53.4544,24.2813146,19.34776657,NA,14.21194,NA,0.115
Lesotho,Africa,1976,LSO,1253163,1447,53.931,24.37429186,19.45438262,NA,11.412552,NA,0.115
Lesotho,Africa,1977,LSO,1289923,1658,54.5258,24.4634544,19.55882266,NA,16.688313,NA,0.115
Lesotho,Africa,1978,LSO,1327195,1934,55.1663,24.5495632,19.6615259,NA,13.483579,NA,0.117
Lesotho,Africa,1979,LSO,1366125,1678,55.8426,24.63263353,19.7623384,NA,16.003551,NA,0.123
Lesotho,Africa,1980,LSO,1406479,1589,56.5342,24.71323779,19.86107597,NA,16.274841,NA,0.123
Lesotho,Africa,1981,LSO,1448026,1564,57.3075,24.79066084,19.95820704,NA,12.413261,NA,0.123
Lesotho,Africa,1982,LSO,1490680,1576,57.9759,24.86553127,20.05383051,NA,12.139917,NA,0.124
Lesotho,Africa,1983,LSO,1534358,1561,58.4952,24.93807351,20.14750586,NA,17.492355,NA,0.122
Lesotho,Africa,1984,LSO,1578947,1589,58.9548,25.00863483,20.23929855,NA,10.983863,NA,0.122
Lesotho,Africa,1985,LSO,1624329,1600,59.2105,25.07751369,20.32922862,NA,13.320826,NA,0.125
Lesotho,Africa,1986,LSO,1666089,1645,59.3459,25.14828116,20.4194841,NA,18.004967,25.48,0.119
Lesotho,Africa,1987,LSO,1703345,1621,59.5574,25.22031554,20.50977683,NA,11.750263,NA,0.128
Lesotho,Africa,1988,LSO,1739796,1736,59.5723,25.29342933,20.59957639,NA,11.456371,NA,0.128
Lesotho,Africa,1989,LSO,1775386,1804,59.5045,25.36686188,20.68839676,NA,14.728246,NA,0.128
Lesotho,Africa,1990,LSO,1809647,1882,59.3171,25.44032294,20.77564195,NA,11.634757,NA,0.158
Lesotho,Africa,1991,LSO,1842330,1853.543,59.0607,25.5139279,20.86197583,15.449,17.6781,NA,0.158
Lesotho,Africa,1992,LSO,1873226,1914.6238,58.6382,25.5879357,20.94692223,15.405,17.20852,NA,0.158
Lesotho,Africa,1993,LSO,1901753,1903.6763,58.0604,25.66141828,21.03018763,15.531,13.135661,22.65,0.506
Lesotho,Africa,1994,LSO,1927659,1924.0946,57.2879,25.73407591,21.1119271,15.587,8.214739,22.480001,0.473
Lesotho,Africa,1995,LSO,1951400,1888.699,56.3684,25.80687834,21.19276575,15.771,9.270833,NA,0.315
Lesotho,Africa,1996,LSO,1972379,1931.6608,55.1362,25.8790668,21.27327177,15.681,9.330315,NA,0.315
Lesotho,Africa,1997,LSO,1988090,1940.3105,53.7334,25.95126337,21.35333554,15.796,NA,NA,0.315
Lesotho,Africa,1998,LSO,1998000,1922.6793,52.0287,26.02341572,21.43362396,15.887,NA,NA,0.374
Lesotho,Africa,1999,LSO,2003174,1923.9032,50.3848,26.09564235,21.514544,16.145,NA,NA,0.317
Lesotho,Africa,2000,LSO,2003862,1967.4332,48.7828,26.16756188,21.59530603,16.143,6.131975,NA,0.317
Lesotho,Africa,2001,LSO,2000816,1997.3577,47.1525,26.23849719,21.67681227,16.05,-9.616154,NA,0.317
Lesotho,Africa,2002,LSO,1994629,1959.028,45.9501,26.3087109,21.75939551,16.045,33.81258,18.46,0.501
Lesotho,Africa,2003,LSO,1985004,2003.09,44.9214,26.3784341,21.84321035,16.019,6.6291637,NA,0.621
Lesotho,Africa,2004,LSO,1971085,2004.0602,44.0388,26.44726703,21.92779544,16.121,5.023421,NA,0.621
Lesotho,Africa,2005,LSO,1953032,2013.8077,43.6115,26.51428505,22.01257001,15.994,3.4378843,NA,0.621
Lesotho,Africa,2006,LSO,1945025,2056.3296,43.182,26.57943471,22.09683717,16.02,6.0727186,NA,0.621
Lesotho,Africa,2007,LSO,1953221,2106.84,43.6601,26.64301123,22.17888031,15.905,8.012437,NA,0.577
Lesotho,Africa,2008,LSO,1966490,2177.8574,44.304,26.70450873,22.25732781,15.812,10.715666,NA,0.571
Lesotho,Africa,2009,LSO,1980846,2199.3948,45.0552,26.76375129,22.33154978,16.089,-16.859692,NA,0.57
Lesotho,Africa,2010,LSO,1996200,2313.882,46.0447,26.82082997,22.40253757,16.044,-2.4052424,16.220001,0.578
Lesotho,Africa,2011,LSO,2013964,2346,46.9302,26.87640084,22.47260737,16.098,5.0366306,NA,0.582
Lesotho,Africa,2012,LSO,2034316,2456,48.2353,26.93060956,22.54162627,15.733,6.0514364,NA,0.587
Lesotho,Africa,2013,LSO,2056448,2559,49.5475,26.98303049,22.60935266,15.907,4.865119,NA,0.621
Lesotho,Africa,2014,LSO,2080036,2644,50.7865,27.03458079,22.67718248,16.056,5.37029,NA,0.623
Lesotho,Africa,2015,LSO,2104564,2710,51.8298,27.08541739,22.74478919,16.223,3.218445,NA,0.597
Lesotho,Africa,2016,LSO,2130371,2774.5996,52.9078,27.1352051,22.81298191,16.139,6.5965047,NA,0.582
Lesotho,Africa,2017,LSO,2157068,2654.4136,53.8737,NA,NA,16.391,4.4476995,14.33,0.506
Lesotho,Africa,2018,LSO,2183564,2582.512,54.6377,NA,NA,16.637,4.751803,NA,0.603
Lesotho,Africa,2019,LSO,2209365,2514.2244,55.2493,NA,NA,16.876,5.1870837,NA,0.627
Lesotho,Africa,2020,LSO,2235679,2297.383,55.1325,NA,NA,18.351,4.978097,NA,0.635
Lesotho,Africa,2021,LSO,2261496,2311.8909,54.2091,NA,NA,18.129,6.0477457,NA,0.622
Lesotho,Africa,2022,LSO,2286067,2312.9583,56.8119,NA,NA,16.668,8.271804,14.33,0.659
Lesotho,Africa,2023,LSO,2311429,NA,57.3749,NA,NA,16.46,6.3422174,14.33,0.675
Liberia,Africa,1952,LBR,954940,3277,38.0518,NA,NA,NA,NA,NA,0.193
Liberia,Africa,1953,LBR,974347,3325,38.0767,NA,NA,NA,NA,NA,0.193
Liberia,Africa,1954,LBR,994725,3427,38.0968,NA,NA,NA,NA,NA,0.193
Liberia,Africa,1955,LBR,1016347,3454,38.1094,NA,NA,NA,NA,NA,0.187
Liberia,Africa,1956,LBR,1039107,3494,38.0957,NA,NA,NA,NA,NA,0.185
Liberia,Africa,1957,LBR,1062898,3537,38.0784,NA,NA,NA,NA,NA,0.185
Liberia,Africa,1958,LBR,1087211,3545,38.0543,NA,NA,NA,NA,NA,0.185
Liberia,Africa,1959,LBR,1112512,3655,38.0562,NA,NA,NA,NA,NA,0.188
Liberia,Africa,1960,LBR,1139478,3674,38.073,NA,NA,NA,NA,NA,0.19
Liberia,Africa,1961,LBR,1167677,3663,38.1039,NA,NA,NA,NA,NA,0.19
Liberia,Africa,1962,LBR,1196998,3612,38.1673,NA,NA,NA,NA,NA,0.191
Liberia,Africa,1963,LBR,1227376,3598,38.3091,NA,NA,NA,NA,NA,0.189
Liberia,Africa,1964,LBR,1258696,3679,38.4511,NA,NA,NA,NA,NA,0.188
Liberia,Africa,1965,LBR,1291117,3639,38.693,NA,NA,NA,NA,NA,0.188
Liberia,Africa,1966,LBR,1324342,4208,38.9545,NA,NA,NA,NA,NA,0.188
Liberia,Africa,1967,LBR,1358384,4065,39.2622,NA,NA,NA,NA,NA,0.188
Liberia,Africa,1968,LBR,1393482,4136,39.5884,NA,NA,NA,NA,NA,0.189
Liberia,Africa,1969,LBR,1429574,4309,39.9911,NA,NA,NA,NA,NA,0.189
Liberia,Africa,1970,LBR,1466629,4457,40.3594,NA,NA,NA,NA,NA,0.189
Liberia,Africa,1971,LBR,1504025,4544,40.7203,NA,NA,NA,NA,NA,0.197
Liberia,Africa,1972,LBR,1542617,4568,41.1988,NA,NA,NA,NA,NA,0.221
Liberia,Africa,1973,LBR,1583551,4603,41.6186,NA,NA,NA,NA,NA,0.221
Liberia,Africa,1974,LBR,1626319,4616,42.0626,NA,NA,NA,NA,NA,0.221
Liberia,Africa,1975,LBR,1670873,4326,42.4627,19.61916403,20.29537012,NA,NA,NA,0.221
Liberia,Africa,1976,LBR,1717031,4415,42.8508,19.77955244,20.42458595,NA,NA,NA,0.218
Liberia,Africa,1977,LBR,1765980,4339,43.2204,19.93912151,20.55404417,NA,NA,NA,0.218
Liberia,Africa,1978,LBR,1818207,4463,43.5666,20.09781879,20.68343175,NA,NA,NA,0.218
Liberia,Africa,1979,LBR,1872659,4546,43.8898,20.25554502,20.8124583,NA,NA,NA,0.218
Liberia,Africa,1980,LBR,1929210,4138,44.0877,20.41220537,20.94124582,NA,NA,NA,0.123
Liberia,Africa,1981,LBR,1986808,3862,44.3441,20.57264564,21.07259181,NA,NA,NA,0.092
Liberia,Africa,1982,LBR,2045033,3813,44.4467,20.73572536,21.20551962,NA,NA,NA,0.092
Liberia,Africa,1983,LBR,2107066,3572,44.5762,20.90098925,21.3400844,NA,NA,NA,0.092
Liberia,Africa,1984,LBR,2173269,3443,44.6832,21.06769922,21.47525786,NA,NA,NA,0.099
Liberia,Africa,1985,LBR,2240506,3269,44.0256,21.23520212,21.61039017,NA,NA,NA,0.121
Liberia,Africa,1986,LBR,2308469,3129,44.4939,21.41365378,21.75207982,NA,NA,NA,0.239
Liberia,Africa,1987,LBR,2377182,3084,44.2673,21.60036712,21.89857907,NA,NA,NA,0.24
Liberia,Africa,1988,LBR,2446894,3070,44.0652,21.79392706,22.04871102,NA,NA,NA,0.232
Liberia,Africa,1989,LBR,2517803,3054,43.8633,21.99230215,22.20086353,NA,NA,NA,0.221
Liberia,Africa,1990,LBR,2223612,1690,37.6435,22.19379584,22.35435755,NA,NA,NA,0.166
Liberia,Africa,1991,LBR,1956479,1568.4043,43.5745,22.35943187,22.48086799,2.68,NA,NA,0.2
Liberia,Africa,1992,LBR,2072424,915.1206,43.5661,22.49503866,22.58206813,2.747,NA,NA,0.2
Liberia,Africa,1993,LBR,2155082,560.333,43.0215,22.60485011,22.66104165,2.7,NA,NA,0.205
Liberia,Africa,1994,LBR,2149886,418.12158,42.6212,22.6942709,22.7202163,2.664,NA,NA,0.17
Liberia,Africa,1995,LBR,2169123,377.58008,44.5732,22.7687926,22.76202006,2.588,NA,NA,0.166
Liberia,Africa,1996,LBR,2232235,391.0859,44.9454,22.84431979,22.79890908,2.371,NA,NA,0.151
Liberia,Africa,1997,LBR,2412950,701.7854,48.3022,22.92351454,22.83281016,2.176,NA,NA,0.241
Liberia,Africa,1998,LBR,2670081,772.67645,49.3671,23.00908676,22.86602136,2.038,NA,NA,0.349
Liberia,Africa,1999,LBR,2821636,848.42114,50.4116,23.10248657,22.89915062,2.021,NA,NA,0.341
Liberia,Africa,2000,LBR,2928076,971.93304,51.8517,23.20456234,22.93354995,2.035,NA,NA,0.342
Liberia,Africa,2001,LBR,3015303,1097.2496,53.1095,23.31965225,22.97369902,2.125,NA,NA,0.341
Liberia,Africa,2002,LBR,3094739,1342.7588,54.0612,23.44367385,23.01816767,2.211,14.159647,NA,0.341
Liberia,Africa,2003,LBR,3119476,851.91095,53.045,23.57379505,23.06533157,2.406,10.330288,NA,0.306
Liberia,Africa,2004,LBR,3156848,760.8758,55.9489,23.70753445,23.11172403,2.412,7.8290873,NA,0.24
Liberia,Africa,2005,LBR,3300982,755.2236,56.7648,23.841863,23.15458635,2.403,10.834359,NA,0.277
Liberia,Africa,2006,LBR,3490739,769.29297,57.4946,23.9756473,23.19234704,2.274,7.341446,NA,0.65
Liberia,Africa,2007,LBR,3669008,768.20703,58.1469,24.10852702,23.22337078,2.223,11.391896,12.57,0.662
Liberia,Africa,2008,LBR,3820959,811.158,58.6751,24.24022123,23.24623445,2.211,17.489449,NA,0.662
Liberia,Africa,2009,LBR,3942987,838.452,59.1064,24.36935908,23.25903516,2.236,7.427643,NA,0.662
Liberia,Africa,2010,LBR,4058844,854.235,59.3577,24.49533472,23.26140871,2.266,7.289928,NA,0.648
Liberia,Africa,2011,LBR,4221132,820,59.4862,24.61821643,23.25526667,2.208,8.488168,NA,0.645
Liberia,Africa,2012,LBR,4373007,853,59.7855,24.73724772,23.24132978,2.138,6.831787,NA,0.64
Liberia,Africa,2013,LBR,4470187,900,59.9925,24.85411102,23.22349412,2.072,7.5773067,NA,0.613
Liberia,Africa,2014,LBR,4564257,884,59.2101,24.97003463,23.20656943,2.079,9.861113,10.679999,0.61
Liberia,Africa,2015,LBR,4659399,865,59.2481,25.08513957,23.18944146,2.553,7.748697,NA,0.609
Liberia,Africa,2016,LBR,4755560,843.52625,60.4834,25.19952427,23.17230055,3.081,8.834249,12,0.616
Liberia,Africa,2017,LBR,4848875,848.2952,60.7767,NA,NA,3.066,12.419632,NA,0.617
Liberia,Africa,2018,LBR,4944685,842.37573,60.9995,NA,NA,3.057,23.563515,NA,0.619
Liberia,Africa,2019,LBR,5043670,807.3494,61.2324,NA,NA,3.072,26.966276,NA,0.621
Liberia,Africa,2020,LBR,5149439,768.40546,61.2672,NA,NA,4.092,16.955725,NA,0.634
Liberia,Africa,2021,LBR,5259278,790.2841,61.1658,NA,NA,3.792,7.8155937,NA,0.612
Liberia,Africa,2022,LBR,5373250,811.2146,61.9342,NA,NA,2.99,7.5929847,12,0.614
Liberia,Africa,2023,LBR,5492981,NA,62.1625,NA,NA,2.939,10.094454,12,0.623
Libya,Africa,1952,LBY,1162431,697,33.8006,NA,NA,NA,NA,NA,0.071
Libya,Africa,1953,LBY,1183252,685,34.1825,NA,NA,NA,NA,NA,0.067
Libya,Africa,1954,LBY,1208130,662,34.6546,NA,NA,NA,NA,NA,0.067
Libya,Africa,1955,LBY,1241342,807,35.249,NA,NA,NA,NA,NA,0.067
Libya,Africa,1956,LBY,1282910,950,36.003,NA,NA,NA,NA,NA,0.102
Libya,Africa,1957,LBY,1328802,958,36.8759,NA,NA,NA,NA,NA,0.103
Libya,Africa,1958,LBY,1379163,1020,37.9905,NA,NA,NA,NA,NA,0.103
Libya,Africa,1959,LBY,1433916,1063,39.2657,NA,NA,NA,NA,NA,0.103
Libya,Africa,1960,LBY,1492852,1323,40.7522,NA,NA,NA,NA,NA,0.105
Libya,Africa,1961,LBY,1555656,1400,42.3619,NA,NA,NA,NA,NA,0.105
Libya,Africa,1962,LBY,1621904,1788,44.0755,NA,NA,NA,NA,NA,0.105
Libya,Africa,1963,LBY,1690418,2322,45.5845,NA,NA,NA,NA,NA,0.136
Libya,Africa,1964,LBY,1753646,3156,47.6522,NA,NA,NA,NA,NA,0.136
Libya,Africa,1965,LBY,1803974,3889,49.2776,NA,NA,NA,11.425,NA,0.14
Libya,Africa,1966,LBY,1849017,4417,50.9458,NA,NA,NA,12.242914,NA,0.142
Libya,Africa,1967,LBY,1898162,4733,52.4615,NA,NA,NA,7.2961087,NA,0.141
Libya,Africa,1968,LBY,1952755,6071,53.849,NA,NA,NA,0.39123145,NA,0.141
Libya,Africa,1969,LBY,2014244,6539,55.173,NA,NA,NA,9.785971,NA,0.087
Libya,Africa,1970,LBY,2082553,6591,56.3791,NA,NA,NA,-5.2963715,NA,0.072
Libya,Africa,1971,LBY,2153491,6008,57.5826,NA,NA,NA,-3.1038494,NA,0.072
Libya,Africa,1972,LBY,2226054,6237,58.6855,NA,NA,NA,-0.2510232,NA,0.072
Libya,Africa,1973,LBY,2314150,6005,59.7104,NA,NA,NA,7.970896,NA,0.072
Libya,Africa,1974,LBY,2432170,6923,60.7093,NA,NA,NA,7.4584517,NA,0.072
Libya,Africa,1975,LBY,2571507,6872,61.6207,25.28739576,23.35881028,NA,9.119201,NA,0.072
Libya,Africa,1976,LBY,2721196,8142,62.4481,25.53018942,23.53111481,NA,5.479215,NA,0.072
Libya,Africa,1977,LBY,2881494,8682,63.1294,25.75449458,23.69339238,NA,6.280213,NA,0.072
Libya,Africa,1978,LBY,3052484,8730,63.796,25.96230605,23.84695033,NA,29.379795,NA,0.072
Libya,Africa,1979,LBY,3233799,9086,64.3275,26.15617491,23.99335852,NA,-6.0390286,NA,0.072
Libya,Africa,1980,LBY,3424331,8741,64.7975,26.33877257,24.13404411,NA,9.734289,NA,0.072
Libya,Africa,1981,LBY,3621441,6760,65.2549,26.50798074,24.2671424,NA,11.199722,NA,0.072
Libya,Africa,1982,LBY,3724722,6661,65.7679,26.6661708,24.39386404,NA,10.258809,NA,0.072
Libya,Africa,1983,LBY,3718916,6237,66.2605,26.81544651,24.5157056,NA,10.605204,NA,0.072
Libya,Africa,1984,LBY,3773594,5695,66.7477,26.95777102,24.63382076,NA,12.477627,NA,0.072
Libya,Africa,1985,LBY,3898702,6092,67.2854,27.09486428,24.74952631,NA,9.13844,NA,0.072
Libya,Africa,1986,LBY,4017358,5370,67.8057,27.21854788,24.85699418,NA,3.290981,NA,0.072
Libya,Africa,1987,LBY,4129694,4465,68.2579,27.33070271,24.957517760000002,NA,4.3557167,NA,0.072
Libya,Africa,1988,LBY,4237705,4670,68.6083,27.43316297,25.05234627,NA,6.0869565,NA,0.072
Libya,Africa,1989,LBY,4342874,4873,68.9786,27.52804864,25.14252996,NA,1.5118397,NA,0.072
Libya,Africa,1990,LBY,4445195,4921,69.3118,27.61659068,25.22820889,NA,8.451463,NA,0.072
Libya,Africa,1991,LBY,4544355,5977.337,69.6353,27.70028136,25.31096765,18.69,11.896095,NA,0.072
Libya,Africa,1992,LBY,4640308,6113.3535,69.9735,27.78027504,25.39146433,18.92,9.359752,NA,0.072
Libya,Africa,1993,LBY,4733004,6190.681,70.2474,27.85800218,25.47033959,19.102,11.073553,NA,0.072
Libya,Africa,1994,LBY,4822003,6645.0767,70.4725,27.93491983,25.54757914,19.411,5.112599,NA,0.072
Libya,Africa,1995,LBY,4906800,6898.952,70.6415,28.01256469,25.62333404,19.483,7.237985,NA,0.072
Libya,Africa,1996,LBY,4987359,7543.9355,70.7358,28.09141677,25.69796436,19.322,4.0280776,NA,0.072
Libya,Africa,1997,LBY,5064597,8422.215,70.7197,28.17090367,25.77080184,19.439,3.5502958,NA,0.072
Libya,Africa,1998,LBY,5140658,8545.48,70.6567,28.2512379,25.84268846,19.271,3.709273,NA,0.072
Libya,Africa,1999,LBY,5217988,9064.067,70.6007,28.33125246,25.91262423,19.306,2.6486225,NA,0.072
Libya,Africa,2000,LBY,5304966,9770.98,70.5421,28.40925999,25.97855921,19.168,-2.9,NA,0.072
Libya,Africa,2001,LBY,5403582,10354.482,70.6533,28.48592231,26.04216162,19.186,-8.813937,NA,0.072
Libya,Africa,2002,LBY,5508364,10787.675,70.7883,28.56053025,26.1042599,19.198,-9.797647,NA,0.072
Libya,Africa,2003,LBY,5619351,12870.574,70.996,28.63230637,26.16520036,19.002,-2.1911519,NA,0.072
Libya,Africa,2004,LBY,5736648,14193.259,71.2096,28.70146709,26.22528656,18.873,-2.1975677,NA,0.072
Libya,Africa,2005,LBY,5858740,16538.557,71.4386,28.76779234,26.28422464,18.613,2.6502059,NA,0.072
Libya,Africa,2006,LBY,5980165,18657.062,71.6324,28.83257325,26.3428748,18.744,1.4592688,NA,0.072
Libya,Africa,2007,LBY,6104333,20731.719,71.7876,28.89817627,26.40359746,18.708,6.250988,NA,0.072
Libya,Africa,2008,LBY,6235390,25140.6,71.9361,28.96759512,26.46871681,18.953,10.360729,NA,0.072
Libya,Africa,2009,LBY,6366647,26403.787,72.0706,29.03904747,26.53693366,19.18,2.4599001,NA,0.072
Libya,Africa,2010,LBY,6497778,29157.143,72.1963,29.11139692,26.60715386,19.208,2.799895,NA,0.072
Libya,Africa,2011,LBY,6343162,12893,69.9496,29.1846358,26.67948851,19.43,15.518481,NA,0.176
Libya,Africa,2012,LBY,6179281,25302.516,72.1882,29.25915438,26.75305026,19.03,6.059804,NA,0.33
Libya,Africa,2013,LBY,6304591,20190.09,72.3387,29.3349823,26.82715928,19.316,2.605818,NA,0.541
Libya,Africa,2014,LBY,6427214,15154.099,71.2996,29.41154032,26.90212615,19.298,2.4329414,NA,0.28
Libya,Africa,2015,LBY,6531779,14720.548,71.644,29.4889323,26.97740739,19.649,10.402293,NA,0.284
Libya,Africa,2016,LBY,6632080,14219.172,71.7987,29.56632955,27.05258408,19.5,25.853874,NA,0.284
Libya,Africa,2017,LBY,6738721,18455.953,72.721,NA,NA,19.015,25.80362,NA,0.273
Libya,Africa,2018,LBY,6849014,19504.555,73.1508,NA,NA,18.836,13.170204,NA,0.267
Libya,Africa,2019,LBY,6950993,16971.502,72.9412,NA,NA,19.037,-2.1621788,NA,0.265
Libya,Africa,2020,LBY,7045359,11741.864,72.3882,NA,NA,19.535,1.4470366,NA,0.265
Libya,Africa,2021,LBY,7135138,14797.098,72.0617,NA,NA,19.595,2.8683302,NA,0.218
Libya,Africa,2022,LBY,7223757,12755.204,74.4615,NA,NA,19.319,4.5103016,16.5,0.207
Libya,Africa,2023,LBY,7305611,NA,69.3389,NA,NA,18.743,2.3731754,16.769999,0.196
Madagascar,Africa,1952,MDG,4160796,1581,40.3407,NA,NA,NA,NA,NA,0.056
Madagascar,Africa,1953,MDG,4267485,1613,40.6562,NA,NA,NA,NA,NA,0.056
Madagascar,Africa,1954,MDG,4377280,1645,40.9484,NA,NA,NA,NA,NA,0.056
Madagascar,Africa,1955,MDG,4490075,1677,41.278,NA,NA,NA,NA,NA,0.056
Madagascar,Africa,1956,MDG,4606376,1709,41.6911,NA,NA,NA,NA,NA,0.063
Madagascar,Africa,1957,MDG,4726586,1741,42.1134,NA,NA,NA,NA,NA,0.132
Madagascar,Africa,1958,MDG,4850808,1773,42.5049,NA,NA,NA,NA,NA,0.132
Madagascar,Africa,1959,MDG,4979045,1804,42.9518,NA,NA,NA,NA,NA,0.136
Madagascar,Africa,1960,MDG,5110982,1793,43.3485,NA,NA,NA,NA,NA,0.15
Madagascar,Africa,1961,MDG,5246115,1795,43.79,NA,NA,NA,NA,NA,0.18
Madagascar,Africa,1962,MDG,5384114,1800,44.1855,NA,NA,NA,NA,NA,0.254
Madagascar,Africa,1963,MDG,5525145,1747,44.6257,NA,NA,NA,NA,NA,0.254
Madagascar,Africa,1964,MDG,5669816,1779,45.0367,NA,NA,NA,NA,NA,0.254
Madagascar,Africa,1965,MDG,5819062,1734,45.4474,NA,NA,NA,4.2018604,NA,0.25
Madagascar,Africa,1966,MDG,5974233,1733,45.9797,NA,NA,NA,3.211574,NA,0.249
Madagascar,Africa,1967,MDG,6136441,1790,46.4571,NA,NA,NA,0.8151904,NA,0.249
Madagascar,Africa,1968,MDG,6306459,1871,46.9324,NA,NA,NA,0.95651317,NA,0.249
Madagascar,Africa,1969,MDG,6484677,1900,47.3223,NA,NA,NA,3.828873,NA,0.249
Madagascar,Africa,1970,MDG,6671955,1954,47.8984,NA,NA,NA,2.8786454,NA,0.249
Madagascar,Africa,1971,MDG,6868827,1986,48.2041,NA,NA,NA,5.3858814,NA,0.254
Madagascar,Africa,1972,MDG,7074367,1916,48.5068,NA,NA,NA,5.6225595,NA,0.191
Madagascar,Africa,1973,MDG,7288005,1824,48.9208,NA,NA,NA,6.120102,NA,0.148
Madagascar,Africa,1974,MDG,7509686,1816,49.3032,NA,NA,NA,22.100945,NA,0.148
Madagascar,Africa,1975,MDG,7739283,1795,49.596,18.59643242,18.50588508,NA,8.191213,NA,0.151
Madagascar,Africa,1976,MDG,7976782,1694,49.7996,18.68722453,18.61597721,NA,4.986815,NA,0.201
Madagascar,Africa,1977,MDG,8222180,1691,49.9447,18.77758581,18.72591727,NA,3.108953,NA,0.2
Madagascar,Africa,1978,MDG,8475808,1604,50.017,18.86731833,18.83563905,NA,6.528447,NA,0.199
Madagascar,Africa,1979,MDG,8737542,1714,50.0591,18.95648246,18.94483604,NA,14.055593,NA,0.199
Madagascar,Africa,1980,MDG,9005988,1680,49.9844,19.04487787,19.05415485,NA,18.217865,21.43,0.198
Madagascar,Africa,1981,MDG,9278967,1492,49.8063,19.13291515,19.16303019,NA,30.538177,NA,0.2
Madagascar,Africa,1982,MDG,9557638,1423,50.009,19.22054137,19.27117192,NA,31.789705,NA,0.2
Madagascar,Africa,1983,MDG,9842996,1395,50.1072,19.30743163,19.37942538,NA,19.328339,NA,0.197
Madagascar,Africa,1984,MDG,10134509,1305,50.2087,19.39428889,19.48703939,NA,9.856621,NA,0.196
Madagascar,Africa,1985,MDG,10433096,1296,50.406,19.48000586,19.59316299,NA,10.556484,NA,0.2
Madagascar,Africa,1986,MDG,10736824,1267,50.6515,19.56477992,19.69803698,NA,14.497333,NA,0.2
Madagascar,Africa,1987,MDG,11047249,1258,51.0984,19.64844068,19.80178716,NA,14.993135,NA,0.205
Madagascar,Africa,1988,MDG,11369413,1240,51.4246,19.73102407,19.9037822,NA,26.853798,NA,0.213
Madagascar,Africa,1989,MDG,11704948,1251,51.8158,19.81237865,20.0034265,NA,9.012996,NA,0.219
Madagascar,Africa,1990,MDG,12055603,1262,52.1403,19.89208934,20.1006672,NA,11.784484,NA,0.234
Madagascar,Africa,1991,MDG,12421371,1160.6705,52.555,19.96819537,20.19402803,6.14,8.592648,NA,0.249
Madagascar,Africa,1992,MDG,12800810,1152.6461,52.9464,20.0406907,20.28287079,6.251,14.512379,NA,0.285
Madagascar,Africa,1993,MDG,13197304,1154.1895,53.7325,20.10961843,20.36677693,6.3,10.008361,NA,0.442
Madagascar,Africa,1994,MDG,13613809,1132.1718,54.2469,20.17531811,20.44608061,6.09,38.94179,NA,0.557
Madagascar,Africa,1995,MDG,14051223,1129.8485,54.845,20.23845684,20.52105099,6.078,49.08021,NA,0.557
Madagascar,Africa,1996,MDG,14510669,1132.4437,55.4768,20.29803139,20.59106574,6.082,19.756355,NA,0.549
Madagascar,Africa,1997,MDG,14990764,1152.1545,56.1267,20.35514475,20.65671881,5.963,4.4863825,14.61,0.508
Madagascar,Africa,1998,MDG,15489329,1174.2272,56.8028,20.40930993,20.71816162,5.896,6.208016,NA,0.509
Madagascar,Africa,1999,MDG,16000457,1206.8938,57.4344,20.46126414,20.77629846,5.82,9.929534,11.64,0.508
Madagascar,Africa,2000,MDG,16516293,1238.7764,57.9742,20.51078957,20.83110452,5.8,11.859685,NA,0.503
Madagascar,Africa,2001,MDG,17032888,1290.1064,58.6744,20.55855857,20.88385302,5.35,7.916945,15.76,0.498
Madagascar,Africa,2002,MDG,17549869,1110.8217,59.1704,20.60378456,20.93473185,5.52,16.498526,NA,0.427
Madagascar,Africa,2003,MDG,18071806,1198.4432,59.6926,20.64677013,20.98377772,5.01,-1.7040048,NA,0.488
Madagascar,Africa,2004,MDG,18606549,1239.897,60.1684,20.68701548,21.03194804,3.952,13.955802,NA,0.488
Madagascar,Africa,2005,MDG,19159663,1276.4868,60.6639,20.72400673,21.07830373,2.62,18.363825,18.33,0.488
Madagascar,Africa,2006,MDG,19730869,1322.4795,61.1404,20.76097307,21.1249911,2.945,10.765637,NA,0.48
Madagascar,Africa,2007,MDG,20318540,1384.185,61.5335,20.79771797,21.1712458,3.2,10.287967,NA,0.488
Madagascar,Africa,2008,MDG,20923790,1458.7854,61.9919,20.83470794,21.21668178,3.428,9.296509,NA,0.497
Madagascar,Africa,2009,MDG,21547225,1367.6863,62.3044,20.87200408,21.26063159,3.883,8.954218,NA,0.276
Madagascar,Africa,2010,MDG,22183297,1349.6199,62.5967,20.9103685,21.30385524,4.28,9.247322,18.6,0.226
Madagascar,Africa,2011,MDG,22822256,1347,62.8602,20.94972463,21.34802679,2.518,9.48254,NA,0.226
Madagascar,Africa,2012,MDG,23462392,1350.6381,63.0068,20.98954649,21.39319675,0.599,5.7138443,15.0199995,0.226
Madagascar,Africa,2013,MDG,24109241,1345.351,63.1613,21.02935667,21.43885222,0.995,5.8264294,NA,0.252
Madagascar,Africa,2014,MDG,24764298,1354.1407,63.2615,21.06913456,21.48526885,1.385,6.080408,NA,0.449
Madagascar,Africa,2015,MDG,25426654,1360.7545,63.3621,21.10766375,21.531647,1.785,7.404192,NA,0.469
Madagascar,Africa,2016,MDG,26099905,1379.3699,63.4312,21.14453119,21.57781202,1.944,6.0357585,NA,0.474
Madagascar,Africa,2017,MDG,26788326,1398.0183,63.4328,NA,NA,2.113,8.609051,NA,0.473
Madagascar,Africa,2018,MDG,27494881,1407.4424,63.4911,NA,NA,2.289,8.59423,NA,0.492
Madagascar,Africa,2019,MDG,28219511,1434.2703,63.5039,NA,NA,2.46,5.6105146,NA,0.494
Madagascar,Africa,2020,MDG,28953509,1300.5428,62.706,NA,NA,3.246,4.201793,NA,0.501
Madagascar,Africa,2021,MDG,29691033,1343.4438,62.5157,NA,NA,3.415,5.812251,NA,0.494
Madagascar,Africa,2022,MDG,30437216,1367.0938,63.0677,NA,NA,3.186,8.16059,15.0199995,0.497
Madagascar,Africa,2023,MDG,31195885,NA,63.6317,NA,NA,3.061,9.874327,15.0199995,0.479
Malawi,Africa,1952,MWI,3059345,540,32.9852,NA,NA,NA,NA,NA,0.012
Malawi,Africa,1953,MWI,3119188,553,33.164,NA,NA,NA,NA,NA,0.012
Malawi,Africa,1954,MWI,3181493,566,33.3479,NA,NA,NA,NA,NA,0.012
Malawi,Africa,1955,MWI,3246497,564,33.5805,NA,NA,NA,NA,NA,0.013
Malawi,Africa,1956,MWI,3315245,599,33.8494,NA,NA,NA,NA,NA,0.013
Malawi,Africa,1957,MWI,3387702,610,34.1069,NA,NA,NA,NA,NA,0.013
Malawi,Africa,1958,MWI,3463888,618,34.4411,NA,NA,NA,NA,NA,0.014
Malawi,Africa,1959,MWI,3544111,626,34.7611,NA,NA,NA,NA,NA,0.016
Malawi,Africa,1960,MWI,3628085,628,34.9862,NA,NA,NA,NA,NA,0.041
Malawi,Africa,1961,MWI,3715495,644,35.2295,NA,NA,NA,NA,NA,0.118
Malawi,Africa,1962,MWI,3806260,626,35.4491,NA,NA,NA,NA,NA,0.175
Malawi,Africa,1963,MWI,3900464,599,35.6426,NA,NA,NA,NA,NA,0.237
Malawi,Africa,1964,MWI,3997271,572,35.6806,NA,NA,NA,NA,NA,0.274
Malawi,Africa,1965,MWI,4096111,633,35.7401,NA,NA,NA,NA,NA,0.237
Malawi,Africa,1966,MWI,4197879,679,35.8305,NA,NA,NA,NA,NA,0.21
Malawi,Africa,1967,MWI,4302976,725,35.9406,NA,NA,NA,NA,NA,0.209
Malawi,Africa,1968,MWI,4411010,697,36.085,NA,NA,NA,NA,NA,0.209
Malawi,Africa,1969,MWI,4521143,722,36.3007,NA,NA,NA,NA,NA,0.209
Malawi,Africa,1970,MWI,4633897,713,36.638,NA,NA,NA,NA,NA,0.209
Malawi,Africa,1971,MWI,4751395,794,37.095,NA,NA,NA,NA,NA,0.209
Malawi,Africa,1972,MWI,4874435,851,37.6084,NA,NA,NA,NA,NA,0.209
Malawi,Africa,1973,MWI,5003881,896,38.355,NA,NA,NA,NA,NA,0.209
Malawi,Africa,1974,MWI,5141297,928,39.1965,NA,NA,NA,NA,NA,0.209
Malawi,Africa,1975,MWI,5287321,934,40.0794,19.32017174,18.90139991,NA,NA,NA,0.209
Malawi,Africa,1976,MWI,5443334,942,41.0223,19.43612899,19.01950317,NA,NA,NA,0.181
Malawi,Africa,1977,MWI,5614944,961,41.9789,19.55137096,19.13708212,NA,NA,NA,0.163
Malawi,Africa,1978,MWI,5810078,1015,43.0025,19.66574089,19.25395057,NA,NA,NA,0.165
Malawi,Africa,1979,MWI,6028698,1030,43.7031,19.77954636,19.37057803,NA,NA,NA,0.168
Malawi,Africa,1980,MWI,6265486,1004,44.3308,19.8926459,19.48716075,NA,NA,NA,0.168
Malawi,Africa,1981,MWI,6516405,925,44.72,20.00458043,19.60293598,NA,11.814697,NA,0.168
Malawi,Africa,1982,MWI,6778837,904,44.8399,20.11574847,19.71777292,NA,9.821162,NA,0.168
Malawi,Africa,1983,MWI,7051656,913,44.974,20.22605702,19.83203119,NA,13.50251,NA,0.167
Malawi,Africa,1984,MWI,7332768,925,44.8067,20.33623525,19.94551194,NA,20.026302,NA,0.167
Malawi,Africa,1985,MWI,7620472,966,44.5678,20.44536368,20.05751678,NA,10.518976,NA,0.167
Malawi,Africa,1986,MWI,7906436,936,44.2977,20.55440094,20.16858261,NA,14.046868,NA,0.167
Malawi,Africa,1987,MWI,8293121,905,43.9024,20.66262737,20.27896278,NA,25.155096,NA,0.167
Malawi,Africa,1988,MWI,8753208,872,43.5694,20.77031056,20.3881477,NA,33.912167,NA,0.166
Malawi,Africa,1989,MWI,9176180,864,43.5152,20.87757178,20.49613337,NA,12.4463625,NA,0.166
Malawi,Africa,1990,MWI,9545814,861,43.5748,20.98416187,20.60246976,NA,11.823538,NA,0.166
Malawi,Africa,1991,MWI,9844177,899.9751,43.5397,21.0893924,20.70721114,4.876,12.615315,NA,0.166
Malawi,Africa,1992,MWI,10135031,802.9305,43.6363,21.19310862,20.80988026,5.036,23.751352,NA,0.188
Malawi,Africa,1993,MWI,10283993,865.7632,43.6485,21.29527657,20.90935545,4.967,22.77271,NA,0.251
Malawi,Africa,1994,MWI,10164857,791.55005,43.8,21.39625446,21.00607319,5.333,34.649635,NA,0.456
Malawi,Africa,1995,MWI,10150070,906.879,43.8043,21.4965214,21.10003134,4.884,83.325775,NA,0.558
Malawi,Africa,1996,MWI,10352180,972.82135,44.0051,21.59595535,21.19133228,4.929,37.602043,NA,0.559
Malawi,Africa,1997,MWI,10561988,1005.8521,44.1995,21.69499238,21.28049109,4.69,9.137352,64.240005,0.559
Malawi,Africa,1998,MWI,10792827,986.0287,44.2995,21.79333219,21.36766277,4.915,29.748652,NA,0.559
Malawi,Africa,1999,MWI,11047768,989.83594,45.06,21.89137366,21.45272941,4.993,44.804165,NA,0.507
Malawi,Africa,2000,MWI,11315896,967.0872,46.1698,21.988064,21.53583343,5.034,29.581488,NA,0.475
Malawi,Africa,2001,MWI,11593011,899.2305,47.2049,22.08264065,21.61632891,5.202,22.7,NA,0.475
Malawi,Africa,2002,MWI,11880377,886.1978,48.1757,22.17406995,21.6947894,5.229,14.744635,NA,0.475
Malawi,Africa,2003,MWI,12181526,905.7955,49.6013,22.26259921,21.77107304,5.151,9.5767975,NA,0.475
Malawi,Africa,2004,MWI,12500688,922.7613,51.0731,22.34791212,21.84559846,4.958,11.429806,18.83,0.458
Malawi,Africa,2005,MWI,12839988,920.0499,52.4693,22.42998255,21.91738314,4.931,15.410345,NA,0.446
Malawi,Africa,2006,MWI,13198644,929.4762,53.652,22.50958999,21.98697492,4.95,13.974295,NA,0.441
Malawi,Africa,2007,MWI,13576290,982.39166,54.6867,22.58727018,22.05385567,4.876,7.95221,NA,0.443
Malawi,Africa,2008,MWI,13976359,1017.8208,55.7151,22.66364067,22.11760038,4.801,8.712602,NA,0.443
Malawi,Africa,2009,MWI,14395732,1061.9495,56.7139,22.73887943,22.17801342,4.74,8.422044,NA,0.496
Malawi,Africa,2010,MWI,14826420,1091.5876,57.787,22.81325958,22.23636434,4.787,7.411591,21.73,0.516
Malawi,Africa,2011,MWI,15264976,1102,58.8589,22.88810407,22.29488663,4.835,7.6228228,NA,0.514
Malawi,Africa,2012,MWI,15709541,1089.3064,59.8695,22.96320598,22.35420073,4.951,21.271265,NA,0.534
Malawi,Africa,2013,MWI,16161772,1112.7039,60.8158,23.0389158,22.4142858,4.978,27.283333,NA,0.558
Malawi,Africa,2014,MWI,16621485,1142.9807,61.6507,23.11493148,22.47520458,4.966,23.792065,NA,0.543
Malawi,Africa,2015,MWI,17085543,1144.3241,62.324,23.19040869,22.53632451,4.95,21.867348,NA,0.538
Malawi,Africa,2016,MWI,17557696,1138.7363,63.163,23.26532312,22.59813348,5.003,21.711113,31.060001,0.536
Malawi,Africa,2017,MWI,18039666,1153.043,63.9145,NA,NA,5.033,11.543394,NA,0.546
Malawi,Africa,2018,MWI,18528036,1172.6713,64.4641,NA,NA,5.003,12.420178,NA,0.527
Malawi,Africa,2019,MWI,19025698,1205.477,64.995,NA,NA,4.949,9.370836,NA,0.476
Malawi,Africa,2020,MWI,19533837,1186.6827,65.2159,NA,NA,5.681,8.625515,NA,0.539
Malawi,Africa,2021,MWI,20047218,1211.2092,64.782,NA,NA,5.585,9.330144,NA,0.605
Malawi,Africa,2022,MWI,20568683,1190.0509,66.037,NA,NA,5.051,20.95397,15.0199995,0.614
Malawi,Africa,2023,MWI,21104426,NA,67.3535,NA,NA,5.044,28.789743,15.0199995,0.576
Malaysia,Asia,1952,MYS,6422805,2345,50.1479,NA,NA,NA,NA,NA,0.069
Malaysia,Asia,1953,MYS,6593886,2295,51.1297,NA,NA,NA,NA,NA,0.069
Malaysia,Asia,1954,MYS,6772320,2375,51.9846,NA,NA,NA,NA,NA,0.069
Malaysia,Asia,1955,MYS,6959913,2327,52.8412,NA,NA,NA,NA,NA,0.21
Malaysia,Asia,1956,MYS,7156585,2399,53.6704,NA,NA,NA,NA,NA,0.301
Malaysia,Asia,1957,MYS,7362763,2319,54.5086,NA,NA,NA,NA,NA,0.31
Malaysia,Asia,1958,MYS,7562837,2252,55.4082,NA,NA,NA,NA,NA,0.317
Malaysia,Asia,1959,MYS,7755725,2338,56.3127,NA,NA,NA,NA,NA,0.316
Malaysia,Asia,1960,MYS,7956159,2439,57.1681,NA,NA,NA,0.0631826,NA,0.315
Malaysia,Asia,1961,MYS,8164398,2538,58.015,NA,NA,NA,-0.18040772,NA,0.315
Malaysia,Asia,1962,MYS,8380129,2609,58.8553,NA,NA,NA,0.108440265,NA,0.311
Malaysia,Asia,1963,MYS,8602118,2660,59.6674,NA,NA,NA,3.1052537,NA,0.311
Malaysia,Asia,1964,MYS,8828366,2754,60.4476,NA,NA,NA,-0.40273157,NA,0.303
Malaysia,Asia,1965,MYS,9056368,2876,61.1444,NA,NA,NA,-0.10548523,NA,0.299
Malaysia,Asia,1966,MYS,9284645,2942,61.6788,NA,NA,NA,0.967969,NA,0.298
Malaysia,Asia,1967,MYS,9507063,2917,62.0442,NA,NA,NA,4.575562,NA,0.298
Malaysia,Asia,1968,MYS,9725236,3096,62.4434,NA,NA,NA,-0.15834653,NA,0.298
Malaysia,Asia,1969,MYS,9947554,3196,62.8683,NA,NA,NA,-0.40901503,NA,0.212
Malaysia,Asia,1970,MYS,10178750,3314,63.2983,NA,NA,NA,1.843936,NA,0.148
Malaysia,Asia,1971,MYS,10423413,3475,63.7697,NA,NA,NA,1.6130359,NA,0.148
Malaysia,Asia,1972,MYS,10676788,3649,64.2323,NA,NA,NA,3.2315543,NA,0.21
Malaysia,Asia,1973,MYS,10935582,4081,64.7255,NA,NA,NA,10.560176,NA,0.21
Malaysia,Asia,1974,MYS,11200855,4285,65.2041,NA,NA,NA,17.328981,NA,0.234
Malaysia,Asia,1975,MYS,11471862,4221,65.6974,20.68138774,20.84961118,NA,4.4877224,NA,0.276
Malaysia,Asia,1976,MYS,11750044,4638,66.2328,20.83808823,20.95990885,NA,2.6337116,NA,0.276
Malaysia,Asia,1977,MYS,12035671,4903,66.7201,20.99373246,21.07063823,NA,4.788224,NA,0.276
Malaysia,Asia,1978,MYS,12328114,5214,67.1704,21.14815817,21.18104889,NA,4.8600645,NA,0.277
Malaysia,Asia,1979,MYS,12627813,5510,67.607,21.30144947,21.29103153,NA,3.654468,NA,0.278
Malaysia,Asia,1980,MYS,12983313,5829,68.0609,21.45372409,21.40079561,NA,6.6749196,NA,0.281
Malaysia,Asia,1981,MYS,13399154,6095,68.4607,21.60451831,21.50976443,NA,9.7,NA,0.274
Malaysia,Asia,1982,MYS,13832752,6303,68.8758,21.75390301,21.61808221,NA,5.8189,NA,0.272
Malaysia,Asia,1983,MYS,14285863,6529,69.2054,21.90166311,21.72561424,NA,3.7042356,NA,0.272
Malaysia,Asia,1984,MYS,14758975,6867,69.5507,22.04754545,21.83219454,NA,3.8972726,19.98,0.272
Malaysia,Asia,1985,MYS,15252211,6626,69.8626,22.19183459,21.93753004,NA,0.3464588,NA,0.272
Malaysia,Asia,1986,MYS,15760366,6543,70.1328,22.33452108,22.04139256,NA,0.73700285,NA,0.27
Malaysia,Asia,1987,MYS,16276698,6723,70.3514,22.47545949,22.14415886,NA,0.29000792,19.43,0.26
Malaysia,Asia,1988,MYS,16796561,7144,70.5507,22.61482732,22.24619564,NA,2.5565195,NA,0.257
Malaysia,Asia,1989,MYS,17314954,7634,70.7589,22.75234783,22.34728077,NA,2.813201,18.84,0.257
Malaysia,Asia,1990,MYS,17833124,8179,70.9516,22.88785563,22.44815273,NA,2.617801,NA,0.261
Malaysia,Asia,1991,MYS,18342429,8781.209,71.2192,23.02524928,22.55189133,3.694,4.358333,NA,0.259
Malaysia,Asia,1992,MYS,18834520,9383.933,71.4832,23.16411687,22.65882864,3.71,4.767228,18.880001,0.259
Malaysia,Asia,1993,MYS,19322622,10131.93,71.7209,23.30417986,22.76901742,4.11,3.5365853,NA,0.259
Malaysia,Asia,1994,MYS,19820400,10867.256,71.8651,23.44467412,22.882511,3.64,3.7249706,NA,0.259
Malaysia,Asia,1995,MYS,20330550,11725.093,71.9792,23.58563729,22.99890959,3.15,3.450575,19.36,0.258
Malaysia,Asia,1996,MYS,20850037,12668.668,72.1191,23.72694463,23.11834383,2.52,3.4885595,NA,0.258
Malaysia,Asia,1997,MYS,21375176,13344.57,72.2959,23.86857958,23.24006403,2.45,2.6625147,19.92,0.258
Malaysia,Asia,1998,MYS,21906667,12129.636,72.3854,24.01005512,23.36358177,3.2,5.270342,NA,0.258
Malaysia,Asia,1999,MYS,22435483,12636.607,72.4278,24.1505978,23.48829306,3.43,2.7445612,NA,0.265
Malaysia,Asia,2000,MYS,22967760,13474.701,72.7324,24.28951206,23.61284686,3,1.5347402,NA,0.278
Malaysia,Asia,2001,MYS,23526494,13307.215,73.08,24.42472607,23.73573512,3.53,1.4167848,NA,0.284
Malaysia,Asia,2002,MYS,24102434,13809.872,73.4695,24.55663888,23.85733082,3.48,1.8078724,NA,0.284
Malaysia,Asia,2003,MYS,24679556,14362.155,73.7273,24.68533306,23.97716993,3.61,1.0896764,19.16,0.286
Malaysia,Asia,2004,MYS,25256718,15087.251,74.0269,24.81145656,24.09511683,3.54,1.4212712,17.18,0.311
Malaysia,Asia,2005,MYS,25836027,15651.118,74.3699,24.93602557,24.21140098,3.53,2.975071,17.2,0.313
Malaysia,Asia,2006,MYS,26417859,16353.924,74.6969,25.05939445,24.32601482,3.32,3.6092355,17.54,0.313
Malaysia,Asia,2007,MYS,26998333,17209.584,74.9611,25.18250665,24.43819478,3.23,2.0273533,18.24,0.314
Malaysia,Asia,2008,MYS,27569998,17865.64,75.1514,25.30571411,24.54764707,3.32,5.440782,17.98,0.331
Malaysia,Asia,2009,MYS,28124726,17430.445,75.2694,25.42984114,24.65477924,3.66,0.5833084,18.14,0.331
Malaysia,Asia,2010,MYS,28655721,18574.299,75.3761,25.55496098,24.76068397,3.39,1.6228523,18.59,0.332
Malaysia,Asia,2011,MYS,29161977,19390,75.4878,25.68074698,24.86697157,3.05,3.174471,16.9,0.33
Malaysia,Asia,2012,MYS,29662784,20162.178,75.5524,25.80701703,24.97356078,3.1,1.663571,16.36,0.33
Malaysia,Asia,2013,MYS,30174221,20819.164,75.464,25.93292152,25.07996866,3.16,2.1050124,15.65,0.325
Malaysia,Asia,2014,MYS,30696080,21769.006,75.3451,26.05849952,25.18671194,2.88,3.1429906,14.589999,0.329
Malaysia,Asia,2015,MYS,31232744,22550.342,75.2876,26.18244383,25.29432954,3.1,2.10439,15.360001,0.329
Malaysia,Asia,2016,MYS,31789641,23251.902,75.3712,26.30422774,25.40068289,3.44,2.0905666,NA,0.328
Malaysia,Asia,2017,MYS,32355608,24301.559,75.542,NA,NA,3.41,3.8712013,NA,0.338
Malaysia,Asia,2018,MYS,32910918,25175.799,75.7341,NA,NA,3.3,0.8847092,NA,0.445
Malaysia,Asia,2019,MYS,33440538,25986.412,75.9005,NA,NA,3.26,0.66289186,NA,0.472
Malaysia,Asia,2020,MYS,33889515,24279.316,76.0566,NA,NA,4.54,-1.1387022,NA,0.433
Malaysia,Asia,2021,MYS,34282367,24764.65,73.9172,NA,NA,4.64,2.4771025,NA,0.432
Malaysia,Asia,2022,MYS,34695445,26628.707,75.4442,NA,NA,3.93,3.3786986,14.64,0.46
Malaysia,Asia,2023,MYS,35126249,NA,76.6571,NA,NA,3.855,2.4888656,14.599999,0.507
Mali,Africa,1952,MLI,4836321,752,29.1391,NA,NA,NA,NA,NA,0.111
Mali,Africa,1953,MLI,4904765,765,29.3921,NA,NA,NA,NA,NA,0.11
Mali,Africa,1954,MLI,4972864,778,29.5063,NA,NA,NA,NA,NA,0.11
Mali,Africa,1955,MLI,5041885,791,29.689,NA,NA,NA,NA,NA,0.11
Mali,Africa,1956,MLI,5111935,803,29.8542,NA,NA,NA,NA,NA,0.111
Mali,Africa,1957,MLI,5183087,816,30.0634,NA,NA,NA,NA,NA,0.161
Mali,Africa,1958,MLI,5253414,830,30.1933,NA,NA,NA,NA,NA,0.162
Mali,Africa,1959,MLI,5325601,845,30.3357,NA,NA,NA,NA,NA,0.166
Mali,Africa,1960,MLI,5402500,851,30.4589,NA,NA,NA,NA,NA,0.216
Mali,Africa,1961,MLI,5482237,840,30.6366,NA,NA,NA,NA,NA,0.25
Mali,Africa,1962,MLI,5563874,827,30.8327,NA,NA,NA,NA,NA,0.25
Mali,Africa,1963,MLI,5646557,866,31.0203,NA,NA,NA,NA,NA,0.25
Mali,Africa,1964,MLI,5730085,888,31.2314,NA,NA,NA,NA,NA,0.237
Mali,Africa,1965,MLI,5815440,881,31.5285,NA,NA,NA,NA,NA,0.227
Mali,Africa,1966,MLI,5902164,899,31.792,NA,NA,NA,NA,NA,0.227
Mali,Africa,1967,MLI,5990860,910,32.1969,NA,NA,NA,NA,NA,0.229
Mali,Africa,1968,MLI,6082947,923,32.5682,NA,NA,NA,NA,NA,0.2
Mali,Africa,1969,MLI,6177646,899,32.871,NA,NA,NA,NA,NA,0.105
Mali,Africa,1970,MLI,6276433,934,33.396,NA,NA,NA,NA,NA,0.103
Mali,Africa,1971,MLI,6377905,945,33.8044,NA,NA,NA,NA,NA,0.103
Mali,Africa,1972,MLI,6483685,971,34.5068,NA,NA,NA,NA,NA,0.103
Mali,Africa,1973,MLI,6597072,926,35.087,NA,NA,NA,NA,NA,0.103
Mali,Africa,1974,MLI,6715397,883,35.7492,NA,NA,NA,NA,NA,0.103
Mali,Africa,1975,MLI,6837220,982,36.4844,18.29574459,19.05742597,NA,NA,NA,0.105
Mali,Africa,1976,MLI,6960942,1090,37.2039,18.42398898,19.16348229,NA,NA,NA,0.105
Mali,Africa,1977,MLI,7090939,1148,37.9856,18.55266371,19.27012986,NA,NA,NA,0.105
Mali,Africa,1978,MLI,7229609,1101,38.761,18.68066622,19.37739491,NA,NA,NA,0.105
Mali,Africa,1979,MLI,7375228,1345,39.506100000000004,18.80853455,19.48448439,NA,NA,NA,0.149
Mali,Africa,1980,MLI,7530471,1168,40.2659,18.93603109,19.59160861,NA,NA,NA,0.19
Mali,Africa,1981,MLI,7692729,1111,40.9837,19.0639327,19.69911967,NA,NA,NA,0.19
Mali,Africa,1982,MLI,7860152,1030,41.8044,19.19174068,19.80662384,NA,NA,NA,0.19
Mali,Africa,1983,MLI,8034354,1057,42.7483,19.31981476,19.91434607,NA,NA,NA,0.189
Mali,Africa,1984,MLI,8208557,1084,43.3959,19.44778915,20.02160982,NA,NA,NA,0.189
Mali,Africa,1985,MLI,8374619,1089,43.9214,19.57517124,20.12841028,NA,NA,NA,0.19
Mali,Africa,1986,MLI,8531230,1138,44.6197,19.70189795,20.233898,NA,NA,NA,0.19
Mali,Africa,1987,MLI,8681122,1138,45.2276,19.82749287,20.33816097,NA,NA,NA,0.192
Mali,Africa,1988,MLI,8833951,1116,45.7198,19.95249294,20.44078892,NA,NA,NA,0.197
Mali,Africa,1989,MLI,8999884,1205,46.2369,20.07691627,20.54267558,NA,-0.076693,NA,0.196
Mali,Africa,1990,MLI,9178778,1191,46.5415,20.20111856,20.64360288,NA,0.6063397,NA,0.201
Mali,Africa,1991,MLI,9362832,1186.7577000000001,46.8892,20.32451867,20.74320832,1.317,1.8004272,NA,0.208
Mali,Africa,1992,MLI,9553498,1115.406,47.2381,20.44748419,20.84155104,1.408,-6.242506,NA,0.468
Mali,Africa,1993,MLI,9754741,1115.1002,47.5855,20.57032585,20.93888689,1.342,-0.2637679,NA,0.586
Mali,Africa,1994,MLI,9966984,1111.7854,47.914,20.69376205,21.03558367,1.444,23.17679,21.49,0.586
Mali,Africa,1995,MLI,10185329,1100.2433,48.2925,20.81967999,21.1320899,1.394,13.44177,NA,0.586
Mali,Africa,1996,MLI,10407232,1130.5096,48.4997,20.94927096,21.23002816,1.35,6.80546,NA,0.586
Mali,Africa,1997,MLI,10646451,1160.9517,49.0859,21.08289033,21.32997206,1.34,-0.3629998,NA,0.548
Mali,Africa,1998,MLI,10919530,1167.4326,49.5919,21.22073211,21.43248601,1.269,4.0365896,NA,0.521
Mali,Africa,1999,MLI,11227365,1192.3168,50.0603,21.36175312,21.53665595,1.287,-1.2019037,NA,0.521
Mali,Africa,2000,MLI,11559242,1153.0461,50.6046,21.5044058,21.64198752,1.347,-0.67766166,NA,0.521
Mali,Africa,2001,MLI,11912118,1309.2559,51.3004,21.64710679,21.74865266,1.264,5.1870117,13.62,0.521
Mali,Africa,2002,MLI,12287999,1321.3389,51.9954,21.7876761,21.85642876,1.297,5.0328226,NA,0.599
Mali,Africa,2003,MLI,12684910,1391.2634,52.632,21.92466825,21.96482858,1.206,-1.3467262,NA,0.625
Mali,Africa,2004,MLI,13102365,1366.983,53.2527,22.05609773,22.07191509,1.36,-3.0997813,NA,0.625
Mali,Africa,2005,MLI,13538607,1414.7927,53.7925,22.18063892,22.17568786,1.325,6.397883,NA,0.625
Mali,Africa,2006,MLI,13990097,1438.2079,54.3046,22.29891611,22.27592898,1.384,1.5435259,12.67,0.625
Mali,Africa,2007,MLI,14457732,1441.2059,54.756100000000004,22.4106229,22.37096496,1.366,1.412002,NA,0.611
Mali,Africa,2008,MLI,14940738,1460.496,55.1868,22.51540854,22.46004868,1.394,9.170988,NA,0.601
Mali,Africa,2009,MLI,15435483,1477.4183,55.5883,22.61361917,22.5420068,1.398,2.4637518,9.52,0.603
Mali,Africa,2010,MLI,15945157,1504.9956,55.9931,22.70561165,22.61679204,1.382,1.1089269,NA,0.602
Mali,Africa,2011,MLI,16469007,1500,56.3673,22.79269585,22.68619339,1.408,2.955644,NA,0.604
Mali,Africa,2012,MLI,16956991,1449.1959,56.6959,22.87515798,22.75106423,1.49,5.3231287,NA,0.353
Mali,Africa,2013,MLI,17459573,1444.1879,57.0523,22.95449846,22.81359858,1.54,-0.60673636,NA,0.326
Mali,Africa,2014,MLI,18020221,1505.6677,57.4818,23.03220624,22.87613033,1.492,0.8838146,NA,0.539
Mali,Africa,2015,MLI,18592978,1555.8046,57.8519,23.10811372,22.93814775,1.406,1.4506906,NA,0.542
Mali,Africa,2016,MLI,19191249,1602.7819,58.2857,23.18221551,22.99991795,1.367,-1.7996471,NA,0.542
Mali,Africa,2017,MLI,19812964,1642.5182,58.562,NA,NA,1.494,1.7598574,NA,0.532
Mali,Africa,2018,MLI,20441987,1673.8774,58.8728,NA,NA,1.62,0.2995465,NA,0.512
Mali,Africa,2019,MLI,21068368,1706.0105,59.2173,NA,NA,2.414,-1.6582669,NA,0.51
Mali,Africa,2020,MLI,21713790,1638.9304,58.8577,NA,NA,3.528,0.43808895,NA,0.431
Mali,Africa,2021,MLI,22388587,1643.0144,59.116,NA,NA,2.29,3.925603,NA,0.244
Mali,Africa,2022,MLI,23072588,1651.9413,60.0347,NA,NA,3.09,9.621476,11.93,0.232
Mali,Africa,2023,MLI,23769081,NA,60.4394,NA,NA,3.008,2.0588024,11.93,0.231
Mauritania,Africa,1952,MRT,684769,717,39.1971,NA,NA,NA,NA,NA,0.126
Mauritania,Africa,1953,MRT,699353,736,39.6001,NA,NA,NA,NA,NA,0.126
Mauritania,Africa,1954,MRT,714633,756,40.1389,NA,NA,NA,NA,NA,0.126
Mauritania,Africa,1955,MRT,730695,776,40.5829,NA,NA,NA,NA,NA,0.126
Mauritania,Africa,1956,MRT,747571,797,41.1409,NA,NA,NA,NA,NA,0.123
Mauritania,Africa,1957,MRT,765314,816,41.7364,NA,NA,NA,NA,NA,0.229
Mauritania,Africa,1958,MRT,783950,837,42.2953,NA,NA,NA,NA,NA,0.254
Mauritania,Africa,1959,MRT,803570,858,42.8935,NA,NA,NA,NA,NA,0.254
Mauritania,Africa,1960,MRT,824264,913,43.6109,NA,NA,NA,NA,NA,0.239
Mauritania,Africa,1961,MRT,846135,1055,44.3067,NA,NA,NA,NA,NA,0.193
Mauritania,Africa,1962,MRT,869147,1019,45.0468,NA,NA,NA,NA,NA,0.227
Mauritania,Africa,1963,MRT,893382,944,45.7937,NA,NA,NA,NA,NA,0.227
Mauritania,Africa,1964,MRT,918904,1208,46.5808,NA,NA,NA,NA,NA,0.227
Mauritania,Africa,1965,MRT,945803,1358,47.3596,NA,NA,NA,NA,NA,0.216
Mauritania,Africa,1966,MRT,974115,1345,48.1348,NA,NA,NA,NA,NA,0.209
Mauritania,Africa,1967,MRT,1003805,1372,48.8928,NA,NA,NA,NA,NA,0.208
Mauritania,Africa,1968,MRT,1034696,1471,49.5065,NA,NA,NA,NA,NA,0.208
Mauritania,Africa,1969,MRT,1066721,1425,50.0852,NA,NA,NA,NA,NA,0.208
Mauritania,Africa,1970,MRT,1099759,1548,50.5445,NA,NA,NA,NA,NA,0.211
Mauritania,Africa,1971,MRT,1133664,1533,50.7573,NA,NA,NA,NA,NA,0.21
Mauritania,Africa,1972,MRT,1168322,1511,51.037,NA,NA,NA,NA,NA,0.209
Mauritania,Africa,1973,MRT,1203793,1473,51.2159,NA,NA,NA,NA,NA,0.209
Mauritania,Africa,1974,MRT,1240141,1570,51.4325,NA,NA,NA,NA,NA,0.209
Mauritania,Africa,1975,MRT,1277295,1699,51.5712,21.10215669,19.2778053,NA,NA,NA,0.209
Mauritania,Africa,1976,MRT,1315297,1779,51.7705,21.28979245,19.41666546,NA,NA,NA,0.209
Mauritania,Africa,1977,MRT,1353726,1742,51.9976,21.47765079,19.55671945,NA,NA,NA,0.209
Mauritania,Africa,1978,MRT,1392668,1581,52.3491,21.66484753,19.697447,NA,NA,NA,0.145
Mauritania,Africa,1979,MRT,1432714,1706,52.7629,21.85163326,19.83788633,NA,NA,NA,0.095
Mauritania,Africa,1980,MRT,1474002,1682,53.2042,22.03692522,19.9782873,NA,NA,NA,0.095
Mauritania,Africa,1981,MRT,1516834,1714,53.684,22.22232205,20.11925357,NA,NA,NA,0.095
Mauritania,Africa,1982,MRT,1561138,1548,54.2289,22.4074268,20.26010251,NA,NA,NA,0.095
Mauritania,Africa,1983,MRT,1606708,1553,54.5798,22.59196624,20.40081832,NA,NA,NA,0.095
Mauritania,Africa,1984,MRT,1653646,1486,55.1952,22.77498428,20.54079609,NA,NA,NA,0.101
Mauritania,Africa,1985,MRT,1702061,1502,55.8082,22.95601607,20.67973438,NA,NA,NA,0.101
Mauritania,Africa,1986,MRT,1751804,1553,56.3232,23.13270579,20.81552546,NA,7.4333334,NA,0.101
Mauritania,Africa,1987,MRT,1802970,1551,56.9641,23.30522169,20.94812395,NA,8.152343,12.75,0.108
Mauritania,Africa,1988,MRT,1855820,1533,57.4826,23.47405474,21.07755025,NA,1.3196586,NA,0.108
Mauritania,Africa,1989,MRT,1903022,1559,57.6994,23.63890759,21.2038797,NA,12.932682,NA,0.11
Mauritania,Africa,1990,MRT,1951832,1511,58.0869,23.80027615,21.327088410000002,NA,6.6002254,NA,0.115
Mauritania,Africa,1991,MRT,2009686,1547.5435,58.2907,23.95413584,21.4442302,9.888,5.628667,NA,0.13
Mauritania,Africa,1992,MRT,2088090,1559.9049,58.5683,24.10198021,21.55554227,9.954,10.141817,NA,0.268
Mauritania,Africa,1993,MRT,2174275,1668.722,58.7327,24.24462068,21.66222137,9.757,9.370344,12.42,0.296
Mauritania,Africa,1994,MRT,2249419,1732.9971,58.7633,24.38316653,21.76509485,9.873,4.1282587,NA,0.305
Mauritania,Africa,1995,MRT,2311973,1686.1978,58.8615,24.519833,21.86476368,9.674,6.543791,12.41,0.307
Mauritania,Africa,1996,MRT,2358149,1873.0509,58.9149,24.65603509,21.96215668,9.673,4.6813064,NA,0.307
Mauritania,Africa,1997,MRT,2411267,1799.8252,59.4171,24.79251366,22.05818344,9.694,4.625347,NA,0.3
Mauritania,Africa,1998,MRT,2474597,1841.2075,59.8896,24.92990886,22.15424257,9.863,8.031667,NA,0.3
Mauritania,Africa,1999,MRT,2541658,1954.2294,60.4426,25.06794843,22.24948088,9.912,4.0741763,NA,0.3
Mauritania,Africa,2000,MRT,2613407,1934.7421,61.0435,25.2055842,22.3444058,9.903,3.2540674,11,0.307
Mauritania,Africa,2001,MRT,2678724,1964.4457,61.6617,25.34113129,22.43855496,10.002,4.714896,NA,0.313
Mauritania,Africa,2002,MRT,2738606,1967.4484,62.249,25.47291283,22.53164744,10.076,3.8957052,NA,0.314
Mauritania,Africa,2003,MRT,2802009,2076.2332,62.8047,25.59997798,22.62362996,9.817,5.1519017,NA,0.31
Mauritania,Africa,2004,MRT,2868626,2185.9502,63.3688,25.72145181,22.71292061,9.696,10.367623,16.73,0.316
Mauritania,Africa,2005,MRT,2939021,2371.0066,63.9197,25.83637676,22.79798909,9.538,12.1256485,NA,0.292
Mauritania,Africa,2006,MRT,3013615,2807.199,64.4926,25.94476994,22.87824491,9.287,6.241033,NA,0.249
Mauritania,Africa,2007,MRT,3093025,2875.0347,64.8845,26.04685663,22.95252959,9.455,7.2541084,NA,0.452
Mauritania,Africa,2008,MRT,3183227,2895.665,65.2328,26.14292469,23.02012707,9.681,7.3466353,10.12,0.393
Mauritania,Africa,2009,MRT,3284406,2855.5747,65.485,26.23299341,23.0799953,10.155,2.2209203,NA,0.363
Mauritania,Africa,2010,MRT,3390917,2982.7488,65.6606,26.31793268,23.1321438,10.054,6.2835407,NA,0.467
Mauritania,Africa,2011,MRT,3502767,3104,65.7544,26.39805055,23.177929550000002,9.956,5.68632,NA,0.467
Mauritania,Africa,2012,MRT,3618978,3213,65.808,26.4735787,23.21864179,9.865,4.902427,NA,0.47
Mauritania,Africa,2013,MRT,3734279,3319,65.8899,26.54626601,23.25670219,9.931,4.1291018,NA,0.417
Mauritania,Africa,2014,MRT,3848461,3459,66.2069,26.61710972,23.29487958,10.03,3.5343685,10.59,0.424
Mauritania,Africa,2015,MRT,3965910,3424,66.4982,26.68662555,23.3325681,10.109,3.254727,NA,0.43
Mauritania,Africa,2016,MRT,4086622,3376.7524,66.8235,26.75406167,23.36943897,10.286,1.4717104,NA,0.43
Mauritania,Africa,2017,MRT,4210554,3495.223,67.0885,NA,NA,10.336,2.2542765,NA,0.39
Mauritania,Africa,2018,MRT,4337636,3567.1013,67.4195,NA,NA,10.438,3.06736,NA,0.388
Mauritania,Africa,2019,MRT,4467661,3659.103,67.6397,NA,NA,10.416,2.3000927,NA,0.404
Mauritania,Africa,2020,MRT,4600083,3532.2979,66.7943,NA,NA,11.01,2.385695,NA,0.392
Mauritania,Africa,2021,MRT,4734824,3527.4277,66.7618,NA,NA,11.068,3.5651648,NA,0.394
Mauritania,Africa,2022,MRT,4875590,3680.3662,68.2807,NA,NA,10.602,9.525267,9.8,0.397
Mauritania,Africa,2023,MRT,5022397,NA,68.4836,NA,NA,10.512,4.95305,9.8,0.366
Mauritius,Africa,1952,MUS,557156,4002,52.1052,NA,NA,NA,NA,NA,0.314
Mauritius,Africa,1953,MUS,571869,4006,51.5049,NA,NA,NA,NA,NA,0.314
Mauritius,Africa,1954,MUS,585441,4095,52.2188,NA,NA,NA,NA,NA,0.314
Mauritius,Africa,1955,MUS,599550,4095,53.7694,NA,NA,NA,NA,NA,0.314
Mauritius,Africa,1956,MUS,614515,4106,55.0713,NA,NA,NA,NA,NA,0.314
Mauritius,Africa,1957,MUS,630366,4136,55.6779,NA,NA,NA,NA,NA,0.319
Mauritius,Africa,1958,MUS,647113,4132,56.3891,NA,NA,NA,NA,NA,0.322
Mauritius,Africa,1959,MUS,664799,4251,57.4036,NA,NA,NA,NA,NA,0.355
Mauritius,Africa,1960,MUS,680284,4396,58.404,NA,NA,NA,NA,NA,0.354
Mauritius,Africa,1961,MUS,692492,5254,59.543,NA,NA,NA,NA,NA,0.354
Mauritius,Africa,1962,MUS,705233,5144,60.4612,NA,NA,NA,NA,NA,0.466
Mauritius,Africa,1963,MUS,720313,5745,61.1478,NA,NA,NA,NA,NA,0.469
Mauritius,Africa,1964,MUS,736492,5196,61.5215,NA,NA,NA,1.8955742,NA,0.465
Mauritius,Africa,1965,MUS,752616,5227,62.0689,NA,NA,NA,1.785566,NA,0.465
Mauritius,Africa,1966,MUS,768613,4921,62.1068,NA,NA,NA,2.5048954,NA,0.465
Mauritius,Africa,1967,MUS,784215,5035,61.7188,NA,NA,NA,1.8785322,NA,0.474
Mauritius,Africa,1968,MUS,799243,4602,62.1004,NA,NA,NA,6.9771075,NA,0.632
Mauritius,Africa,1969,MUS,813679,4758,62.7015,NA,NA,NA,2.3152206,NA,0.652
Mauritius,Africa,1970,MUS,827657,4662,63.6917,NA,NA,NA,1.541866,NA,0.651
Mauritius,Africa,1971,MUS,841066,4804,63.8434,NA,NA,NA,0.31634447,NA,0.646
Mauritius,Africa,1972,MUS,853563,5128,63.7989,NA,NA,NA,5.3959355,NA,0.646
Mauritius,Africa,1973,MUS,865103,5668,64.253,NA,NA,NA,13.450798,NA,0.64
Mauritius,Africa,1974,MUS,876421,6038,64.2175,NA,NA,NA,29.115631,NA,0.64
Mauritius,Africa,1975,MUS,887972,6030,64.3682,23.04832961,21.34828843,NA,14.738323,NA,0.64
Mauritius,Africa,1976,MUS,899804,7264,64.0297,23.15582179,21.48131093,NA,12.9557295,NA,0.659
Mauritius,Africa,1977,MUS,912106,7610,64.8275,23.25491293,21.60908442,NA,9.172499,NA,0.679
Mauritius,Africa,1978,MUS,925233,7763,65.2607,23.34727745,21.7327068,NA,8.545139,NA,0.679
Mauritius,Africa,1979,MUS,939343,7889,66.0173,23.43498369,21.85273374,NA,14.466371,NA,0.681
Mauritius,Africa,1980,MUS,954175,6970,66.5085,23.51915679,21.97067226,NA,41.999516,NA,0.687
Mauritius,Africa,1981,MUS,969171,7264,67.2158,23.60271613,22.08805712,NA,14.461591,NA,0.687
Mauritius,Africa,1982,MUS,983563,7563,67.9498,23.68635418,22.20500247,NA,11.415693,NA,0.697
Mauritius,Africa,1983,MUS,997334,7516,68.4074,23.77027148,22.3218865,NA,5.589498,NA,0.702
Mauritius,Africa,1984,MUS,1011190,7798,68.6358,23.85557343,22.43858329,NA,7.3891625,NA,0.703
Mauritius,Africa,1985,MUS,1025018,8265,68.7248,23.9411434,22.555175,NA,6.698704,NA,0.703
Mauritius,Africa,1986,MUS,1038306,9001,68.8882,24.030514,22.67360233,NA,1.6326531,NA,0.71
Mauritius,Africa,1987,MUS,1051073,9840,69.185,24.123054840000002,22.79327348,NA,0.5187416,NA,0.71
Mauritius,Africa,1988,MUS,1063547,10418,69.4411,24.21802815,22.91350853,NA,9.159314,NA,0.71
Mauritius,Africa,1989,MUS,1075933,10806,69.535,24.31471535,23.03343514,NA,12.670042,NA,0.71
Mauritius,Africa,1990,MUS,1088984,11489,69.7706,24.4117437,23.15176759,NA,13.488089,NA,0.717
Mauritius,Africa,1991,MUS,1103000,11643.398,70.0506,24.50422526,23.26520321,9.541,7.0010138,NA,0.718
Mauritius,Africa,1992,MUS,1117626,12002.38,70.2128,24.59165287,23.37269288,9.473,4.6435194,NA,0.719
Mauritius,Africa,1993,MUS,1132346,12228.814,70.3647,24.6742636,23.47320738,9.529,10.5178385,NA,0.729
Mauritius,Africa,1994,MUS,1146506,12381.066,70.4197,24.75269651,23.56670461,9.531,7.3234715,NA,0.729
Mauritius,Africa,1995,MUS,1159775,12567.928,70.5995,24.82768336,23.6536054,9.59,6.0293317,NA,0.729
Mauritius,Africa,1996,MUS,1172330,12841.931,70.5243,24.90000747,23.73457423,9.502,6.5509734,NA,0.729
Mauritius,Africa,1997,MUS,1184261,13198.295,70.6836,24.97059214,23.81049091,9.383,6.8333435,NA,0.729
Mauritius,Africa,1998,MUS,1195058,13607.885,70.8944,25.03912775,23.88177706,9.26,6.8107934,NA,0.729
Mauritius,Africa,1999,MUS,1205856,13572.681,71.3903,25.10639456,23.94847732,9.275,6.9091463,NA,0.729
Mauritius,Africa,2000,MUS,1216582,14272.301,71.7597,25.17252743,24.01131136,9.132,4.1992884,NA,0.736
Mauritius,Africa,2001,MUS,1225767,14347.61,71.9853,25.2366392,24.07047115,9.14,5.389344,NA,0.734
Mauritius,Africa,2002,MUS,1234043,14196.041,72.0549,25.29832237,24.1261515,8.205,6.419334,NA,0.736
Mauritius,Africa,2003,MUS,1242049,14623.309,72.3074,25.35791415,24.17902109,8.314,3.9210536,NA,0.736
Mauritius,Africa,2004,MUS,1249747,14854.613,72.5465,25.41533303,24.22952746,8.337,4.7103705,NA,0.736
Mauritius,Africa,2005,MUS,1257166,14725.164,72.6439,25.46970223,24.27644848,9.524,4.93717,NA,0.737
Mauritius,Africa,2006,MUS,1263732,15042.541,72.7813,25.52233917,24.32069829,9.04,8.913501,13.59,0.739
Mauritius,Africa,2007,MUS,1269468,15519.419,72.8856,25.57413372,24.36216383,8.475,8.827292,NA,0.739
Mauritius,Africa,2008,MUS,1274582,15957.96,73.1239,25.62546075,24.40045424,7.17,9.732284,NA,0.739
Mauritius,Africa,2009,MUS,1278929,16029.264,73.26,25.67673019,24.43529353,7.257,2.5160913,NA,0.739
Mauritius,Africa,2010,MUS,1282665,16269.32,73.6475,25.72886793,24.46806136,7.654,2.932363,NA,0.75
Mauritius,Africa,2011,MUS,1286231,16483,74.0678,25.78264114,24.50084915,7.447,6.5224924,NA,0.749
Mauritius,Africa,2012,MUS,1289121,17021.246,74.3302,25.8377302,24.5338935,7.472,3.8521602,16.88,0.749
Mauritius,Africa,2013,MUS,1290937,17555.555,74.4298,25.89396804,24.56717478,7.322,3.5432956,NA,0.739
Mauritius,Africa,2014,MUS,1291949,18192.188,74.6143,25.95119396,24.60124453,7.467,3.217692,NA,0.73
Mauritius,Africa,2015,MUS,1292230,18828,74.673,26.00909364,24.63542765,7.41,1.2865497,NA,0.737
Mauritius,Africa,2016,MUS,1291760,19525.314,74.85,26.06693249,24.67017349,6.814,0.97767514,NA,0.734
Mauritius,Africa,2017,MUS,1290605,20259.887,75.024,NA,NA,6.752,3.666997,15.809999,0.733
Mauritius,Africa,2018,MUS,1288776,21040.639,74.4909,NA,NA,6.427,3.2160537,NA,0.739
Mauritius,Africa,2019,MUS,1286227,21624.842,74.1811,NA,NA,6.331,0.40565518,NA,0.697
Mauritius,Africa,2020,MUS,1283178,18445.975,74.6572,NA,NA,8.627,2.5808008,NA,0.555
Mauritius,Africa,2021,MUS,1279587,19069.049,72.903,NA,NA,7.719,4.0285287,NA,0.536
Mauritius,Africa,2022,MUS,1276075,20643.094,73.5445,NA,NA,6.322,10.773751,15.76,0.498
Mauritius,Africa,2023,MUS,1273543,NA,74.9263,NA,NA,6.057,7.0529823,15.73,0.47
Mexico,Americas,1952,MEX,29090112,3706,45.6679,NA,NA,NA,NA,NA,0.197
Mexico,Americas,1953,MEX,29899194,3602,47.0446,NA,NA,NA,NA,NA,0.196
Mexico,Americas,1954,MEX,30752970,3851,48.2999,NA,NA,NA,NA,NA,0.23
Mexico,Americas,1955,MEX,31650548,4060,49.5978,NA,NA,NA,NA,NA,0.232
Mexico,Americas,1956,MEX,32587890,4213,50.3553,NA,NA,NA,NA,NA,0.233
Mexico,Americas,1957,MEX,33562666,4403,51.1148,NA,NA,NA,NA,NA,0.233
Mexico,Americas,1958,MEX,34575024,4501,51.8354,NA,NA,NA,NA,NA,0.232
Mexico,Americas,1959,MEX,35627215,4497,52.6611,NA,NA,NA,NA,NA,0.232
Mexico,Americas,1960,MEX,36724570,4723,53.5732,NA,NA,NA,4.927519,NA,0.231
Mexico,Americas,1961,MEX,37890078,4807,54.4218,NA,NA,NA,1.6087596,NA,0.232
Mexico,Americas,1962,MEX,39129158,4881,55.0573,NA,NA,NA,1.1989841,NA,0.232
Mexico,Americas,1963,MEX,40424014,5118,55.501,NA,NA,NA,0.594055,NA,0.232
Mexico,Americas,1964,MEX,41771999,5555,55.9164,NA,NA,NA,2.3379033,NA,0.231
Mexico,Americas,1965,MEX,43174422,5737,56.6876,NA,NA,NA,3.5680387,NA,0.231
Mexico,Americas,1966,MEX,44629058,5950,57.3552,NA,NA,NA,4.2157884,NA,0.231
Mexico,Americas,1967,MEX,46129565,6132,57.9592,NA,NA,NA,3.0169485,NA,0.236
Mexico,Americas,1968,MEX,47668254,6432,58.2202,NA,NA,NA,2.333951,NA,0.236
Mexico,Americas,1969,MEX,49233144,6629,58.4128,NA,NA,NA,3.3670034,NA,0.241
Mexico,Americas,1970,MEX,50814905,6873,58.8934,NA,NA,NA,5.0034122,NA,0.248
Mexico,Americas,1971,MEX,52412508,6912,59.4148,NA,NA,NA,5.469029,NA,0.246
Mexico,Americas,1972,MEX,54030117,7256,60.0514,NA,NA,NA,4.943692,NA,0.249
Mexico,Americas,1973,MEX,55667239,7597,60.5177,NA,NA,NA,12.08194,NA,0.249
Mexico,Americas,1974,MEX,57320096,7801,61.1799,NA,NA,NA,23.784016,NA,0.249
Mexico,Americas,1975,MEX,58982349,8011,61.8832,22.85074725,23.8667223,NA,14.944534,NA,0.249
Mexico,Americas,1976,MEX,60645471,8131,62.4748,23.05016537,23.98092256,NA,15.824722,NA,0.261
Mexico,Americas,1977,MEX,62308451,8177,62.9879,23.24726801,24.09419407,NA,29.064125,NA,0.273
Mexico,Americas,1978,MEX,63979005,8690,63.4347,23.44204267,24.20667251,NA,17.457293,NA,0.296
Mexico,Americas,1979,MEX,65648810,9307,63.8618,23.63455446,24.31872039,NA,18.191246,NA,0.296
Mexico,Americas,1980,MEX,67300289,9929,64.2819,23.82547624,24.43020094,NA,26.351652,NA,0.299
Mexico,Americas,1981,MEX,68892067,10538,64.7219,24.01358276,24.54024296,NA,27.933764,NA,0.304
Mexico,Americas,1982,MEX,70433206,10240,65.2561,24.1994051,24.6486839,NA,58.91342,NA,0.313
Mexico,Americas,1983,MEX,71971193,9656,65.7563,24.38386003,24.75621746,NA,101.87494,NA,0.319
Mexico,Americas,1984,MEX,73506802,9777,66.2145,24.5666728,24.86292847,NA,65.44881,NA,0.319
Mexico,Americas,1985,MEX,75043366,9785,66.7745,24.7483651,24.96851904,NA,57.748447,NA,0.322
Mexico,Americas,1986,MEX,76585591,9283,67.3767,24.92886654,25.07345333,NA,86.233315,NA,0.325
Mexico,Americas,1987,MEX,78136597,9256,67.9037,25.10888226,25.17790766,NA,131.82738,NA,0.329
Mexico,Americas,1988,MEX,79695481,9193,68.2994,25.28894919,25.28163156,NA,114.16226,NA,0.343
Mexico,Americas,1989,MEX,81247123,9392,68.6209,25.46938824,25.38461044,NA,20.007877,NA,0.367
Mexico,Americas,1990,MEX,82820134,9699,69.0342,25.65045391,25.48731653,NA,26.651672,NA,0.389
Mexico,Americas,1991,MEX,84430515,10008.551,69.3683,25.82976619,25.58934532,3.145,22.66236,NA,0.412
Mexico,Americas,1992,MEX,86044763,10262.211,69.6633,26.00689029,25.69078456,3.235,15.507896,NA,0.437
Mexico,Americas,1993,MEX,87653764,10357.829,69.9607,26.18097232,25.79191565,3.365,9.75146,NA,0.447
Mexico,Americas,1994,MEX,89259151,10721.008,70.3017,26.35006309,25.89319473,4.436,6.965812,NA,0.47
Mexico,Americas,1995,MEX,90862395,9944.953,70.703,26.51424096,25.99371324,7.095,34.99927,NA,0.48
Mexico,Americas,1996,MEX,92452649,10386.499,71.0876,26.67171425,26.09270069,5.465,34.378384,NA,0.508
Mexico,Americas,1997,MEX,94021166,11030.343,71.4723,26.82233882,26.19001931,4.235,20.62563,NA,0.556
Mexico,Americas,1998,MEX,95575200,11510.877,71.7924,26.9659087,26.28564014,3.733,15.928395,NA,0.598
Mexico,Americas,1999,MEX,97115654,11894.203,72.2034,27.10136139,26.37917355,2.598,16.585617,NA,0.602
Mexico,Americas,2000,MEX,98625515,12613.396,72.5621,27.22701965,26.46993867,2.646,9.491562,NA,0.664
Mexico,Americas,2001,MEX,100099057,12565.465,72.9118,27.34319156,26.55751652,2.627,6.3677382,11.69,0.677
Mexico,Americas,2002,MEX,101548570,12645.504,73.1056,27.45050864,26.64259665,3.003,5.0307274,11.69,0.688
Mexico,Americas,2003,MEX,102978472,12793.956,73.308,27.54923271,26.72475012,3.455,4.5469003,14.679999,0.699
Mexico,Americas,2004,MEX,104394075,13287.6,73.4324,27.64102356,26.80381765,3.937,4.688409,17.67,0.71
Mexico,Americas,2005,MEX,105811451,13655.801,73.6267,27.72717415,26.87962468,3.558,3.9880571,16.09,0.71
Mexico,Americas,2006,MEX,107253625,14287.559,73.7457,27.80893099,26.95245083,3.566,3.6294677,14.51,0.671
Mexico,Americas,2007,MEX,108774308,14684.728,73.7955,27.88722989,27.02258128,3.628,3.966849,18.05,0.637
Mexico,Americas,2008,MEX,110374235,14808.09,73.6949,27.964175440000002,27.09145861,3.874,5.124983,21.6,0.642
Mexico,Americas,2009,MEX,111999662,14026.989,73.6281,28.04051681,27.15921105,5.356,5.2973557,23.43,0.648
Mexico,Americas,2010,MEX,113623858,14697.298,73.7181,28.11767477,27.22700637,5.303,4.1567273,25.260002,0.661
Mexico,Americas,2011,MEX,115243459,15210,73.9209,28.19633744,27.29587229,5.175,3.4073782,26.339998,0.66
Mexico,Americas,2012,MEX,116818153,15547.994,74.1278,28.27583784,27.36480328,4.892,4.11151,27.41,0.649
Mexico,Americas,2013,MEX,118343517,15614.781,74.289,28.35585253,27.43265491,4.921,3.8063908,28.189999,0.623
Mexico,Americas,2014,MEX,119784217,15883.877,74.4044,28.43557536,27.50022031,4.819,4.018616,28.98,0.62
Mexico,Americas,2015,MEX,121072270,16235.004,74.4315,28.51446269,27.56749763,4.311,2.7206407,26.81,0.639
Mexico,Americas,2016,MEX,122251299,16705.047,74.3763,28.5927059,27.63516419,3.853,2.821708,24.64,0.64
Mexico,Americas,2017,MEX,123400004,16900.13,74.2609,NA,NA,3.419,6.041457,27.13,0.635
Mexico,Americas,2018,MEX,124573671,17055.117,74.3009,NA,NA,3.275,4.89935,29.63,0.675
Mexico,Americas,2019,MEX,125762928,16802.014,74.5302,NA,NA,3.477,3.6359615,27.619999,0.685
Mexico,Americas,2020,MEX,126798998,15253.691,70.4492,NA,NA,4.441,3.3968341,NA,0.663
Mexico,Americas,2021,MEX,127648107,15853.376,69.7499,NA,NA,4.019,5.6892085,NA,0.618
Mexico,Americas,2022,MEX,128613066,16235.455,73.9731,NA,NA,3.256,7.896276,21.58,0.586
Mexico,Americas,2023,MEX,129739713,NA,75.069,NA,NA,2.812,5.527961,21.58,0.549
Mongolia,Asia,1952,MNG,807052,719,39.4042,NA,NA,NA,NA,NA,0.165
Mongolia,Asia,1953,MNG,820230,741,39.7713,NA,NA,NA,NA,NA,0.17
Mongolia,Asia,1954,MNG,833975,764,40.2072,NA,NA,NA,NA,NA,0.17
Mongolia,Asia,1955,MNG,848638,786,40.7345,NA,NA,NA,NA,NA,0.169
Mongolia,Asia,1956,MNG,868431,810,41.3525,NA,NA,NA,NA,NA,0.169
Mongolia,Asia,1957,MNG,893184,835,40.3987,NA,NA,NA,NA,NA,0.169
Mongolia,Asia,1958,MNG,919255,859,42.8381,NA,NA,NA,NA,NA,0.169
Mongolia,Asia,1959,MNG,947371,885,43.684,NA,NA,NA,NA,NA,0.169
Mongolia,Asia,1960,MNG,977549,912,44.5422,NA,NA,NA,NA,NA,0.174
Mongolia,Asia,1961,MNG,1009249,939,45.4075,NA,NA,NA,NA,NA,0.175
Mongolia,Asia,1962,MNG,1041399,966,46.2682,NA,NA,NA,NA,NA,0.175
Mongolia,Asia,1963,MNG,1071322,996,47.1347,NA,NA,NA,NA,NA,0.176
Mongolia,Asia,1964,MNG,1100187,1027,47.9484,NA,NA,NA,NA,NA,0.176
Mongolia,Asia,1965,MNG,1131132,1057,48.7164,NA,NA,NA,NA,NA,0.176
Mongolia,Asia,1966,MNG,1163722,1087,49.3694,NA,NA,NA,NA,NA,0.176
Mongolia,Asia,1967,MNG,1196942,1122,50.1282,NA,NA,NA,NA,NA,0.175
Mongolia,Asia,1968,MNG,1229881,1154,50.7826,NA,NA,NA,NA,NA,0.175
Mongolia,Asia,1969,MNG,1262249,1189,51.4065,NA,NA,NA,NA,NA,0.175
Mongolia,Asia,1970,MNG,1295232,1226,51.9931,NA,NA,NA,NA,NA,0.175
Mongolia,Asia,1971,MNG,1330026,1246,52.5586,NA,NA,NA,NA,NA,0.175
Mongolia,Asia,1972,MNG,1366782,1256,53.1083,NA,NA,NA,NA,NA,0.175
Mongolia,Asia,1973,MNG,1405458,1328,53.6012,NA,NA,NA,NA,NA,0.178
Mongolia,Asia,1974,MNG,1446010,1342,54.0209,NA,NA,NA,NA,NA,0.18
Mongolia,Asia,1975,MNG,1488247,1387,54.3345,22.51025757,22.04560693,NA,NA,NA,0.18
Mongolia,Asia,1976,MNG,1531898,1401,54.5826,22.6292242,22.13057546,NA,NA,NA,0.18
Mongolia,Asia,1977,MNG,1576194,1470,54.771,22.74688401,22.21513168,NA,NA,NA,0.18
Mongolia,Asia,1978,MNG,1619438,1537,54.9233,22.86308179,22.29871281,NA,NA,NA,0.18
Mongolia,Asia,1979,MNG,1660619,1556,55.0687,22.97824141,22.38271341,NA,NA,NA,0.18
Mongolia,Asia,1980,MNG,1701300,1618,55.2202,23.09190299,22.46622745,NA,NA,NA,0.18
Mongolia,Asia,1981,MNG,1742800,1714,55.405,23.20356456,22.54804184,NA,NA,NA,0.18
Mongolia,Asia,1982,MNG,1785311,1814,55.623,23.3128007,22.62921894,NA,NA,NA,0.18
Mongolia,Asia,1983,MNG,1829046,1876,55.8725,23.42045606,22.70939133,NA,NA,NA,0.18
Mongolia,Asia,1984,MNG,1874306,1940,56.1465,23.5270824,22.78842902,NA,NA,NA,0.18
Mongolia,Asia,1985,MNG,1921473,2004,56.4415,23.63212662,22.86691021,NA,NA,NA,0.18
Mongolia,Asia,1986,MNG,1970925,2142,56.7632,23.73408544,22.94355815,NA,NA,NA,0.179
Mongolia,Asia,1987,MNG,2022742,2168,57.1194,23.83352137,23.01885484,NA,NA,NA,0.179
Mongolia,Asia,1988,MNG,2076281,2227,57.5082,23.93123298,23.09333748,NA,NA,NA,0.179
Mongolia,Asia,1989,MNG,2124142,2232,58.1296,24.02744501,23.16744186,NA,NA,NA,0.184
Mongolia,Asia,1990,MNG,2164532,2123,58.8174,24.12244298,23.24091879,NA,NA,NA,0.378
Mongolia,Asia,1991,MNG,2202716,1976.0231,59.8178,24.21280602,23.31193776,5.687,NA,NA,0.561
Mongolia,Asia,1992,MNG,2239077,1841.0125,60.4404,24.2992512,23.38112551,5.866,NA,NA,0.673
Mongolia,Asia,1993,MNG,2273471,1846.2256,60.8286,24.38260082,23.44906619,5.861,268.15048,NA,0.703
Mongolia,Asia,1994,MNG,2305695,1955.4773,60.8555,24.46419084,23.51600096,5.709,87.58001,NA,0.703
Mongolia,Asia,1995,MNG,2335667,2147.8286,60.8909,24.54486999,23.58253107,5.5,0.0435161,14.929999,0.703
Mongolia,Asia,1996,MNG,2363425,2271.7988,60.9996,24.62538598,23.65040515,5.533,46.889954,NA,0.7
Mongolia,Asia,1997,MNG,2389074,2445.0127,61.4377,24.70593648,23.71964315,5.611,36.556114,NA,0.708
Mongolia,Asia,1998,MNG,2412744,2620.489,62.1208,24.78688616,23.79092079,5.751,9.357042,15.11,0.708
Mongolia,Asia,1999,MNG,2433998,2801.8618,62.8346,24.86865088,23.86446948,5.84,7.5649414,NA,0.708
Mongolia,Asia,2000,MNG,2455142,2936.0627,63.4577,24.95073182,23.94021434,5.985,11.595539,NA,0.679
Mongolia,Asia,2001,MNG,2477664,3133.556,63.8055,25.04041133,24.02517818,6.107,6.2773604,NA,0.662
Mongolia,Asia,2002,MNG,2500029,3401.9465,63.9924,25.13673315,24.11968615,6.2,0.9170747,16.529999,0.667
Mongolia,Asia,2003,MNG,2521755,3775.438,64.1349,25.2384837,24.22360401,6.768,5.128995,NA,0.668
Mongolia,Asia,2004,MNG,2542754,4334.2314,64.3431,25.34562039,24.33635122,6.852,8.241155,NA,0.672
Mongolia,Asia,2005,MNG,2563418,4822.2334,64.8105,25.456801,24.45846096,7.015,12.716567,NA,0.675
Mongolia,Asia,2006,MNG,2584714,5426.8535,65.5694,25.5715595,24.58877063,7.193,5.0951667,NA,0.686
Mongolia,Asia,2007,MNG,2607932,6196.5894,66.4713,25.68921845,24.72602444,7.2,9.630963,16.27,0.686
Mongolia,Asia,2008,MNG,2634381,6982.1465,67.0861,25.80980846,24.8697869,5.565,27.955666,NA,0.657
Mongolia,Asia,2009,MNG,2665283,7126.8086,67.1727,25.93207077,25.01690104,5.86,7.619506,NA,0.661
Mongolia,Asia,2010,MNG,2701690,7830.064,67.1004,26.05491006,25.16539387,6.549,10.046206,NA,0.679
Mongolia,Asia,2011,MNG,2745129,9484,67.167,26.17727221,25.31464669,4.769,8.411215,16.68,0.684
Mongolia,Asia,2012,MNG,2795410,10493,67.6113,26.29890466,25.46343732,3.905,14.330335,18.16,0.69
Mongolia,Asia,2013,MNG,2851830,11545,68.2101,26.41935965,25.61132329,4.231,10.490657,16.859999,0.688
Mongolia,Asia,2014,MNG,2912984,12283,68.7366,26.53821185,25.75889135,4.798,12.253981,17.48,0.687
Mongolia,Asia,2015,MNG,2976476,12398,69.2386,26.6551891,25.90569314,4.861,5.735683,16.27,0.681
Mongolia,Asia,2016,MNG,3040773,12313.544,69.736,26.76993285,26.05091403,7.235,0.73327225,16.37,0.677
Mongolia,Asia,2017,MNG,3104314,12728.355,70.1709,NA,NA,6.359,4.301431,17.22,0.664
Mongolia,Asia,2018,MNG,3167660,13419.578,70.5743,NA,NA,5.377,6.824248,NA,0.653
Mongolia,Asia,2019,MNG,3232069,13871.33,70.6631,NA,NA,9.269,7.3010697,NA,0.653
Mongolia,Asia,2020,MNG,3290733,12990.328,70.0291,NA,NA,6.594,3.7960403,NA,0.633
Mongolia,Asia,2021,MNG,3339627,12992.167,68.5654,NA,NA,7.747,7.3528123,NA,0.613
Mongolia,Asia,2022,MNG,3385971,13442.906,71.5049,NA,NA,6.211,15.147956,18.880001,0.573
Mongolia,Asia,2023,MNG,3431887,NA,71.7341,NA,NA,6.134,10.347583,16.060001,0.533
Montenegro,Europe,1952,MNE,418859,1784,59.0558,NA,NA,NA,NA,NA,NA
Montenegro,Europe,1953,MNE,427440,1570,59.6883,NA,NA,NA,NA,NA,NA
Montenegro,Europe,1954,MNE,434319,1581,60.7751,NA,NA,NA,NA,NA,NA
Montenegro,Europe,1955,MNE,440548,2099,60.9027,NA,NA,NA,NA,NA,NA
Montenegro,Europe,1956,MNE,446646,1906,62.0081,NA,NA,NA,NA,NA,NA
Montenegro,Europe,1957,MNE,452697,2125,63.0007,NA,NA,NA,NA,NA,NA
Montenegro,Europe,1958,MNE,458759,2072,63.8164,NA,NA,NA,NA,NA,NA
Montenegro,Europe,1959,MNE,464852,2200,64.7149,NA,NA,NA,NA,NA,NA
Montenegro,Europe,1960,MNE,471158,2439,65.6777,NA,NA,NA,NA,NA,NA
Montenegro,Europe,1961,MNE,477788,2922,66.1027,NA,NA,NA,NA,NA,NA
Montenegro,Europe,1962,MNE,484398,2847,66.3954,NA,NA,NA,NA,NA,NA
Montenegro,Europe,1963,MNE,490746,3217,66.7834,NA,NA,NA,NA,NA,NA
Montenegro,Europe,1964,MNE,496890,3732,67.3866,NA,NA,NA,NA,NA,NA
Montenegro,Europe,1965,MNE,502845,3802,68.08,NA,NA,NA,NA,NA,NA
Montenegro,Europe,1966,MNE,508584,3948,68.6164,NA,NA,NA,NA,NA,NA
Montenegro,Europe,1967,MNE,514053,3995,69.2593,NA,NA,NA,NA,NA,NA
Montenegro,Europe,1968,MNE,519264,4160,69.8257,NA,NA,NA,NA,NA,NA
Montenegro,Europe,1969,MNE,524400,4546,70.1543,NA,NA,NA,NA,NA,NA
Montenegro,Europe,1970,MNE,529630,4857,70.4035,NA,NA,NA,NA,NA,NA
Montenegro,Europe,1971,MNE,535069,4994,70.818,NA,NA,NA,NA,NA,NA
Montenegro,Europe,1972,MNE,540653,5206,71.2464,NA,NA,NA,NA,NA,NA
Montenegro,Europe,1973,MNE,546221,5137,71.5909,NA,NA,NA,NA,NA,NA
Montenegro,Europe,1974,MNE,551695,5394,71.6272,NA,NA,NA,NA,NA,NA
Montenegro,Europe,1975,MNE,557116,5512,71.9195,23.14847214,23.38212249,NA,NA,NA,NA
Montenegro,Europe,1976,MNE,562598,5740,72.0587,23.24695902,23.47553229,NA,NA,NA,NA
Montenegro,Europe,1977,MNE,568044,6298,71.829,23.3449164,23.56937156,NA,NA,NA,NA
Montenegro,Europe,1978,MNE,573470,6583,71.9191,23.44205607,23.66336379,NA,NA,NA,NA
Montenegro,Europe,1979,MNE,578964,6523,71.4901,23.53816203,23.75678809,NA,NA,NA,NA
Montenegro,Europe,1980,MNE,584782,7992,72.2447,23.63323454,23.85040299,NA,NA,7.0600004,NA
Montenegro,Europe,1981,MNE,589870,7635,72.126,23.72748442,23.94381566,NA,NA,7.0699997,NA
Montenegro,Europe,1982,MNE,593588,7790,72.3044,23.8209381,24.03679407,NA,NA,7.0699997,NA
Montenegro,Europe,1983,MNE,596914,7610,72.3045,23.91256584,24.12900697,NA,NA,7.0600004,NA
Montenegro,Europe,1984,MNE,600214,7828,72.2892,24.00239116,24.22021846,NA,NA,7.0600004,NA
Montenegro,Europe,1985,MNE,603459,7804,72.4302,24.09033386,24.30957103,NA,NA,7.0600004,NA
Montenegro,Europe,1986,MNE,606762,8021,72.7793,24.1755191,24.39726692,NA,NA,7.0600004,NA
Montenegro,Europe,1987,MNE,610124,7592,73.1791,24.25842461,24.48220859,NA,NA,7.0600004,NA
Montenegro,Europe,1988,MNE,613538,7299,73.4096,24.33865742,24.56473341,NA,NA,7.0600004,NA
Montenegro,Europe,1989,MNE,616995,7278,73.8142,24.41634765,24.6451699,NA,NA,7.0600004,NA
Montenegro,Europe,1990,MNE,620462,6605,73.8768,24.49177247,24.72390157,NA,NA,NA,NA
Montenegro,Europe,1991,MNE,623514,6068.2153,73.9509,24.5653467,24.80177485,29.933,NA,NA,NA
Montenegro,Europe,1992,MNE,625982,4605.299,73.7998,24.63694236,24.87966151,30.128,NA,NA,NA
Montenegro,Europe,1993,MNE,628058,2981.8047,73.8689,24.70736099,24.9587245,30.401,NA,NA,NA
Montenegro,Europe,1994,MNE,629834,3073.9207,73.7639,24.77717883,25.0393705,30.366,NA,NA,NA
Montenegro,Europe,1995,MNE,631335,3571.0723,73.7395,24.84731888,25.12260107,30.178,NA,NA,NA
Montenegro,Europe,1996,MNE,632573,4663.16,73.6108,24.91844358,25.20880938,29.837,NA,NA,NA
Montenegro,Europe,1997,MNE,633482,5121.728,73.5036,24.99106315,25.29818967,29.844,NA,NA,NA
Montenegro,Europe,1998,MNE,634058,5522.1045,73.4418,25.06567303,25.39252272,29.936,NA,NA,0.347
Montenegro,Europe,1999,MNE,634238,5142.729,73.2935,25.14221007,25.49111064,30.191,NA,NA,0.423
Montenegro,Europe,2000,MNE,634144,6046.142,73.5522,25.2206969,25.59326215,30.249,NA,NA,0.423
Montenegro,Europe,2001,MNE,633948,6429.561,73.739,25.29890703,25.69745254,30.308,NA,8.120001,0.446
Montenegro,Europe,2002,MNE,633716,6897.725,74.1306,25.3768903,25.80278283,30.277,NA,NA,0.47
Montenegro,Europe,2003,MNE,633508,7445.0503,74.226,25.45419277,25.90865328,30.318,NA,NA,0.484
Montenegro,Europe,2004,MNE,633704,8193.75,74.3789,25.53122434,26.01483747,30.315,NA,NA,0.498
Montenegro,Europe,2005,MNE,634003,9002.218,74.4252,25.60766147,26.1209194,30.31,NA,NA,0.5
Montenegro,Europe,2006,MNE,633821,10307.647,74.6713,25.68071461,26.22390917,24.843,2.9245126,8.23,0.496
Montenegro,Europe,2007,MNE,633335,12027.43,74.6739,25.75073044,26.32410407,19.4,4.347122,7.8900003,0.481
Montenegro,Europe,2008,MNE,632805,13550.356,75.0006,25.81806466,26.42113489,17.15,8.758728,8.1,0.492
Montenegro,Europe,2009,MNE,632404,13459.499,75.3973,25.88237462,26.51483507,19.09,3.4667237,8.49,0.495
Montenegro,Europe,2010,MNE,632036,14509.766,75.7125,25.94387963,26.6061973,19.649,0.65494657,8.79,0.498
Montenegro,Europe,2011,MNE,632639,15747,75.9607,26.0040499,26.69687467,19.759,3.450143,9.23,0.498
Montenegro,Europe,2012,MNE,633497,15421,76.2367,26.06324845,26.7883886,19.808,4.1452475,9.95,0.502
Montenegro,Europe,2013,MNE,633162,16064,76.3539,26.12194612,26.88200132,19.585,2.2058926,9.570001,0.476
Montenegro,Europe,2014,MNE,631332,16437,76.4679,26.18067933,26.97782577,18.054,-0.71051407,9.21,0.466
Montenegro,Europe,2015,MNE,628096,17249,76.5939,26.23939111,27.07576197,17.555,1.5486916,10.66,0.466
Montenegro,Europe,2016,MNE,624199,17777.416,76.5647,26.29841226,27.17491841,17.732,-0.271385,10.450001,0.464
Montenegro,Europe,2017,MNE,620062,18640.195,76.5929,NA,NA,16.082,2.380236,10.599999,0.454
Montenegro,Europe,2018,MNE,615760,19617.215,76.9215,NA,NA,15.19,2.6112237,NA,0.463
Montenegro,Europe,2019,MNE,611625,20448.549,76.6392,NA,NA,15.128,0.3615637,NA,0.461
Montenegro,Europe,2020,MNE,607887,17355.623,75.8503,NA,NA,17.878,-0.2556557,NA,0.479
Montenegro,Europe,2021,MNE,603805,19656.557,73.7893,NA,NA,16.543,2.410802,NA,0.519
Montenegro,Europe,2022,MNE,614603,20941.805,75.9214,NA,NA,15.288,13.040303,9.889999,0.515
Montenegro,Europe,2023,MNE,633503,NA,77.0869,NA,NA,15.254,8.584769,9.929999,0.587
Morocco,Africa,1952,MAR,9394838,2327,39.5592,NA,NA,NA,NA,NA,0.051
Morocco,Africa,1953,MAR,9639525,2340,39.9553,NA,NA,NA,NA,NA,0.051
Morocco,Africa,1954,MAR,9893270,2353,40.359,NA,NA,NA,NA,NA,0.051
Morocco,Africa,1955,MAR,10158077,2364,40.7795,NA,NA,NA,NA,NA,0.051
Morocco,Africa,1956,MAR,10433981,2313,41.2163,NA,NA,NA,NA,NA,0.063
Morocco,Africa,1957,MAR,10720511,2263,41.6867,NA,NA,NA,NA,NA,0.067
Morocco,Africa,1958,MAR,11013691,2214,42.1801,NA,NA,NA,NA,NA,0.067
Morocco,Africa,1959,MAR,11316962,2165,42.6783,NA,NA,NA,NA,NA,0.065
Morocco,Africa,1960,MAR,11624881,2118,41.7302,NA,NA,NA,3.424299,NA,0.072
Morocco,Africa,1961,MAR,11931047,2138,43.6945,NA,NA,NA,1.7631246,NA,0.069
Morocco,Africa,1962,MAR,12253046,2158,44.2263,NA,NA,NA,5.0967293,NA,0.069
Morocco,Africa,1963,MAR,12577447,2179,44.7682,NA,NA,NA,5.699712,NA,0.154
Morocco,Africa,1964,MAR,12898837,2201,45.3459,NA,NA,NA,4.0215416,NA,0.168
Morocco,Africa,1965,MAR,13239121,2222,45.9223,NA,NA,NA,3.4828212,NA,0.159
Morocco,Africa,1966,MAR,13597005,2289,46.4953,NA,NA,NA,-1.0135794,NA,0.132
Morocco,Africa,1967,MAR,13968124,2359,47.0993,NA,NA,NA,-0.748277,NA,0.132
Morocco,Africa,1968,MAR,14347839,2429,47.6593,NA,NA,NA,0.43647906,NA,0.132
Morocco,Africa,1969,MAR,14734204,2503,48.1867,NA,NA,NA,2.9498913,NA,0.123
Morocco,Africa,1970,MAR,15129403,2576,48.6908,NA,NA,NA,1.2791814,NA,0.135
Morocco,Africa,1971,MAR,15527182,2654,49.1688,NA,NA,NA,4.155352,NA,0.152
Morocco,Africa,1972,MAR,15924645,2660,49.7059,NA,NA,NA,3.7591705,NA,0.152
Morocco,Africa,1973,MAR,16326228,2700,50.2196,NA,NA,NA,4.084614,NA,0.151
Morocco,Africa,1974,MAR,16733797,2791,50.762,NA,NA,NA,17.556822,NA,0.136
Morocco,Africa,1975,MAR,17150745,2919,51.3564,22.49919285,21.64301707,NA,7.918289,NA,0.13
Morocco,Africa,1976,MAR,17574137,3175,52.0478,22.62706085,21.73742924,NA,8.502152,NA,0.13
Morocco,Africa,1977,MAR,18014713,3268,52.7912,22.75512533,21.83239191,NA,12.597001,NA,0.146
Morocco,Africa,1978,MAR,18477330,3298,53.5536,22.88269475,21.92739744,NA,9.716033,NA,0.157
Morocco,Africa,1979,MAR,18955548,3382,54.3758,23.00961383,22.02321918,NA,8.331366,NA,0.159
Morocco,Africa,1980,MAR,19459892,3622,55.2189,23.13591312,22.11956139,NA,9.40838,NA,0.16
Morocco,Africa,1981,MAR,19985354,3457,56.0233,23.26160457,22.21599267,NA,12.492528,NA,0.16
Morocco,Africa,1982,MAR,20520273,3725,56.8689,23.38657001,22.31265874,NA,10.527807,NA,0.16
Morocco,Africa,1983,MAR,21060650,3606,57.6854,23.51077454,22.40999028,NA,6.2079353,NA,0.16
Morocco,Africa,1984,MAR,21593725,3657,58.4378,23.6339571,22.50759687,NA,12.447569,13.2699995,0.161
Morocco,Africa,1985,MAR,22113898,3784,59.208,23.7563749,22.6055782,NA,7.728639,NA,0.161
Morocco,Africa,1986,MAR,22600746,3977,59.9514,23.87722913,22.70330786,NA,8.73356,NA,0.161
Morocco,Africa,1987,MAR,23054340,3790,60.6199,23.99685987,22.80136287,NA,2.69874,NA,0.164
Morocco,Africa,1988,MAR,23500486,4077,61.2312,24.11550473,22.90024577,NA,2.369055,NA,0.164
Morocco,Africa,1989,MAR,23939368,4073,61.8236,24.23292522,22.99993932,NA,3.2599695,NA,0.164
Morocco,Africa,1990,MAR,24375508,4130,62.3958,24.34936194,23.09985113,NA,6.782594,NA,0.17
Morocco,Africa,1991,MAR,24798965,4353.7295,62.9186,24.46405468,23.20006044,13.59,7.986166,NA,0.17
Morocco,Africa,1992,MAR,25212419,4194.447,63.3883,24.57676778,23.30073306,13.85,5.740247,NA,0.184
Morocco,Africa,1993,MAR,25614533,4097.281,63.8679,24.68779535,23.40147422,14.076,5.183114,NA,0.191
Morocco,Africa,1994,MAR,26000781,4461.0625,64.3459,24.79764745,23.50189883,13.917,5.1416717,NA,0.193
Morocco,Africa,1995,MAR,26399383,4156.9253,64.7246,24.90717518,23.60176061,14.089,6.1235814,NA,0.193
Morocco,Africa,1996,MAR,26808063,4603.652,65.2257,25.01362081,23.69897879,13.434,2.9868093,NA,0.193
Morocco,Africa,1997,MAR,27213289,4469.19,65.6159,25.1168946,23.7933655,14.04,1.038199,NA,0.203
Morocco,Africa,1998,MAR,27621589,4729.183,66.0078,25.21743253,23.88654692,13.411,2.7531133,NA,0.213
Morocco,Africa,1999,MAR,28027140,4720.7715,66.4037,25.31441136,23.97758708,13.94,0.6847826,NA,0.213
Morocco,Africa,2000,MAR,28423380,4753.638,66.7937,25.40673944,24.06522729,13.58,1.8946346,13.249999,0.237
Morocco,Africa,2001,MAR,28814598,5042.073,67.1996,25.49502907,24.15058644,12.46,0.6198019,NA,0.239
Morocco,Africa,2002,MAR,29198087,5140.8726,67.5817,25.5791907,24.23455702,11.59,2.7956197,NA,0.242
Morocco,Africa,2003,MAR,29571375,5386.8506,67.9577,25.65934349,24.31804355,11.92,1.1677337,NA,0.252
Morocco,Africa,2004,MAR,29952970,5584.154,68.2721,25.73626341,24.40146315,10.83,1.4934441,NA,0.252
Morocco,Africa,2005,MAR,30358088,5708.0312,68.7475,25.80980098,24.48457372,11.01,0.98264164,NA,0.259
Morocco,Africa,2006,MAR,30771131,6076.9526,69.1574,25.8826482,24.56898381,9.67,3.2847617,13.44,0.256
Morocco,Africa,2007,MAR,31186417,6228.4316,69.6197,25.9571277,24.6564573,9.56,2.0420852,NA,0.259
Morocco,Africa,2008,MAR,31606714,6530.978,70.0509,26.03536037,24.74898448,9.57,3.714843,NA,0.252
Morocco,Africa,2009,MAR,32030735,6741.4604,70.4543,26.11583325,24.84557894,8.96,0.971863,NA,0.252
Morocco,Africa,2010,MAR,32466965,6931.558,70.8211,26.19708084,24.94497538,9.09,0.9935574,NA,0.256
Morocco,Africa,2011,MAR,32912540,7226,71.2634,26.27860125,25.04673147,8.91,0.9069249,NA,0.262
Morocco,Africa,2012,MAR,33355201,7355.326,71.674,26.36120305,25.14937383,8.99,1.2871224000000001,NA,0.264
Morocco,Africa,2013,MAR,33787523,7599.724,72.1174,26.44442349,25.25233482,9.23,1.8806547,13.320001,0.269
Morocco,Africa,2014,MAR,34204741,7714.632,72.5225,26.52787845,25.35569119,9.7,0.44231007,NA,0.268
Morocco,Africa,2015,MAR,34607538,7959.528,72.8938,26.61139889,25.45877178,9.46,1.5579071,NA,0.263
Morocco,Africa,2016,MAR,35023413,7912.222,73.2279,26.69405022,25.5612347,9.3,1.6353111,NA,0.265
Morocco,Africa,2017,MAR,35446348,8222.67,73.6079,NA,NA,9.229,0.7546632,NA,0.26
Morocco,Africa,2018,MAR,35839708,8385.949,73.9456,NA,NA,9.282,1.8039167,NA,0.261
Morocco,Africa,2019,MAR,36210859,8540.804,74.2446,NA,NA,9.21,0.30338603,NA,0.258
Morocco,Africa,2020,MAR,36584160,7849.208,73.1327,NA,NA,11.203,0.7059687,NA,0.256
Morocco,Africa,2021,MAR,36954394,8391.295,73.3848,NA,NA,10.539,1.4019588,NA,0.262
Morocco,Africa,2022,MAR,37329012,8400.127,75.1614,NA,NA,9.53,6.657042,13.330001,0.262
Morocco,Africa,2023,MAR,37712463,NA,75.3128,NA,NA,9.114,6.0911417,13.2300005,0.262
Mozambique,Africa,1952,MOZ,6050716,1878,38.1,NA,NA,NA,NA,NA,0.028
Mozambique,Africa,1953,MOZ,6123066,1911,38.5055,NA,NA,NA,NA,NA,0.028
Mozambique,Africa,1954,MOZ,6196932,1924,38.8661,NA,NA,NA,NA,NA,0.028
Mozambique,Africa,1955,MOZ,6274428,2007,39.2669,NA,NA,NA,NA,NA,0.028
Mozambique,Africa,1956,MOZ,6354997,1980,39.5942,NA,NA,NA,NA,NA,0.028
Mozambique,Africa,1957,MOZ,6438137,1986,40.0576,NA,NA,NA,NA,NA,0.028
Mozambique,Africa,1958,MOZ,6521517,2040,40.4661,NA,NA,NA,NA,NA,0.028
Mozambique,Africa,1959,MOZ,6610363,2109,40.8746,NA,NA,NA,NA,NA,0.028
Mozambique,Africa,1960,MOZ,6713654,2115,41.1966,NA,NA,NA,NA,NA,0.028
Mozambique,Africa,1961,MOZ,6834888,2131,41.5003,NA,NA,NA,NA,NA,0.028
Mozambique,Africa,1962,MOZ,6969317,2232,41.7607,NA,NA,NA,NA,NA,0.028
Mozambique,Africa,1963,MOZ,7109782,2106,41.9578,NA,NA,NA,NA,NA,0.028
Mozambique,Africa,1964,MOZ,7255013,2150,41.6563,NA,NA,NA,NA,NA,0.028
Mozambique,Africa,1965,MOZ,7406372,2153,41.7922,NA,NA,NA,NA,NA,0.028
Mozambique,Africa,1966,MOZ,7562937,2174,41.8351,NA,NA,NA,NA,NA,0.028
Mozambique,Africa,1967,MOZ,7724510,2271,41.9525,NA,NA,NA,NA,NA,0.028
Mozambique,Africa,1968,MOZ,7892564,2469,42.0999,NA,NA,NA,NA,NA,0.028
Mozambique,Africa,1969,MOZ,8066904,2699,42.2667,NA,NA,NA,NA,NA,0.028
Mozambique,Africa,1970,MOZ,8250456,2778,42.4593,NA,NA,NA,NA,NA,0.028
Mozambique,Africa,1971,MOZ,8456273,2895,42.5806,NA,NA,NA,NA,NA,0.028
Mozambique,Africa,1972,MOZ,8692879,2906,42.5234,NA,NA,NA,NA,NA,0.028
Mozambique,Africa,1973,MOZ,8954202,2986,42.7239,NA,NA,NA,NA,NA,0.052
Mozambique,Africa,1974,MOZ,9236042,2684,43.2109,NA,NA,NA,NA,NA,0.034
Mozambique,Africa,1975,MOZ,9540782,2238,43.8207,18.63724788,18.2921738,NA,NA,NA,0.024
Mozambique,Africa,1976,MOZ,9867165,2064,43.9227,18.773229099999998,18.40948244,NA,NA,NA,0.08
Mozambique,Africa,1977,MOZ,10224930,2013,43.9237,18.91120209,18.52855868,NA,NA,NA,0.08
Mozambique,Africa,1978,MOZ,10618194,1969,43.9627,19.05057502,18.64890283,NA,NA,NA,0.08
Mozambique,Africa,1979,MOZ,11028767,1937,43.914,19.19126731,18.76990511,NA,NA,NA,0.08
Mozambique,Africa,1980,MOZ,11336159,1945,43.9873,19.33213171,18.89158538,NA,NA,NA,0.08
Mozambique,Africa,1981,MOZ,11568078,1940,41.6429,19.47636039,19.01570269,NA,NA,NA,0.08
Mozambique,Africa,1982,MOZ,11824314,1852,41.6774,19.62298384,19.14168211,NA,NA,NA,0.08
Mozambique,Africa,1983,MOZ,12073770,1694,41.596,19.77138236,19.2693146,NA,NA,NA,0.08
Mozambique,Africa,1984,MOZ,12315898,1629,38.897,19.92173332,19.39780281,NA,NA,NA,0.08
Mozambique,Africa,1985,MOZ,12548910,1466,38.9841,20.07201834,19.5262692,NA,NA,NA,0.08
Mozambique,Africa,1986,MOZ,12770538,1479,40.9508,20.22467956,19.65615498,NA,NA,NA,0.08
Mozambique,Africa,1987,MOZ,12822524,1562,41.0025,20.37845476,19.78657423,NA,NA,NA,0.08
Mozambique,Africa,1988,MOZ,12800513,1701,43.6905,20.53293926,19.91705847,NA,NA,NA,0.08
Mozambique,Africa,1989,MOZ,12906799,1776,43.8893,20.68741394,20.04686583,NA,NA,NA,0.08
Mozambique,Africa,1990,MOZ,13094484,1776,44.3369,20.84061737,20.17518719,NA,NA,NA,0.123
Mozambique,Africa,1991,MOZ,13352046,1719.0991,44.7046,20.98474256,20.29667895,2.825,NA,NA,0.162
Mozambique,Africa,1992,MOZ,13613263,1482.4166,45.0953,21.12072186,20.4103644,2.996,NA,NA,0.183
Mozambique,Africa,1993,MOZ,14051158,1439.2897,45.6746,21.24933099,20.5168395,2.872,NA,NA,0.221
Mozambique,Africa,1994,MOZ,15033800,1312.3721,46.0858,21.3715676,20.61649892,2.856,NA,NA,0.246
Mozambique,Africa,1995,MOZ,15960479,1165.8102,46.5463,21.48881529,20.71001733,2.755,NA,NA,0.471
Mozambique,Africa,1996,MOZ,16492428,1325.5953,47.1208,21.6007838,20.79731171,2.752,NA,23.99,0.466
Mozambique,Africa,1997,MOZ,16949939,1323.6936,47.7996,21.70915874,20.87947847,2.7,NA,NA,0.465
Mozambique,Africa,1998,MOZ,17340415,1335.6608,48.2121,21.81461157,20.95751536,2.646,NA,NA,0.465
Mozambique,Africa,1999,MOZ,17734447,1301.5763,48.8374,21.91803411,21.03195191,2.675,NA,NA,0.458
Mozambique,Africa,2000,MOZ,18129602,1196.0149,49.4762,22.01983611,21.10361629,2.831,NA,NA,0.419
Mozambique,Africa,2001,MOZ,18537683,1219.381,50.2593,22.11962767,21.17249406,2.84,NA,NA,0.419
Mozambique,Africa,2002,MOZ,18958295,1199.7332,50.8793,22.21715757,21.23899365,2.906,NA,25.310001,0.419
Mozambique,Africa,2003,MOZ,19392422,1155.7037,51.3831,22.31252279,21.30375487,2.869,NA,NA,0.421
Mozambique,Africa,2004,MOZ,19840266,1125.8322,51.8551,22.40512467,21.36765431,2.958,NA,NA,0.428
Mozambique,Africa,2005,MOZ,20304530,1107.5338,52.3225,22.49514063,21.42949877,3.029,6.4275527,NA,0.474
Mozambique,Africa,2006,MOZ,20787045,1099.3418,52.7476,22.58405733,21.49069588,3.027,13.245088,NA,0.469
Mozambique,Africa,2007,MOZ,21287589,1067.9664,53.2554,22.6725482,21.55046682,3.065,8.489487,23.61,0.471
Mozambique,Africa,2008,MOZ,21818980,1031.3622,53.7989,22.76064127,21.60851719,3.095,14.502806,23.27,0.464
Mozambique,Africa,2009,MOZ,22391698,991.74524,54.3999,22.84904091,21.66428109,3.182,3.7886133,NA,0.46
Mozambique,Africa,2010,MOZ,22999191,956.53046,55.0397,22.9383823,21.71874329,3.24,12.425542,NA,0.433
Mozambique,Africa,2011,MOZ,23649004,925,55.7334,23.02952503,21.77435917,3.279,11.166606,NA,0.43
Mozambique,Africa,2012,MOZ,24337788,964.58234,56.4604,23.12232966,21.83153176,3.305,2.6024547,NA,0.43
Mozambique,Africa,2013,MOZ,25051568,1003.7287,57.1889,23.21628416,21.88953715,3.338,4.2613525,NA,0.435
Mozambique,Africa,2014,MOZ,25788424,1049.1935,57.965,23.31098886,21.94854556,3.378,2.5597486,31.43,0.435
Mozambique,Africa,2015,MOZ,26547522,1090.3977,58.711,23.40543528,22.00762231,3.426,3.5507598,NA,0.439
Mozambique,Africa,2016,MOZ,27337054,1102.8173,59.455,23.49925099,22.06723557,3.48,17.418041,NA,0.429
Mozambique,Africa,2017,MOZ,28166349,1114.3684,60.1484,NA,NA,3.543,15.113208,NA,0.406
Mozambique,Africa,2018,MOZ,29018595,1122.5856,60.7904,NA,NA,3.602,3.9113345,NA,0.396
Mozambique,Africa,2019,MOZ,29884331,1118.6304,61.3059,NA,NA,3.632,2.8027031,NA,0.394
Mozambique,Africa,2020,MOZ,30783641,1076.6941,61.3904,NA,NA,3.877,3.4839356,NA,0.369
Mozambique,Africa,2021,MOZ,31707757,1073.57,60.2683,NA,NA,3.984,6.4084764,NA,0.369
Mozambique,Africa,2022,MOZ,32656190,1087.836,63.0115,NA,NA,3.621,10.279402,24.65,0.369
Mozambique,Africa,2023,MOZ,33635119,NA,63.6111,NA,NA,3.535,7.126975,24.65,0.355
Myanmar,Asia,1952,MMR,18417961,716,37.7278,NA,NA,NA,NA,NA,0.392
Myanmar,Asia,1953,MMR,18779853,724,38.6044,NA,NA,NA,NA,NA,0.429
Myanmar,Asia,1954,MMR,19156610,668,39.5724,NA,NA,NA,NA,NA,0.429
Myanmar,Asia,1955,MMR,19550444,744,40.4421,NA,NA,NA,NA,NA,0.429
Myanmar,Asia,1956,MMR,19959173,781,41.1973,NA,NA,NA,NA,NA,0.423
Myanmar,Asia,1957,MMR,20382652,813,42.0212,NA,NA,NA,NA,NA,0.42
Myanmar,Asia,1958,MMR,20816370,778,42.7795,NA,NA,NA,NA,NA,0.402
Myanmar,Asia,1959,MMR,21263969,885,43.4139,NA,NA,NA,NA,NA,0.402
Myanmar,Asia,1960,MMR,21730205,899,44.0861,NA,NA,NA,7.389937,NA,0.416
Myanmar,Asia,1961,MMR,22210530,904,44.6035,NA,NA,NA,-0.14641288,NA,0.422
Myanmar,Asia,1962,MMR,22704673,966,45.2637,NA,NA,NA,-1.6129032,NA,0.129
Myanmar,Asia,1963,MMR,23213360,977,45.9512,NA,NA,NA,-2.6825633,NA,0.077
Myanmar,Asia,1964,MMR,23737260,976,46.6527,NA,NA,NA,-0.45941806,NA,0.069
Myanmar,Asia,1965,MMR,24279391,983,47.4049,NA,NA,NA,17.692308,NA,0.069
Myanmar,Asia,1966,MMR,24836455,925,48.1814,NA,NA,NA,25.490196,NA,0.069
Myanmar,Asia,1967,MMR,25406381,934,48.8599,NA,NA,NA,0.8333333,NA,0.069
Myanmar,Asia,1968,MMR,25989618,976,49.3997,NA,NA,NA,2.376033,NA,0.069
Myanmar,Asia,1969,MMR,26585059,998,50.0204,NA,NA,NA,-4.3390512,NA,0.069
Myanmar,Asia,1970,MMR,27192962,1023,50.4696,NA,NA,NA,-4.0084386,NA,0.069
Myanmar,Asia,1971,MMR,27807168,1036,51.0268,NA,NA,NA,2.087912,NA,0.069
Myanmar,Asia,1972,MMR,28428280,1023,51.3974,NA,NA,NA,7.6426263,NA,0.069
Myanmar,Asia,1973,MMR,29026344,1001,51.763,NA,NA,NA,25.2,NA,0.069
Myanmar,Asia,1974,MMR,29598112,1033,52.0915,NA,NA,NA,25.211662,NA,0.073
Myanmar,Asia,1975,MMR,30176522,1057,52.4933,19.6295439,19.29088358,NA,31.655663,NA,0.073
Myanmar,Asia,1976,MMR,30758761,1103,52.9082,19.72805022,19.36465651,NA,22.384401,NA,0.135
Myanmar,Asia,1977,MMR,31355912,1148,53.2664,19.82355041,19.43676049,NA,-1.1566873,NA,0.135
Myanmar,Asia,1978,MMR,31972919,1205,53.5216,19.91659035,19.50745525,NA,-6.0447063,NA,0.135
Myanmar,Asia,1979,MMR,32596503,1240,54.0256,20.00806081,19.57703132,NA,5.672295,NA,0.135
Myanmar,Asia,1980,MMR,33227164,1320,54.3744,20.09829079,19.64534688,NA,0.6081531,NA,0.137
Myanmar,Asia,1981,MMR,33858730,1369,54.6991,20.18790648,19.71298046,NA,0.31844473,NA,0.137
Myanmar,Asia,1982,MMR,34482922,1417,55.0332,20.27697425,19.78005314,NA,5.3047404,NA,0.137
Myanmar,Asia,1983,MMR,35162668,1451,55.3081,20.36518414,19.84626675,NA,5.6500835,NA,0.137
Myanmar,Asia,1984,MMR,35899272,1492,55.5963,20.45250749,19.91168796,NA,4.8463116,NA,0.137
Myanmar,Asia,1985,MMR,36622772,1506,55.8162,20.53940875,19.97591874,NA,6.8075666,NA,0.137
Myanmar,Asia,1986,MMR,37314833,1465,56.0835,20.62723099,20.03939094,NA,9.325462,NA,0.137
Myanmar,Asia,1987,MMR,37971555,1382,56.3534,20.71532359,20.10206743,NA,24.76,NA,0.137
Myanmar,Asia,1988,MMR,38600885,1207,56.5699,20.80316292,20.16467814,NA,16.042803,NA,0.124
Myanmar,Asia,1989,MMR,39214577,1234,56.8887,20.89056961,20.22639099,NA,27.198526,NA,0.089
Myanmar,Asia,1990,MMR,39817205,1253,57.1587,20.97699117,20.28794221,NA,17.626776,NA,0.115
Myanmar,Asia,1991,MMR,40394111,1205.0714,57.3955,21.06340106,20.35000018,0.878,32.272038,NA,0.094
Myanmar,Asia,1992,MMR,40950295,1283.8254,57.681,21.14961071,20.41298794,0.826,21.91321,NA,0.094
Myanmar,Asia,1993,MMR,41502369,1321.8102,58.0324,21.23537151,20.47721762,0.801,31.831608,NA,0.094
Myanmar,Asia,1994,MMR,42055096,1373.9629,58.3256,21.3199742,20.54241525,0.771,24.098785,NA,0.094
Myanmar,Asia,1995,MMR,42605294,1423.6505,58.6708,21.40380022,20.6085343,0.757,25.194712,NA,0.094
Myanmar,Asia,1996,MMR,43154805,1469.0317,59.1689,21.48665207,20.67617229,0.762,16.275396,NA,0.094
Myanmar,Asia,1997,MMR,43708762,1505.9805,59.5226,21.56926198,20.74456651,0.765,29.697233,NA,0.094
Myanmar,Asia,1998,MMR,44257732,1547.0283,59.896,21.65125339,20.81341598,0.772,51.48755,NA,0.094
Myanmar,Asia,1999,MMR,44787672,1667.6613,60.1066,21.73226727,20.88277364,0.762,18.401043,NA,0.094
Myanmar,Asia,2000,MMR,45290803,1843.4945,60.3567,21.81197489,20.95264937,0.731,-0.10916551,NA,0.094
Myanmar,Asia,2001,MMR,45771087,1996.3737,60.6398,21.89107671,21.02386127,0.7,21.101305,NA,0.094
Myanmar,Asia,2002,MMR,46232609,2175.8835,60.9245,21.97001683,21.09709495,0.685,57.074512,NA,0.094
Myanmar,Asia,2003,MMR,46667140,2410.5698,61.196,22.04803323,21.17194035,0.683,36.589718,NA,0.094
Myanmar,Asia,2004,MMR,47068726,2664.9412,61.4425,22.12584618,21.24844697,0.678,4.5342135,NA,0.094
Myanmar,Asia,2005,MMR,47438305,2947.0989,61.7204,22.20380713,21.32647907,0.67,9.368618,NA,0.094
Myanmar,Asia,2006,MMR,47785085,3246.6934,62.0263,22.28340314,21.40653356,0.669,19.996487,NA,0.095
Myanmar,Asia,2007,MMR,48124993,3542.5884,62.3667,22.36481659,21.48846354,0.673,35.024597,NA,0.095
Myanmar,Asia,2008,MMR,48390740,3585.7651,56.3637,22.44851011,21.57189576,0.684,26.799538,NA,0.095
Myanmar,Asia,2009,MMR,48660408,3673.4368,63.0952,22.53453801,21.65715168,0.696,1.4723431,NA,0.097
Myanmar,Asia,2010,MMR,49024326,3772.9985,63.4791,22.62235672,21.7440374,0.707,7.718382,NA,0.118
Myanmar,Asia,2011,MMR,49419777,3884,63.8589,22.71229965,21.83473068,0.723,5.02146,NA,0.22
Myanmar,Asia,2012,MMR,49837398,4091.202,64.2511,22.80401834,21.92826762,0.742,1.4675832,NA,0.3
Myanmar,Asia,2013,MMR,50262613,4371.003,64.617,22.89610836,22.02366123,0.753,5.6430387,NA,0.355
Myanmar,Asia,2014,MMR,50681584,4684.643,64.9941,22.98833232,22.1206921,0.749,4.953299,NA,0.352
Myanmar,Asia,2015,MMR,51089005,4984.669,65.2877,23.07931813,22.21915318,0.766,9.454172,28.66,0.366
Myanmar,Asia,2016,MMR,51495657,5252.832,65.6399,23.16920511,22.31810837,1.043,6.9288254,NA,0.399
Myanmar,Asia,2017,MMR,51894886,5503.632,65.9086,NA,NA,1.356,4.5725365,16.45,0.4
Myanmar,Asia,2018,MMR,52272203,5803.431,66.2322,NA,NA,0.767,6.8723288,NA,0.395
Myanmar,Asia,2019,MMR,52640679,6140.885,66.4567,NA,NA,0.407,8.825067,NA,0.422
Myanmar,Asia,2020,MMR,53016472,6282.8115,66.6121,NA,NA,1.476,NA,NA,0.427
Myanmar,Asia,2021,MMR,53387059,5113.337,65.5535,NA,NA,4.34,NA,NA,0.107
Myanmar,Asia,2022,MMR,53756739,5177.4326,66.5058,NA,NA,2.83,NA,18,0.092
Myanmar,Asia,2023,MMR,54133741,NA,66.889,NA,NA,2.841,NA,16.63,0.08
Namibia,Africa,1952,NAM,526602,4066,43.1469,NA,NA,NA,NA,NA,0.058
Namibia,Africa,1953,NAM,533192,4125,43.7514,NA,NA,NA,NA,NA,0.058
Namibia,Africa,1954,NAM,539967,4254,44.4304,NA,NA,NA,NA,NA,0.058
Namibia,Africa,1955,NAM,547037,4288,45.0467,NA,NA,NA,NA,NA,0.058
Namibia,Africa,1956,NAM,554511,4340,45.7033,NA,NA,NA,NA,NA,0.058
Namibia,Africa,1957,NAM,562549,4398,46.3756,NA,NA,NA,NA,NA,0.058
Namibia,Africa,1958,NAM,571297,4409,47.1119,NA,NA,NA,NA,NA,0.058
Namibia,Africa,1959,NAM,580886,4549,47.7912,NA,NA,NA,NA,NA,0.058
Namibia,Africa,1960,NAM,591411,4855,48.5295,NA,NA,NA,NA,NA,0.063
Namibia,Africa,1961,NAM,603033,4787,49.242,NA,NA,NA,NA,NA,0.062
Namibia,Africa,1962,NAM,615714,5324,49.9724,NA,NA,NA,NA,NA,0.061
Namibia,Africa,1963,NAM,629553,5710,50.641,NA,NA,NA,NA,NA,0.061
Namibia,Africa,1964,NAM,644491,6468,51.3487,NA,NA,NA,NA,NA,0.061
Namibia,Africa,1965,NAM,660514,6728,51.9973,NA,NA,NA,NA,NA,0.062
Namibia,Africa,1966,NAM,677619,6808,52.3012,NA,NA,NA,NA,NA,0.067
Namibia,Africa,1967,NAM,696008,6365,52.9329,NA,NA,NA,NA,NA,0.067
Namibia,Africa,1968,NAM,715503,6253,53.5531,NA,NA,NA,NA,NA,0.067
Namibia,Africa,1969,NAM,736076,6303,54.1257,NA,NA,NA,NA,NA,0.067
Namibia,Africa,1970,NAM,757823,6164,54.686,NA,NA,NA,NA,NA,0.064
Namibia,Africa,1971,NAM,780542,6258,55.2892,NA,NA,NA,NA,NA,0.062
Namibia,Africa,1972,NAM,804357,6156,55.8454,NA,NA,NA,NA,NA,0.062
Namibia,Africa,1973,NAM,828881,6177,56.4218,NA,NA,NA,NA,NA,0.062
Namibia,Africa,1974,NAM,854277,6387,56.943,NA,NA,NA,NA,NA,0.063
Namibia,Africa,1975,NAM,880986,6293,57.5505,21.89150775,19.61736407,NA,NA,NA,0.064
Namibia,Africa,1976,NAM,906519,6150,58.0415,21.98947804,19.71468645,NA,NA,NA,0.068
Namibia,Africa,1977,NAM,931072,5984,58.586,22.08584212,19.81146234,NA,NA,NA,0.069
Namibia,Africa,1978,NAM,947231,6027,59.1107,22.18089987,19.90787888,NA,NA,NA,0.069
Namibia,Africa,1979,NAM,962777,6073,59.5191,22.27488848,20.00395871,NA,NA,NA,0.07
Namibia,Africa,1980,NAM,981383,6293,56.5725,22.36820245,20.09961456,NA,NA,NA,0.089
Namibia,Africa,1981,NAM,992453,6271,56.9118,22.46071027,20.19518101,NA,NA,NA,0.089
Namibia,Africa,1982,NAM,1010267,6064,57.3347,22.55234487,20.29004927,NA,NA,NA,0.089
Namibia,Africa,1983,NAM,1037463,5734,57.6369,22.64335588,20.38402827,NA,NA,NA,0.071
Namibia,Africa,1984,NAM,1065957,5539,58.0967,22.73379489,20.47710634,NA,NA,NA,0.07
Namibia,Africa,1985,NAM,1096837,5396,58.4721,22.82308559,20.56856514,NA,NA,NA,0.081
Namibia,Africa,1986,NAM,1131041,5530,58.7248,22.91177512,20.65813705,NA,NA,NA,0.081
Namibia,Africa,1987,NAM,1167851,5595,59.1229,22.99983585,20.7461992,NA,NA,NA,0.081
Namibia,Africa,1988,NAM,1209657,5386,59.033,23.08769564,20.83197186,NA,NA,NA,0.08
Namibia,Africa,1989,NAM,1288907,5208,60.773,23.17515492,20.91529698,NA,NA,NA,0.184
Namibia,Africa,1990,NAM,1369257,5007,61.3586,23.2618904,20.9955556,NA,NA,NA,0.527
Namibia,Africa,1991,NAM,1415638,5239.034,60.8326,23.34870816,21.07383415,19.14,NA,NA,0.592
Namibia,Africa,1992,NAM,1461283,5532.6724,60.1601,23.4364084,21.15008438,18.922,NA,NA,0.592
Namibia,Africa,1993,NAM,1508649,5294.2427,59.2604,23.52541412,21.22410262,19.096,NA,NA,0.592
Namibia,Africa,1994,NAM,1556264,5545.4624,58.4407,23.61518769,21.29669102,19.4,NA,NA,0.592
Namibia,Africa,1995,NAM,1602135,5638.7666,57.5178,23.70681809,21.36854971,21.319,NA,NA,0.67
Namibia,Africa,1996,NAM,1646060,5687.1167,56.6387,23.80073458,21.44099232,22.837,NA,NA,0.67
Namibia,Africa,1997,NAM,1689230,5796.632,55.8444,23.89682103,21.5140779,24.45,NA,NA,0.67
Namibia,Africa,1998,NAM,1732702,5859.8833,54.7672,23.99468428,21.58835148,23.083,NA,NA,0.67
Namibia,Africa,1999,NAM,1776320,5926.4277,53.9825,24.09377499,21.6637088,21.67,NA,NA,0.669
Namibia,Africa,2000,NAM,1818599,5971.815,52.9462,24.19360675,21.7402786,20.3,NA,NA,0.653
Namibia,Africa,2001,NAM,1857002,5888.432,51.9803,24.29442075,21.8198517,20.986,NA,NA,0.649
Namibia,Africa,2002,NAM,1889931,6069.3203,51.9882,24.39531034,21.9023707,21.51,NA,NA,0.649
Namibia,Africa,2003,NAM,1917419,6082.4263,51.9178,24.49545507,21.98783297,22.068,7.136153,26.789999,0.645
Namibia,Africa,2004,NAM,1942050,6712.772,52.1755,24.59388967,22.07539155,22.09,4.136632,NA,0.652
Namibia,Africa,2005,NAM,1966542,6807.5757,52.557,24.68919458,22.16404783,22.105,2.2819462,NA,0.663
Namibia,Africa,2006,NAM,1991841,7208.6885,53.1826,24.78129413,22.25383819,21.861,4.961167,NA,0.661
Namibia,Africa,2007,NAM,2018559,7509.527,54.026,24.8706205,22.34297292,22.11,6.5478816,NA,0.656
Namibia,Africa,2008,NAM,2047007,7618.031,54.7401,24.95693967,22.42977961,22.004,9.094643,NA,0.661
Namibia,Africa,2009,NAM,2077343,7548.129,55.3474,25.03943693,22.51256055,22.253,9.451727,26.24,0.654
Namibia,Africa,2010,NAM,2109760,7905.541,56.0935,25.11830164,22.59223385,22.12,4.87492,NA,0.635
Namibia,Africa,2011,NAM,2146277,8203,56.6467,25.19432997,22.670658070000002,19.479,5.005595,NA,0.647
Namibia,Africa,2012,NAM,2194604,8482.415,57.7335,25.26778215,22.7488327,16.771,6.7219977,NA,0.647
Namibia,Africa,2013,NAM,2252462,8788.875,58.4675,25.3391423,22.82637656,19.028,5.600925,NA,0.647
Namibia,Africa,2014,NAM,2312089,9134.8545,59.3113,25.40921491,22.90403491,18.521,5.3501697,NA,0.659
Namibia,Africa,2015,NAM,2374258,9333.583,60.0083,25.4775448,22.98169747,20.799,3.3940153,21.49,0.705
Namibia,Africa,2016,NAM,2439160,9152.549,60.8098,25.54331027,23.05884274,23.352,6.7285824,NA,0.712
Namibia,Africa,2017,NAM,2506814,8882.617,61.661,NA,NA,21.739,6.1457996,NA,0.709
Namibia,Africa,2018,NAM,2577275,8805.334,62.5787,NA,NA,19.877,4.291591,NA,0.683
Namibia,Africa,2019,NAM,2650454,8567.793,63.5463,NA,NA,19.945,3.7223942,NA,0.648
Namibia,Africa,2020,NAM,2728716,7734.6055,64.0712,NA,NA,20.966,2.2093823,NA,0.634
Namibia,Africa,2021,NAM,2810509,7796.0615,60.8499,NA,NA,20.877,3.6169052,NA,0.624
Namibia,Africa,2022,NAM,2889626,7979.328,64.1903,NA,NA,19.748,6.081281,21.49,0.63
Namibia,Africa,2023,NAM,2963048,NA,67.3848,NA,NA,19.422,5.879935,21.529999,0.627
Nepal,Asia,1952,NPL,8747252,835,37.6544,NA,NA,NA,NA,NA,0.141
Nepal,Asia,1953,NPL,8918179,877,37.6915,NA,NA,NA,NA,NA,0.141
Nepal,Asia,1954,NPL,9087719,886,37.8074,NA,NA,NA,NA,NA,0.141
Nepal,Asia,1955,NPL,9257941,894,37.8563,NA,NA,NA,NA,NA,0.141
Nepal,Asia,1956,NPL,9427843,925,37.8978,NA,NA,NA,NA,NA,0.141
Nepal,Asia,1957,NPL,9597999,915,38.0078,NA,NA,NA,NA,NA,0.141
Nepal,Asia,1958,NPL,9766206,956,38.1391,NA,NA,NA,NA,NA,0.142
Nepal,Asia,1959,NPL,9938867,971,38.413,NA,NA,NA,NA,NA,0.206
Nepal,Asia,1960,NPL,10123617,980,38.6518,NA,NA,NA,NA,NA,0.199
Nepal,Asia,1961,NPL,10318353,990,38.9662,NA,NA,NA,NA,NA,0.1
Nepal,Asia,1962,NPL,10521072,998,39.3328,NA,NA,NA,NA,NA,0.092
Nepal,Asia,1963,NPL,10729779,1006,39.6078,NA,NA,NA,NA,NA,0.092
Nepal,Asia,1964,NPL,10946339,1012,40.2289,NA,NA,NA,NA,NA,0.092
Nepal,Asia,1965,NPL,11173356,1019,40.6884,NA,NA,NA,8.471869,NA,0.092
Nepal,Asia,1966,NPL,11408669,1071,41.2395,NA,NA,NA,14.38897,NA,0.092
Nepal,Asia,1967,NPL,11652671,1034,41.7099,NA,NA,NA,-2.8083315,NA,0.092
Nepal,Asia,1968,NPL,11906228,1023,42.1728,NA,NA,NA,1.17987,NA,0.092
Nepal,Asia,1969,NPL,12166979,1049,42.7221,NA,NA,NA,4.0575914,NA,0.092
Nepal,Asia,1970,NPL,12436145,1055,43.1507,NA,NA,NA,15.237278,NA,0.092
Nepal,Asia,1971,NPL,12710012,1022,43.6161,NA,NA,NA,-1.9995039,NA,0.093
Nepal,Asia,1972,NPL,12989062,1034,44.068,NA,NA,NA,8.389024,NA,0.093
Nepal,Asia,1973,NPL,13275194,1009,44.4854,NA,NA,NA,11.429772,NA,0.093
Nepal,Asia,1974,NPL,13568384,1052,44.9193,NA,NA,NA,19.806337,NA,0.093
Nepal,Asia,1975,NPL,13870641,1047,45.4995,16.96427449,18.61831546,NA,7.585985,NA,0.093
Nepal,Asia,1976,NPL,14177602,1071,45.9912,17.09351396,18.72038994,NA,-3.1132357,NA,0.093
Nepal,Asia,1977,NPL,14499129,1081,46.6281,17.2240433,18.82354788,NA,9.898853,NA,0.093
Nepal,Asia,1978,NPL,14839647,1105,47.2023,17.3554835,18.92757404,NA,7.3460913,NA,0.093
Nepal,Asia,1979,NPL,15190556,1106,47.7664,17.48719913,19.03194825,NA,3.5654538,NA,0.093
Nepal,Asia,1980,NPL,15553060,1057,48.3326,17.61934641,19.13645996,NA,14.684503,NA,0.097
Nepal,Asia,1981,NPL,15922371,1119,48.6623,17.75191738,19.2407841,NA,11.144856,NA,0.105
Nepal,Asia,1982,NPL,16297949,1135,49.1811,17.88465887,19.34448056,NA,11.698546,NA,0.11
Nepal,Asia,1983,NPL,16689080,1076,49.6763,18.0178261,19.44772278,NA,12.377238,NA,0.11
Nepal,Asia,1984,NPL,17085191,1152,50.2267,18.15075824,19.55012375,NA,2.845785,9.39,0.11
Nepal,Asia,1985,NPL,17477653,1194,50.9216,18.28330717,19.65128393,NA,8.052641,NA,0.11
Nepal,Asia,1986,NPL,17868082,1218,51.594,18.41601722,19.75102307,NA,18.99895,NA,0.111
Nepal,Asia,1987,NPL,18250464,1208,52.3819,18.54884589,19.84928889,NA,10.750328,NA,0.112
Nepal,Asia,1988,NPL,18638608,1269,53.1092,18.68153008,19.94632447,NA,8.983004,NA,0.112
Nepal,Asia,1989,NPL,19057757,1290,54.0132,18.8140326,20.04224892,NA,8.846887,NA,0.112
Nepal,Asia,1990,NPL,19524530,1315,54.7708,18.94614476,20.13683343,NA,8.2397,NA,0.257
Nepal,Asia,1991,NPL,20036454,1360.7836,55.6499,19.07905366,20.23068948,10.539,15.557453,NA,0.38
Nepal,Asia,1992,NPL,20609656,1374.6611,56.6864,19.21282138,20.32390117,10.547,17.149523,NA,0.402
Nepal,Asia,1993,NPL,21180113,1385.2411,57.5974,19.34746713,20.41695509,10.56,7.505394,NA,0.402
Nepal,Asia,1994,NPL,21717442,1456.0203,58.6307,19.482879230000002,20.50996974,10.552,8.349287,NA,0.403
Nepal,Asia,1995,NPL,22245397,1468.079,59.3229,19.62014093,20.60330205,10.565,7.6229696,17.9,0.405
Nepal,Asia,1996,NPL,22741817,1511.7336,60.0437,19.75973149,20.69824803,10.56,9.220467,NA,0.398
Nepal,Asia,1997,NPL,23219414,1558.3988,60.8226,19.90182317,20.79509219,10.596,4.009989,NA,0.395
Nepal,Asia,1998,NPL,23680304,1570.6635,61.5322,20.04591893,20.89397631,10.608,11.244468,NA,0.394
Nepal,Asia,1999,NPL,24125146,1609.1803,62.0353,20.19134099,20.99373469,10.624,7.4511127,NA,0.385
Nepal,Asia,2000,NPL,24546462,1676.7456,62.6424,20.33778145,21.09386457,10.622,2.4788203,NA,0.358
Nepal,Asia,2001,NPL,24946700,1738.3142,63.2881,20.48303596,21.19278553,10.615,2.6883037,NA,0.355
Nepal,Asia,2002,NPL,25328943,1709.7787,63.5071,20.62699599,21.28987171,10.655,3.0293994,NA,0.272
Nepal,Asia,2003,NPL,25688717,1747.7766,64.2291,20.76874026,21.38464591,10.677,5.7070093,NA,0.224
Nepal,Asia,2004,NPL,26016606,1802.1438,64.7439,20.90779233,21.47630965,10.68,2.8418114,NA,0.225
Nepal,Asia,2005,NPL,26309414,1836.3057,65.2755,21.04472974,21.56549172,10.652,6.836333,NA,0.222
Nepal,Asia,2006,NPL,26565390,1884.1871,65.8907,21.17992691,21.65302328,10.659,6.920336,NA,0.23
Nepal,Asia,2007,NPL,26788452,1927.3865,66.1686,21.315115080000002,21.74093326,10.672,2.2692192,NA,0.273
Nepal,Asia,2008,NPL,26989988,2021.154,66.4425,21.45050673,21.83030385,10.65,9.90783,NA,0.473
Nepal,Asia,2009,NPL,27172983,2085.2437,66.6004,21.58694169,21.92252818,10.64,11.094824,NA,0.556
Nepal,Asia,2010,NPL,27341910,2152.2747,66.7724,21.72352945,22.01722073,10.629,9.326504,14.95,0.549
Nepal,Asia,2011,NPL,27464446,2189,67.1234,21.86070429,22.11458985,10.653,9.227076,NA,0.557
Nepal,Asia,2012,NPL,27534868,2258,67.3637,21.99841596,22.21437376,10.654,9.45981,NA,0.391
Nepal,Asia,2013,NPL,27589950,2316,67.5978,22.13684714,22.31613672,10.667,9.040163,NA,0.28
Nepal,Asia,2014,NPL,27672334,2421,67.812,22.27472427,22.41835648,10.647,8.364155,NA,0.624
Nepal,Asia,2015,NPL,27823579,2455,67.3736,22.41241013,22.52026182,10.655,7.868909,NA,0.64
Nepal,Asia,2016,NPL,27955421,2443.4324,68.4436,22.54971901,22.62258358,10.684,8.790343,NA,0.661
Nepal,Asia,2017,NPL,28011204,2632.3408,68.7398,NA,NA,10.66,3.6270962,NA,0.658
Nepal,Asia,2018,NPL,28079631,2800.8596,69.036,NA,NA,10.63,4.0611634,NA,0.632
Nepal,Asia,2019,NPL,28414023,2953.5603,69.2992,NA,NA,10.578,5.5686855,NA,0.601
Nepal,Asia,2020,NPL,28966540,2832.8608,69.1065,NA,NA,13.157,5.0523667,NA,0.598
Nepal,Asia,2021,NPL,29474963,2902.0503,68.3846,NA,NA,12.315,4.14968,NA,0.618
Nepal,Asia,2022,NPL,29715383,3013.5178,70.0869,NA,NA,10.922,7.6507916,13.63,0.63
Nepal,Asia,2023,NPL,29694568,NA,70.3537,NA,NA,10.685,7.1147594,14.01,0.692
Netherlands,Europe,1952,NLD,10382245,9698,72.1175,NA,NA,NA,NA,NA,0.774
Netherlands,Europe,1953,NLD,10493476,10429,71.6981,NA,NA,NA,NA,NA,0.767
Netherlands,Europe,1954,NLD,10615691,11010,72.3856,NA,NA,NA,NA,NA,0.767
Netherlands,Europe,1955,NLD,10751178,11678,72.4989,NA,NA,NA,NA,NA,0.761
Netherlands,Europe,1956,NLD,10889711,11953,72.525,NA,NA,NA,NA,NA,0.781
Netherlands,Europe,1957,NLD,11026826,12137,72.9716,NA,NA,NA,NA,NA,0.786
Netherlands,Europe,1958,NLD,11187324,11926,73.1365,NA,NA,NA,NA,NA,0.786
Netherlands,Europe,1959,NLD,11348049,12333,73.1863,NA,NA,NA,NA,NA,0.789
Netherlands,Europe,1960,NLD,11486870,13209,73.3538,NA,NA,NA,2.3239436,NA,0.796
Netherlands,Europe,1961,NLD,11639321,13074,73.5503,NA,NA,NA,1.3076394,NA,0.796
Netherlands,Europe,1962,NLD,11807503,13770,73.2232,NA,NA,NA,2.4311225,NA,0.796
Netherlands,Europe,1963,NLD,11969111,14078,73.3506,NA,NA,NA,3.2436473,NA,0.794
Netherlands,Europe,1964,NLD,12131840,15042,73.7356,NA,NA,NA,5.823768,NA,0.794
Netherlands,Europe,1965,NLD,12301083,15618,73.6055,NA,NA,NA,3.908038,NA,0.794
Netherlands,Europe,1966,NLD,12464234,15838,73.5541,NA,NA,NA,5.7621403,NA,0.815
Netherlands,Europe,1967,NLD,12607785,16483,73.8313,NA,NA,NA,3.4553323,NA,0.825
Netherlands,Europe,1968,NLD,12740799,17365,73.6374,NA,NA,NA,3.7207932,NA,0.827
Netherlands,Europe,1969,NLD,12890595,18270,73.5603,NA,NA,NA,7.42179,NA,0.839
Netherlands,Europe,1970,NLD,13052029,19075,73.6279,NA,NA,NA,3.6689308,NA,0.844
Netherlands,Europe,1971,NLD,13208301,19636,73.8712,NA,NA,NA,7.477679,NA,0.845
Netherlands,Europe,1972,NLD,13342730,20079,73.7829,NA,NA,NA,7.802792,NA,0.848
Netherlands,Europe,1973,NLD,13453699,20851,74.23,NA,NA,NA,8.02221,NA,0.845
Netherlands,Europe,1974,NLD,13559619,21514,74.6073,NA,NA,NA,9.591423,NA,0.845
Netherlands,Europe,1975,NLD,13679986,21318,74.5546,23.7675183,23.20668202,NA,10.217476,NA,0.845
Netherlands,Europe,1976,NLD,13786588,22132,74.6717,23.78377929,23.26964707,NA,8.830651,NA,0.845
Netherlands,Europe,1977,NLD,13868554,22598,75.2652,23.80052776,23.33307478,NA,6.399295,NA,0.847
Netherlands,Europe,1978,NLD,13953876,22992,75.174,23.81808685,23.39754581,NA,4.112012,NA,0.845
Netherlands,Europe,1979,NLD,14050128,23347,75.6466,23.83760647,23.46413301,NA,4.1993,NA,0.857
Netherlands,Europe,1980,NLD,14162638,23438,75.7719,23.85993947,23.53288393,NA,6.5134554,5.87,0.863
Netherlands,Europe,1981,NLD,14262633,23153,75.9906,23.88650548,23.60442798,NA,6.7389264,5.7999997,0.863
Netherlands,Europe,1982,NLD,14333857,22780,76.0614,23.91707909,23.67874149,NA,5.9110966,5.81,0.863
Netherlands,Europe,1983,NLD,14396860,23086,76.2551,23.95162513,23.75554171,NA,2.7408404,5.91,0.864
Netherlands,Europe,1984,NLD,14462758,23750,76.3272,23.98980706,23.83445827,NA,3.3016407,5.9900002,0.864
Netherlands,Europe,1985,NLD,14538902,24361,76.3758,24.03122033,23.91553825,NA,2.2585845,5.86,0.864
Netherlands,Europe,1986,NLD,14626434,24893,76.3549,24.07571829,23.99759541,NA,0.08334678,5.89,0.863
Netherlands,Europe,1987,NLD,14724898,25085,76.8133,24.1233462,24.08051642,NA,-0.6912105,5.84,0.862
Netherlands,Europe,1988,NLD,14825852,25574,77.0001,24.1735419,24.1650311,NA,0.7379507,5.9,0.862
Netherlands,Europe,1989,NLD,14921064,26612,76.8363,24.22604264,24.2513714,NA,1.0821581,5.88,0.861
Netherlands,Europe,1990,NLD,15030838,27515,77.012200000000007,24.28020242,24.33909886,NA,2.4540918,5.65,0.86
Netherlands,Europe,1991,NLD,15155049,28126.781,77.1617,24.33909202,24.43033007,7.285,3.1582005,5.65,0.86
Netherlands,Europe,1992,NLD,15276746,28555.732,77.3648,24.40215351,24.52478972,5.555,3.1835818,5.48,0.86
Netherlands,Europe,1993,NLD,15389666,28879.996,77.0408,24.4682639,24.62259311,6.287,2.5841844,5.39,0.86
Netherlands,Europe,1994,NLD,15485402,29727.557,77.5183,24.53604481,24.72182323,7.159,2.8015246,5.55,0.862
Netherlands,Europe,1995,NLD,15564977,30680.348,77.5512,24.6056751,24.8231217,7.158,1.92322,5.77,0.863
Netherlands,Europe,1996,NLD,15639984,31811.738,77.5561,24.67569933,24.92513576,6.421,1.9493672,5.73,0.863
Netherlands,Europe,1997,NLD,15723574,33199.633,77.9311,24.74471115,25.026653,5.511,2.1092455,5.87,0.858
Netherlands,Europe,1998,NLD,15827052,34688.55,78.0044,24.81107535,25.12663051,4.394,1.9591364,5.71,0.85
Netherlands,Europe,1999,NLD,15940134,36409.08,77.9678,24.87315152,25.2238375,3.623,2.157179,5.7999997,0.866
Netherlands,Europe,2000,NLD,16058703,37899.95,78.13,24.92990521,25.3173109,2.725,2.3605223,5.9500003,0.862
Netherlands,Europe,2001,NLD,16182665,38636.223,78.3379,24.98316303,25.40821627,2.119,4.1558414,6.73,0.862
Netherlands,Europe,2002,NLD,16288002,38653.125,78.4119,25.0327553,25.49636056,2.554,3.2875311,6.69,0.852
Netherlands,Europe,2003,NLD,16366857,38803.957,78.6649,25.0780029,25.58168011,3.593,2.0919983,6.52,0.857
Netherlands,Europe,2004,NLD,16425521,39682.375,79.2389,25.11930686,25.66336221,4.646,1.2636474,6.79,0.857
Netherlands,Europe,2005,NLD,16465658,40679.49,79.488,25.15612979,25.74006073,5.873,1.6881301,7.08,0.857
Netherlands,Europe,2006,NLD,16493808,42286.51,79.8466,25.18774202,25.80986268,5.002,1.1015011,6.92,0.863
Netherlands,Europe,2007,NLD,16531313,44008.75,80.255,25.21439874,25.87185357,4.153,1.6138586,7.71,0.871
Netherlands,Europe,2008,NLD,16597210,44840.71,80.3866,25.23598362,25.92581867,3.654,2.486502,6.57,0.871
Netherlands,Europe,2009,NLD,16684105,43178.508,80.6712,25.25299012,25.97263197,4.347,1.1897769,6.3600006,0.871
Netherlands,Europe,2010,NLD,16771188,43812.348,80.8293,25.2646191,26.01195738,4.989,1.2753057,6.69,0.873
Netherlands,Europe,2011,NLD,16851014,44591,81.1096,25.27050073,26.04384467,4.977,2.3410702,6.56,0.874
Netherlands,Europe,2012,NLD,16915143,43968.254,81.059,25.2721486,26.06939896,5.821,2.4555476,6.4300003,0.871
Netherlands,Europe,2013,NLD,16967013,43782.97,81.3011,25.27131673,26.09048046,7.243,2.5068986,6.29,0.876
Netherlands,Europe,2014,NLD,17030041,44245.56,81.6503,25.26839345,26.10927191,7.416,0.97603506,6.82,0.88
Netherlands,Europe,2015,NLD,17107382,44912.664,81.49,25.26339015,26.12676929,6.873,0.60024816,6.81,0.88
Netherlands,Europe,2016,NLD,17204642,45654.47,81.5549,25.25583137,26.1427578,6.006,0.31666666,6.7599998,0.88
Netherlands,Europe,2017,NLD,17315333,46706.438,81.7366,NA,NA,4.839,1.3814588,6.91,0.879
Netherlands,Europe,2018,NLD,17421239,47528.902,81.7813,NA,NA,3.831,1.703498,NA,0.878
Netherlands,Europe,2019,NLD,17537460,48142.67,82.053,NA,NA,3.38,2.6336992,NA,0.861
Netherlands,Europe,2020,NLD,17636680,46014.484,81.3931,NA,NA,3.819,1.2724603,NA,0.857
Netherlands,Europe,2021,NLD,17730519,48001.84,81.356,NA,NA,4.21,2.67572,NA,0.863
Netherlands,Europe,2022,NLD,17904367,49669.867,81.9121,NA,NA,3.524,10.001208,6.69,0.852
Netherlands,Europe,2023,NLD,18092473,NA,82.1576,NA,NA,3.561,3.8383934,6.69,0.843
New Zealand,Oceania,1952,NZL,1997703,12427,69.3765,NA,NA,NA,NA,14.88,0.785
New Zealand,Oceania,1953,NZL,2047702,12522,70.2136,NA,NA,NA,NA,14.849999,0.785
New Zealand,Oceania,1954,NZL,2095098,13936,70.3348,NA,NA,NA,NA,14.38,0.79
New Zealand,Oceania,1955,NZL,2139616,13908,70.4792,NA,NA,NA,NA,13.22,0.803
New Zealand,Oceania,1956,NZL,2184797,14346,70.7216,NA,NA,NA,NA,13.44,0.803
New Zealand,Oceania,1957,NZL,2233642,14418,70.2553,NA,NA,NA,NA,13.179999,0.803
New Zealand,Oceania,1958,NZL,2284941,14641,70.8768,NA,NA,NA,NA,11.06,0.809
New Zealand,Oceania,1959,NZL,2333439,15350,70.774,NA,NA,NA,NA,11.58,0.809
New Zealand,Oceania,1960,NZL,2379435,15087,71.2235,NA,NA,NA,0.69792926,11.33,0.825
New Zealand,Oceania,1961,NZL,2429686,15533,70.9345,NA,NA,NA,1.7977043,11.190001,0.823
New Zealand,Oceania,1962,NZL,2484363,15511,71.199700000000007,NA,NA,NA,2.680854,11.1,0.823
New Zealand,Oceania,1963,NZL,2538076,16150,71.2666,NA,NA,NA,1.9684985,11.18,0.829
New Zealand,Oceania,1964,NZL,2588723,16606,71.2952,NA,NA,NA,3.4749055,11.75,0.833
New Zealand,Oceania,1965,NZL,2636450,17341,71.2151,NA,NA,NA,3.3974898,10.33,0.833
New Zealand,Oceania,1966,NZL,2682535,18111,71.073,NA,NA,NA,2.7554808,10.12,0.833
New Zealand,Oceania,1967,NZL,2723361,17027,71.4375,NA,NA,NA,6.05692,10.13,0.831
New Zealand,Oceania,1968,NZL,2754470,16809,71.088,NA,NA,NA,4.311925,10.33,0.831
New Zealand,Oceania,1969,NZL,2784352,18348,71.475,NA,NA,NA,4.9252424,10.33,0.831
New Zealand,Oceania,1970,NZL,2822133,17835,71.2192,NA,NA,NA,6.517181,10.19,0.847
New Zealand,Oceania,1971,NZL,2867115,18452,71.7167,NA,NA,NA,10.387568,9.98,0.847
New Zealand,Oceania,1972,NZL,2919221,18889,71.8235,NA,NA,NA,6.9328046,11.02,0.847
New Zealand,Oceania,1973,NZL,2978933,19804,71.6751,NA,NA,NA,8.166669,11.59,0.846
New Zealand,Oceania,1974,NZL,3041185,20529,71.9405,NA,NA,NA,11.109402,10.95,0.851
New Zealand,Oceania,1975,NZL,3093997,19907,72.2002,23.5733624,24.6520703,NA,14.684983,9.01,0.851
New Zealand,Oceania,1976,NZL,3126595,20161,72.3966,23.67966726,24.7198303,NA,16.906857,10.76,0.852
New Zealand,Oceania,1977,NZL,3140083,19110,72.1345,23.7833747,24.78605834,NA,14.38355,8.71,0.848
New Zealand,Oceania,1978,NZL,3142195,19182,73.0094,23.88529167,24.85162264,NA,11.956618,8.51,0.851
New Zealand,Oceania,1979,NZL,3141551,19580,73.0509,23.98701818,24.91786003,NA,13.699595,8.08,0.845
New Zealand,Oceania,1980,NZL,3146281,19681,72.8619,24.08951109,24.98542872,NA,17.150545,7.7,0.847
New Zealand,Oceania,1981,NZL,3159796,20537,73.6324,24.19321113,25.05469297,NA,15.370159,7.66,0.846
New Zealand,Oceania,1982,NZL,3185079,20715,73.7237,24.29915818,25.12622607,NA,16.163694,7.7200003,0.852
New Zealand,Oceania,1983,NZL,3219236,21015,73.8291,24.40748227,25.20028468,NA,7.341076,8.59,0.856
New Zealand,Oceania,1984,NZL,3249783,21783,74.3668,24.51802255,25.27769377,NA,6.1712537,8.5199995,0.863
New Zealand,Oceania,1985,NZL,3267974,21780,73.8761,24.63143233,25.35830976,NA,15.417656,8.1,0.862
New Zealand,Oceania,1986,NZL,3281450,22124,74.1192,24.74874986,25.44287019,NA,13.213398,7.19,0.862
New Zealand,Oceania,1987,NZL,3299396,22142,74.2074,24.86978159,25.53124556,NA,15.744301,7.88,0.865
New Zealand,Oceania,1988,NZL,3315973,22022,74.4784,24.99477537,25.62355216,NA,6.3752494,8.150001,0.869
New Zealand,Oceania,1989,NZL,3333771,22107,74.8878,25.12326793,25.71982719,NA,5.7159915,9.929999,0.869
New Zealand,Oceania,1990,NZL,3396932,21817,75.4252,25.25487209,25.82053127,NA,6.098444,11.940001,0.872
New Zealand,Oceania,1991,NZL,3480888,21125.895,76.0789,25.38931273,25.92365697,10.614,2.602393,10.62,0.873
New Zealand,Oceania,1992,NZL,3532198,21093.06,76.1907,25.52584293,26.03000088,10.667,1.0145602,11.33,0.873
New Zealand,Oceania,1993,NZL,3573556,21897.676,76.4987,25.66416638,26.13961544,9.804,1.2882078,12.08,0.876
New Zealand,Oceania,1994,NZL,3620986,23076.857,76.9178,25.80344236,26.25130557,8.354,1.7453779,12.34,0.875
New Zealand,Oceania,1995,NZL,3674389,23751.902,76.7853,25.94292916,26.36492204,6.461,3.754944,12.45,0.875
New Zealand,Oceania,1996,NZL,3729337,24321.248,76.8069,26.08145735,26.4796614,6.29,2.285713,11.93,0.877
New Zealand,Oceania,1997,NZL,3776907,24802.129,77.3441,26.2183999,26.59528192,6.857,1.1871483,12.91,0.882
New Zealand,Oceania,1998,NZL,3811332,24861.416,78.1667,26.35253362,26.71158659,7.718,1.2652441,13.77,0.882
New Zealand,Oceania,1999,NZL,3835514,25867.992,77.9107,26.48363848,26.82880431,7.023,-0.11426713,18.17,0.882
New Zealand,Oceania,2000,NZL,3857521,26823.018,78.6681,26.61082717,26.94635168,6.13,2.6152344,11.65,0.881
New Zealand,Oceania,2001,NZL,3891714,27167.318,78.6615,26.73288644,27.06315164,5.433,2.6258163,12.83,0.881
New Zealand,Oceania,2002,NZL,3951062,28065.855,78.8659,26.84994097,27.17787729,5.282,2.6770926,12.59,0.881
New Zealand,Oceania,2003,NZL,4022538,28876.287,79.1414,26.96199241,27.28959409,4.745,1.7535745,13.21,0.881
New Zealand,Oceania,2004,NZL,4083857,29806.734,79.3548,27.06902441,27.39750374,4.005,2.290249,21.55,0.881
New Zealand,Oceania,2005,NZL,4134949,30270.248,80.0308,27.17174452,27.50025719,3.807,3.0370233,18.33,0.881
New Zealand,Oceania,2006,NZL,4181891,30798.63,80.0152,27.26991313,27.5973616,3.857,3.365402,10.41,0.881
New Zealand,Oceania,2007,NZL,4223208,31784.441,80.122,27.36468035,27.68882583,3.661,2.3761432,10.71,0.881
New Zealand,Oceania,2008,NZL,4261775,31444.633,80.2457,27.45609645,27.77397952,4.167,3.9589493,18.33,0.883
New Zealand,Oceania,2009,NZL,4304250,31233.076,80.545,27.54486887,27.85300962,6.121,2.1156511,20.87,0.895
New Zealand,Oceania,2010,NZL,4347718,31586.09,81.0517,27.63008743,27.92520963,6.557,2.302024,22.64,0.896
New Zealand,Oceania,2011,NZL,4382648,32057,80.8422,27.71215066,27.99150711,6.491,4.027907,19.82,0.893
New Zealand,Oceania,2012,NZL,4411632,32714.732,81.1668,27.79208961,28.05355579,6.931,1.0599132,14.69,0.893
New Zealand,Oceania,2013,NZL,4453817,33109.26,81.6119,27.87129062,28.11355509,5.839,1.1344227,12.57,0.887
New Zealand,Oceania,2014,NZL,4522923,33591.32,81.4106,27.95054848,28.17226062,5.428,1.2275075,11.88,0.886
New Zealand,Oceania,2015,NZL,4613988,34248.477,81.5866,28.02995729,28.23136585,5.415,0.29270464,11.8,0.887
New Zealand,Oceania,2016,NZL,4714729,34879.938,82.0027,28.1097167,28.29108535,5.147,0.6462403,11.389999,0.887
New Zealand,Oceania,2017,NZL,4812704,35573.965,81.6053,NA,NA,4.736,1.8507876,11.61,0.884
New Zealand,Oceania,2018,NZL,4900795,36420.047,81.8838,NA,NA,4.335,1.598297,10.76,0.888
New Zealand,Oceania,2019,NZL,4989366,36912.074,81.8322,NA,NA,4.109,1.6196319,NA,0.886
New Zealand,Oceania,2020,NZL,5069848,35853.69,82.6628,NA,NA,4.595,1.7145617,NA,0.883
New Zealand,Oceania,2021,NZL,5107644,37837.457,82.3003,NA,NA,3.776,3.9411206,NA,0.874
New Zealand,Oceania,2022,NZL,5131680,38250.12,81.0061,NA,NA,3.297,7.172225,12.259999,0.878
New Zealand,Oceania,2023,NZL,5172791,NA,82.088,NA,NA,3.737,5.733163,12.219999,0.878
Nicaragua,Americas,1952,NIC,1408973,3016,41.8605,NA,NA,NA,NA,NA,0.139
Nicaragua,Americas,1953,NIC,1449863,2997,42.4472,NA,NA,NA,NA,NA,0.139
Nicaragua,Americas,1954,NIC,1492214,3178,43.0637,NA,NA,NA,NA,NA,0.139
Nicaragua,Americas,1955,NIC,1536200,3288,43.6583,NA,NA,NA,NA,NA,0.141
Nicaragua,Americas,1956,NIC,1581931,3186,44.2772,NA,NA,NA,NA,NA,0.173
Nicaragua,Americas,1957,NIC,1629415,3351,44.8762,NA,NA,NA,NA,NA,0.172
Nicaragua,Americas,1958,NIC,1678698,3258,45.477,NA,NA,NA,NA,NA,0.172
Nicaragua,Americas,1959,NIC,1729751,3204,46.0588,NA,NA,NA,NA,NA,0.168
Nicaragua,Americas,1960,NIC,1782321,3148,46.3994,NA,NA,NA,NA,NA,0.172
Nicaragua,Americas,1961,NIC,1836413,3277,47.2893,NA,NA,NA,NA,NA,0.172
Nicaragua,Americas,1962,NIC,1892270,3521,47.9808,NA,NA,NA,NA,NA,0.173
Nicaragua,Americas,1963,NIC,1950120,3781,48.7522,NA,NA,NA,NA,NA,0.173
Nicaragua,Americas,1964,NIC,2010125,4092,49.5863,NA,NA,NA,NA,NA,0.174
Nicaragua,Americas,1965,NIC,2072647,4340,50.6467,NA,NA,NA,NA,NA,0.174
Nicaragua,Americas,1966,NIC,2137770,4342,51.5788,NA,NA,NA,NA,NA,0.174
Nicaragua,Americas,1967,NIC,2205522,4500,52.3483,NA,NA,NA,NA,NA,0.176
Nicaragua,Americas,1968,NIC,2275790,4419,52.8653,NA,NA,NA,NA,NA,0.175
Nicaragua,Americas,1969,NIC,2348356,4564,53.3505,NA,NA,NA,NA,NA,0.175
Nicaragua,Americas,1970,NIC,2423022,4463,53.8153,NA,NA,NA,NA,NA,0.175
Nicaragua,Americas,1971,NIC,2499784,4533,54.2195,NA,NA,NA,NA,NA,0.175
Nicaragua,Americas,1972,NIC,2573534,4543,47.957,NA,NA,NA,NA,NA,0.16
Nicaragua,Americas,1973,NIC,2649237,4637,55.0225,NA,NA,NA,NA,NA,0.171
Nicaragua,Americas,1974,NIC,2732032,5064,55.4013,NA,NA,NA,NA,NA,0.173
Nicaragua,Americas,1975,NIC,2816901,5013,55.7738,22.85629033,23.03292819,NA,NA,NA,0.176
Nicaragua,Americas,1976,NIC,2903800,5099,56.1177,23.01186323,23.1335192,NA,NA,NA,0.176
Nicaragua,Americas,1977,NIC,2992486,5247,56.1255,23.1634149,23.23182547,NA,NA,NA,0.173
Nicaragua,Americas,1978,NIC,3080271,4771,53.5335,23.3116229,23.32802568,NA,NA,NA,0.173
Nicaragua,Americas,1979,NIC,3164479,3405,50.8285,23.45728341,23.42316632,NA,NA,NA,0.146
Nicaragua,Americas,1980,NIC,3252350,3414,57.9528,23.60134176,23.51791715,NA,NA,NA,0.182
Nicaragua,Americas,1981,NIC,3345639,3480,58.2784,23.74470083,23.61251014,NA,NA,NA,0.185
Nicaragua,Americas,1982,NIC,3438690,3360,58.6854,23.88755745,23.7072877,NA,NA,NA,0.171
Nicaragua,Americas,1983,NIC,3530225,3437,56.8509,24.0310205,23.80134752,NA,NA,NA,0.175
Nicaragua,Americas,1984,NIC,3619051,3308,56.1261,24.17433352,23.89531515,NA,NA,NA,0.198
Nicaragua,Americas,1985,NIC,3706428,3107,56.3995,24.31784114,23.98910591,NA,NA,NA,0.359
Nicaragua,Americas,1986,NIC,3794107,3011,57.5581,24.46162728,24.08280207,NA,NA,NA,0.362
Nicaragua,Americas,1987,NIC,3882114,2922,57.3291,24.60561971,24.17711344,NA,NA,NA,0.364
Nicaragua,Americas,1988,NIC,3972276,2498,59.8332,24.75048866,24.27128239,NA,NA,NA,0.38
Nicaragua,Americas,1989,NIC,4066426,2393,61.884,24.89634542,24.36547927,NA,NA,NA,0.399
Nicaragua,Americas,1990,NIC,4162512,2291,62.4729,25.04311883,24.45985298,NA,NA,NA,0.634
Nicaragua,Americas,1991,NIC,4259592,2209.7942,63.3096,25.19014029,24.5544877,8.054,NA,NA,0.69
Nicaragua,Americas,1992,NIC,4356980,2163.4165,63.6717,25.33713387,24.64907228,7.941,NA,NA,0.691
Nicaragua,Americas,1993,NIC,4453681,2114.692,64.0928,25.48347438,24.74423323,7.96,NA,NA,0.694
Nicaragua,Americas,1994,NIC,4549265,2154.299,64.549,25.62802175,24.8402231,7.773,NA,NA,0.693
Nicaragua,Americas,1995,NIC,4642885,2264.0925,64.8693,25.77113564,24.93615934,7.491,NA,NA,0.692
Nicaragua,Americas,1996,NIC,4729928,2395.2021,65.2148,25.91257519,25.0319031,7.164,NA,NA,0.682
Nicaragua,Americas,1997,NIC,4809524,2482.691,65.5231,26.05203155,25.12697921,7.132,NA,NA,0.635
Nicaragua,Americas,1998,NIC,4883607,2569.8284,64.1109,26.18918412,25.22193376,7.232,NA,NA,0.635
Nicaragua,Americas,1999,NIC,4953974,2748.127,65.8924,26.32340195,25.31628604,7.197,NA,NA,0.603
Nicaragua,Americas,2000,NIC,5022590,2858.5269,66.3601,26.45276572,25.40937306,7.188,7.0699134,NA,0.589
Nicaragua,Americas,2001,NIC,5087777,2944.2446,67.0281,26.57633399,25.50057018,7.22,5.986042,NA,0.592
Nicaragua,Americas,2002,NIC,5149867,2969.4575,67.9504,26.69411749,25.59014257,7.523,3.7501748,NA,0.613
Nicaragua,Americas,2003,NIC,5210928,3049.15,68.7487,26.80671509,25.67772036,7.6,5.3023877,NA,0.608
Nicaragua,Americas,2004,NIC,5272850,3220.261,69.5101,26.9152027,25.76309569,6.41,8.470211,NA,0.608
Nicaragua,Americas,2005,NIC,5342053,3370.7776,70.3745,27.02028555,25.84577157,5.37,9.5991,NA,0.608
Nicaragua,Americas,2006,NIC,5418799,3525.5537,70.9578,27.12328648,25.92592975,5.31,9.1402,NA,0.56
Nicaragua,Americas,2007,NIC,5497205,3729.8513,71.1973,27.22421488,26.00438867,4.89,11.126935,NA,0.457
Nicaragua,Americas,2008,NIC,5576555,3856.5522,71.4043,27.32445363,26.08179569,6.2,19.826202,NA,0.445
Nicaragua,Americas,2009,NIC,5656558,3771.947,71.4986,27.42515673,26.1577929,8.16,3.6870017,NA,0.443
Nicaragua,Americas,2010,NIC,5737403,3916.9658,71.7608,27.52608029,26.23330027,7.83,5.4551344,NA,0.436
Nicaragua,Americas,2011,NIC,5819015,4189,72.0329,27.62786701,26.30834142,6.617,8.082388,NA,0.427
Nicaragua,Americas,2012,NIC,5901251,4376,72.4346,27.73040094,26.38276973,5.208,7.1935506,NA,0.369
Nicaragua,Americas,2013,NIC,5983801,4527,72.5513,27.83325995,26.45617898,5.28,7.135468,NA,0.323
Nicaragua,Americas,2014,NIC,6066438,4685,72.792,27.93589312,26.52929279,4.52,6.035969,NA,0.321
Nicaragua,Americas,2015,NIC,6149360,4866,72.8989,28.03797758,26.60201215,4.7,3.99738,NA,0.321
Nicaragua,Americas,2016,NIC,6232609,5015.8643,73.1803,28.13943727,26.67507287,3.9,3.523173,NA,0.309
Nicaragua,Americas,2017,NIC,6316185,5174.224,73.3892,NA,NA,3.3,3.8506718,NA,0.283
Nicaragua,Americas,2018,NIC,6400020,4930.4297,73.8787,NA,NA,5.2,4.9472375,NA,0.223
Nicaragua,Americas,2019,NIC,6483603,4721.7275,73.7637,NA,NA,5.47,5.37629,NA,0.217
Nicaragua,Americas,2020,NIC,6565214,4575.1865,70.7662,NA,NA,6.167,3.6818135,NA,0.219
Nicaragua,Americas,2021,NIC,6644688,4978.8413,70.4777,NA,NA,6.064,4.928414,NA,0.198
Nicaragua,Americas,2022,NIC,6730618,5092.8413,74.4626,NA,NA,4.978,10.467424,17.87,0.161
Nicaragua,Americas,2023,NIC,6823569,NA,74.9468,NA,NA,4.795,8.387658,17.87,0.159
Niger,Africa,1952,NER,2771850,1023,35.9139,NA,NA,NA,NA,NA,0.037
Niger,Africa,1953,NER,2859147,1042,35.927,NA,NA,NA,NA,NA,0.037
Niger,Africa,1954,NER,2946841,1063,35.9539,NA,NA,NA,NA,NA,0.038
Niger,Africa,1955,NER,3035244,1082,35.9699,NA,NA,NA,NA,NA,0.038
Niger,Africa,1956,NER,3124710,1103,36.0401,NA,NA,NA,NA,NA,0.038
Niger,Africa,1957,NER,3215797,1122,36.0795,NA,NA,NA,NA,NA,0.114
Niger,Africa,1958,NER,3309181,1143,36.0869,NA,NA,NA,NA,NA,0.115
Niger,Africa,1959,NER,3405416,1162,36.1369,NA,NA,NA,NA,NA,0.133
Niger,Africa,1960,NER,3505009,1213,36.1933,NA,NA,NA,NA,NA,0.143
Niger,Africa,1961,NER,3608120,1239,36.2869,NA,NA,NA,NA,NA,0.2
Niger,Africa,1962,NER,3714474,1341,36.3185,NA,NA,NA,NA,NA,0.196
Niger,Africa,1963,NER,3823838,1443,36.4367,NA,NA,NA,NA,NA,0.197
Niger,Africa,1964,NER,3935771,1415,36.4641,NA,NA,NA,1.004016,NA,0.198
Niger,Africa,1965,NER,4049662,1490,36.4038,NA,NA,NA,4.3737574,NA,0.195
Niger,Africa,1966,NER,4165506,1441,36.3305,NA,NA,NA,10.571428,NA,0.186
Niger,Africa,1967,NER,4283546,1417,36.243,NA,NA,NA,0.43066323,NA,0.186
Niger,Africa,1968,NER,4403593,1398,36.1276,NA,NA,NA,-2.9230988,NA,0.186
Niger,Africa,1969,NER,4525677,1326,36.0028,NA,NA,NA,10.64566,NA,0.186
Niger,Africa,1970,NER,4650236,1337,35.919,NA,NA,NA,1.1178389,NA,0.187
Niger,Africa,1971,NER,4776184,1382,35.2935,NA,NA,NA,4.1916165,NA,0.187
Niger,Africa,1972,NER,4904802,1282,35.813,NA,NA,NA,9.751168,NA,0.187
Niger,Africa,1973,NER,5037820,1039,35.9379,NA,NA,NA,11.785015,NA,0.187
Niger,Africa,1974,NER,5174905,1105,36.1946,NA,NA,NA,3.3975084,NA,0.115
Niger,Africa,1975,NER,5316992,1050,36.5678,18.53148851,18.42544151,NA,9.115802,NA,0.09
Niger,Africa,1976,NER,5464915,1033,37.1012,18.64723831,18.52977102,NA,23.52968,NA,0.09
Niger,Africa,1977,NER,5619666,1087,37.6893,18.76149718,18.63359155,NA,23.25109,NA,0.09
Niger,Africa,1978,NER,5782892,1205,38.2675,18.87381049,18.73693702,NA,10.093201,NA,0.09
Niger,Africa,1979,NER,5955508,1261,38.8893,18.98457584,18.83962099,NA,7.267877,NA,0.088
Niger,Africa,1980,NER,6135920,1291,39.344,19.09382965,18.94172914,NA,10.305276,NA,0.09
Niger,Africa,1981,NER,6321966,1277,39.637,19.20016362,19.04192893,NA,22.913408,NA,0.09
Niger,Africa,1982,NER,6512692,1231,39.8438,19.30365039,19.1405787,NA,11.641836,NA,0.09
Niger,Africa,1983,NER,6708600,1180,39.9787,19.40516355,19.23768097,NA,-2.4896057,NA,0.09
Niger,Africa,1984,NER,6909930,956,39.9889,19.5047554,19.33313637,NA,8.364424,NA,0.09
Niger,Africa,1985,NER,7118414,950,40.1199,19.60282045,19.42697616,NA,-0.92339915,NA,0.09
Niger,Africa,1986,NER,7335772,969,40.2511,19.69891384,19.51865243,NA,-3.2075713,NA,0.09
Niger,Africa,1987,NER,7561099,912,40.4678,19.79305311,19.60822287,NA,-6.712109,NA,0.093
Niger,Africa,1988,NER,7793714,939,40.7909,19.88618248,19.69582813,NA,-1.3939631,NA,0.111
Niger,Africa,1989,NER,8034731,915,41.1878,19.97833307,19.78163393,NA,-2.8435252,NA,0.151
Niger,Africa,1990,NER,8286020,872,41.7324,20.06941674,19.8660267,NA,-0.775653,NA,0.347
Niger,Africa,1991,NER,8546856,865.9134,42.2892,20.15899287,19.94812368,1.578,-7.796642,NA,0.39
Niger,Africa,1992,NER,8817588,785.2636,43.0644,20.24738466,20.02738145,1.56,-4.475618,16.619999,0.339
Niger,Africa,1993,NER,9100738,771.54144,43.8382,20.33461225,20.104015359999998,1.532,-1.215035,NA,0.533
Niger,Africa,1994,NER,9398215,776.80255,44.5862,20.42174237,20.17863819,1.493,36.041058,16.619999,0.545
Niger,Africa,1995,NER,9714496,702.4934,45.5039,20.51062676,20.25202064,1.486,10.563289,NA,0.541
Niger,Africa,1996,NER,10044804,712.85583,46.3133,20.6023114,20.32497795,1.49,5.2888575,NA,0.291
Niger,Africa,1997,NER,10383944,693.1094,47.0975,20.69720523,20.39812624,1.496,2.9334526,NA,0.386
Niger,Africa,1998,NER,10741372,755.248,47.8066,20.79616635,20.47206817,1.378,4.5480156,NA,0.386
Niger,Africa,1999,NER,11117362,736.91754,48.4801,20.89891788,20.54592915,1.383,-2.302125,NA,0.255
Niger,Africa,2000,NER,11509585,693.3765,49.1725,21.00440875,20.62004525,1.426,2.9001498,NA,0.541
Niger,Africa,2001,NER,11920599,723.31134,49.8722,21.1108659,20.69378422,1.47,4.005514,NA,0.542
Niger,Africa,2002,NER,12349114,734.59155,50.6448,21.21639051,20.7676024,1.807,2.628866,NA,0.542
Niger,Africa,2003,NER,12796931,758.1143,51.5448,21.31984109,20.84108787,2.146,-1.6144077,NA,0.542
Niger,Africa,2004,NER,13265788,725.13165,52.4019,21.41995759,20.91253819,2.748,0.26254377,NA,0.546
Niger,Africa,2005,NER,13756146,757.2439,53.3203,21.51564468,20.98046063,3.1,7.7974977,23.49,0.568
Niger,Africa,2006,NER,14268544,771.4197,54.2228,21.6082662,21.04522997,2.532,0.04048583,NA,0.576
Niger,Africa,2007,NER,14803558,766.18695,55.0628,21.69767186,21.10533103,2.027,0.05395926,15.92,0.576
Niger,Africa,2008,NER,15361866,809.4504,55.8515,21.78346631,21.16024298,1.59,11.30511,NA,0.569
Niger,Africa,2009,NER,15943624,775.2534,56.4871,21.86544643,21.20886806,1.212,0.5829066,NA,0.42
Niger,Africa,2010,NER,16548779,810.1572,57.0796,21.9440865,21.25117973,0.721,0.8040731,NA,0.264
Niger,Africa,2011,NER,17176241,799,57.6001,22.02029425,21.28917102,0.317,2.9423852,11.990001,0.542
Niger,Africa,2012,NER,17836733,849.7977,57.9867,22.09415449,21.32351397,2.177,0.4550898,NA,0.618
Niger,Africa,2013,NER,18519843,861.0156,58.364,22.16677028,21.35609064,1.4,2.2972312,NA,0.625
Niger,Africa,2014,NER,19215874,884.34576,58.6934,22.2390771,21.38963067,0.524,-0.93028724,11.41,0.625
Niger,Africa,2015,NER,19939452,888.36847,58.8498,22.3111698,21.4237689,0.558,-0.5760904,NA,0.618
Niger,Africa,2016,NER,20685716,903.57153,59.2283,22.38324661,21.45848169,0.555,1.6538892,NA,0.569
Niger,Africa,2017,NER,21435404,913.8115,59.5239,NA,NA,0.564,2.7963731,NA,0.545
Niger,Africa,2018,NER,22188024,942.5486,59.7646,NA,NA,0.546,2.9676037,NA,0.529
Niger,Africa,2019,NER,22947717,964.32434,60.031,NA,NA,0.544,-2.4897926,NA,0.528
Niger,Africa,2020,NER,23717579,962.7823,59.8903,NA,NA,0.62,2.8981938,NA,0.549
Niger,Africa,2021,NER,24502100,941.2575,59.5422,NA,NA,0.819,3.837868,NA,0.518
Niger,Africa,2022,NER,25311922,1007.72095,60.3981,NA,NA,0.552,4.2262177,13.860001,0.503
Niger,Africa,2023,NER,26159817,NA,61.1833,NA,NA,0.55,3.7009733,13.860001,0.387
Nigeria,Africa,1952,NGA,38716155,1323,35.8773,NA,NA,NA,NA,NA,0.151
Nigeria,Africa,1953,NGA,39439763,1325,36.0395,NA,NA,NA,NA,NA,0.182
Nigeria,Africa,1954,NGA,40176276,1382,36.2356,NA,NA,NA,NA,NA,0.184
Nigeria,Africa,1955,NGA,40935586,1379,36.3358,NA,NA,NA,NA,NA,0.179
Nigeria,Africa,1956,NGA,41716017,1309,36.4819,NA,NA,NA,NA,NA,0.179
Nigeria,Africa,1957,NGA,42517429,1323,36.6178,NA,NA,NA,NA,NA,0.19
Nigeria,Africa,1958,NGA,43324607,1270,36.834,NA,NA,NA,NA,NA,0.211
Nigeria,Africa,1959,NGA,44161639,1288,37.0278,NA,NA,NA,NA,NA,0.181
Nigeria,Africa,1960,NGA,45053744,1307,37.2067,NA,NA,NA,5.4443274,NA,0.25
Nigeria,Africa,1961,NGA,45989253,1313,37.4271,NA,NA,NA,6.279147,NA,0.249
Nigeria,Africa,1962,NGA,46965250,1349,37.6065,NA,NA,NA,5.265632,NA,0.249
Nigeria,Africa,1963,NGA,47973529,1433,37.8062,NA,NA,NA,-2.6946554,NA,0.249
Nigeria,Africa,1964,NGA,49011970,1451,37.9802,NA,NA,NA,0.85679317,NA,0.249
Nigeria,Africa,1965,NGA,50086713,1505,38.2208,NA,NA,NA,4.103459,NA,0.233
Nigeria,Africa,1966,NGA,51188187,1414,38.3555,NA,NA,NA,9.690346,NA,0.214
Nigeria,Africa,1967,NGA,52293020,1160,37.4966,NA,NA,NA,-3.7263367,NA,0.182
Nigeria,Africa,1968,NGA,53432740,1114,38.6424,NA,NA,NA,-0.47605905,NA,0.182
Nigeria,Africa,1969,NGA,54631864,1372,38.9458,NA,NA,NA,10.155979,NA,0.182
Nigeria,Africa,1970,NGA,55893785,1744,40.0084,NA,NA,NA,13.75708,NA,0.182
Nigeria,Africa,1971,NGA,57214640,1894,40.6062,NA,NA,NA,15.999115,NA,0.182
Nigeria,Africa,1972,NGA,58601694,1908,41.2727,NA,NA,NA,3.4576497,NA,0.182
Nigeria,Africa,1973,NGA,60082083,2012,41.8307,NA,NA,NA,5.4026647,NA,0.18
Nigeria,Africa,1974,NGA,61679098,2179,42.4886,NA,NA,NA,12.674394,NA,0.18
Nigeria,Africa,1975,NGA,63410772,2051,43.0544,20.57417485,19.50515073,NA,33.964188,NA,0.182
Nigeria,Africa,1976,NGA,65257954,2208,44.186,20.66842069,19.60664169,NA,24.3,NA,0.182
Nigeria,Africa,1977,NGA,67234543,2220,44.8467,20.76287976,19.70869308,NA,15.087834,NA,0.19
Nigeria,Africa,1978,NGA,69326475,2028,45.348,20.85706194,19.81124024,NA,21.709246,NA,0.201
Nigeria,Africa,1979,NGA,71498201,2104,45.7379,20.95110503,19.9139364,NA,11.70973,NA,0.265
Nigeria,Africa,1980,NGA,73764600,2080,45.959,21.04490802,20.01688753,NA,9.972262,NA,0.382
Nigeria,Africa,1981,NGA,76068070,1855,46.3087,21.14098291,20.1214266,NA,20.812822,NA,0.382
Nigeria,Africa,1982,NGA,78378654,1784,46.4366,21.23890467,20.22668449,NA,7.697747,NA,0.382
Nigeria,Africa,1983,NGA,80438209,1631,46.4423,21.33820685,20.33251228,NA,23.212332,NA,0.312
Nigeria,Africa,1984,NGA,82526396,1527,46.3388,21.438568450000002,20.43915564,NA,17.820534,NA,0.187
Nigeria,Africa,1985,NGA,84897926,1621,46.193,21.53910225,20.54533213,NA,7.4353447,11.27,0.19
Nigeria,Africa,1986,NGA,87235909,1610,45.9527,21.63990828,20.65119778,NA,5.7171516,NA,0.193
Nigeria,Africa,1987,NGA,89591667,1556,45.8901,21.7406532,20.7558125,NA,11.290322,NA,0.193
Nigeria,Africa,1988,NGA,92020036,1667,45.8343,21.84096655,20.85897242,NA,54.511227,NA,0.193
Nigeria,Africa,1989,NGA,94530966,1729,45.8304,21.94049943,20.96046561,NA,50.466686,NA,0.201
Nigeria,Africa,1990,NGA,97120870,1773,45.7327,22.03867846,21.06006193,NA,7.3644004,NA,0.203
Nigeria,Africa,1991,NGA,99720103,1759.0035,45.4832,22.13212547,21.15496908,3.741,13.006973,NA,0.204
Nigeria,Africa,1992,NGA,102372727,1793.9402,45.5874,22.22174964,21.24472325,3.705,44.588844,11.389999,0.222
Nigeria,Africa,1993,NGA,105122021,1817.7495,45.7826,22.30811042,21.33000039,3.92,57.165253,NA,0.23
Nigeria,Africa,1994,NGA,107935674,1820.3046,45.7476,22.39200789,21.41124854,3.959,57.031708,NA,0.194
Nigeria,Africa,1995,NGA,110819373,1851.0375,45.8701,22.47540679,21.48878854,4.041,72.8355,NA,0.191
Nigeria,Africa,1996,NGA,113754733,1924.0884,45.8328,22.55952456,21.56393076,3.944,29.268293,NA,0.191
Nigeria,Africa,1997,NGA,116754744,1977.2856,45.9598,22.64507412,21.6371008,3.873,8.529874,NA,0.201
Nigeria,Africa,1998,NGA,119846212,2025.8649,46.1479,22.73256367,21.70985658,3.836,9.996378,NA,0.222
Nigeria,Africa,1999,NGA,123047266,2034.8275,46.6088,22.82192061,21.78155875,3.898,6.6183734,NA,0.379
Nigeria,Africa,2000,NGA,126382435,2144.8254,47.1427,22.91261574,21.85221204,3.87,6.9332924,NA,0.475
Nigeria,Africa,2001,NGA,129862540,2282.823,47.5493,23.00516547,21.92338249,3.827,18.873646,NA,0.475
Nigeria,Africa,2002,NGA,133471947,2609.1294,48.0201,23.09744677,21.99507403,3.618,12.876579,NA,0.475
Nigeria,Africa,2003,NGA,137202602,2848.2812,48.618,23.1879553,22.06694841,3.594,14.031784,13.45,0.43
Nigeria,Africa,2004,NGA,141056995,3136.6274,49.1477,23.27575228,22.13709041,3.556,14.998034,NA,0.413
Nigeria,Africa,2005,NGA,145017214,3347.8206,49.5377,23.3594328,22.20396842,3.69,17.863493,NA,0.413
Nigeria,Africa,2006,NGA,149077277,3564.6323,49.876,23.43940366,22.26746189,3.718,8.225222,NA,0.416
Nigeria,Africa,2007,NGA,153267204,3817.4836,50.3812,23.51580442,22.32629332,3.767,5.388008,NA,0.41
Nigeria,Africa,2008,NGA,157594969,4084.2002,50.7483,23.58806847,22.37984445,3.771,11.581075,NA,0.416
Nigeria,Africa,2009,NGA,162049411,4416.347,51.0801,23.65571868,22.42710773,3.751,12.5378275,10.559999,0.414
Nigeria,Africa,2010,NGA,166642835,4904.8657,51.3145,23.71912244,22.46769316,3.739,13.740052,NA,0.428
Nigeria,Africa,2011,NGA,171379551,5136,51.4902,23.77834441,22.50313761,3.77,10.826138,NA,0.49
Nigeria,Africa,2012,NGA,176200571,5216.3154,51.6876,23.8336311,22.53427565,3.76,12.224241,NA,0.505
Nigeria,Africa,2013,NGA,181049400,5356.3887,51.8271,23.88632995,22.56290002,3.711,8.495519,NA,0.523
Nigeria,Africa,2014,NGA,185896872,5550.727,51.9401,23.93717239,22.59163634,3.903,8.047411,NA,0.532
Nigeria,Africa,2015,NGA,190671830,5558.026,51.9394,23.98606195,22.62029901,4.137,9.009435,NA,0.561
Nigeria,Africa,2016,NGA,195443641,5337.1294,52.1894,24.03240199,22.64855815,4.498,15.696813,NA,0.557
Nigeria,Africa,2017,NGA,200254534,5248.6885,52.3971,NA,NA,4.826,16.502266,NA,0.556
Nigeria,Africa,2018,NGA,204938703,5215.3755,52.669,NA,NA,5.065,12.095106,11.42,0.556
Nigeria,Africa,2019,NGA,209485583,5197.0825,53.0086,NA,NA,5.206,11.396422,NA,0.525
Nigeria,Africa,2020,NGA,213996143,4976.3223,53.0724,NA,NA,5.712,13.246023,NA,0.513
Nigeria,Africa,2021,NGA,218529237,5029.0884,53.455,NA,NA,5.393,16.952847,NA,0.491
Nigeria,Africa,2022,NGA,223150851,5070.4927,54.079,NA,NA,3.827,18.847187,11.42,0.492
Nigeria,Africa,2023,NGA,227882899,NA,54.4623,NA,NA,3.074,24.65955,11.42,0.49
Norway,Europe,1952,NOR,3327796,9267,72.6501,NA,NA,NA,NA,NA,0.781
Norway,Europe,1953,NOR,3360983,9540,73.1485,NA,NA,NA,NA,NA,0.781
Norway,Europe,1954,NOR,3394348,9923,73.2085,NA,NA,NA,NA,NA,0.797
Norway,Europe,1955,NOR,3428477,10044,73.4314,NA,NA,NA,NA,NA,0.799
Norway,Europe,1956,NOR,3461029,10480,73.4861,NA,NA,NA,NA,NA,0.8
Norway,Europe,1957,NOR,3491935,10697,73.4341,NA,NA,NA,NA,NA,0.807
Norway,Europe,1958,NOR,3522952,10603,73.4246,NA,NA,NA,NA,NA,0.816
Norway,Europe,1959,NOR,3552785,10957,73.5503,NA,NA,NA,NA,NA,0.816
Norway,Europe,1960,NOR,3581067,11483,73.5639,NA,NA,NA,0.36049235,NA,0.831
Norway,Europe,1961,NOR,3609617,12106,73.5644,NA,NA,NA,2.1551728,NA,0.83
Norway,Europe,1962,NOR,3638786,12347,73.4591,NA,NA,NA,5.2742596,NA,0.829
Norway,Europe,1963,NOR,3666447,12723,73.0967,NA,NA,NA,2.4716105,NA,0.829
Norway,Europe,1964,NOR,3694264,13256,73.6079,NA,NA,NA,5.8670154,NA,0.829
Norway,Europe,1965,NOR,3723127,13852,73.726,NA,NA,NA,4.1872244,NA,0.83
Norway,Europe,1966,NOR,3752738,14258,74.0066,NA,NA,NA,3.2505634,NA,0.833
Norway,Europe,1967,NOR,3784061,15020,74.0725,NA,NA,NA,4.57927,NA,0.833
Norway,Europe,1968,NOR,3816039,15224,73.9448,NA,NA,NA,3.4482932,NA,0.833
Norway,Europe,1969,NOR,3847249,15779,73.6659,NA,NA,NA,2.9629495,NA,0.832
Norway,Europe,1970,NOR,3875297,15983,74.0705,NA,NA,NA,10.637206,NA,0.844
Norway,Europe,1971,NOR,3902703,16692,74.1747,NA,NA,NA,6.223863,NA,0.844
Norway,Europe,1972,NOR,3932860,17409,74.3493,NA,NA,NA,7.2584357,NA,0.844
Norway,Europe,1973,NOR,3960540,18050,74.4403,NA,NA,NA,7.4194727,NA,0.844
Norway,Europe,1974,NOR,3985228,18691,74.7635,NA,NA,NA,9.411768,NA,0.844
Norway,Europe,1975,NOR,4007318,19560,74.8165,24.36168981,24.41583593,NA,11.689223,NA,0.844
Norway,Europe,1976,NOR,4026167,20610,75.0479,24.37979639,24.46168661,NA,9.161472,NA,0.844
Norway,Europe,1977,NOR,4043219,21399,75.3976,24.39238796,24.50451723,NA,9.10384,NA,0.845
Norway,Europe,1978,NOR,4058619,22061,75.4258,24.40169607,24.54626833,NA,8.161672,NA,0.846
Norway,Europe,1979,NOR,4072450,22971,75.4155,24.4106168,24.58897461,NA,4.5097275,NA,0.846
Norway,Europe,1980,NOR,4085550,24031,75.6726,24.42136717,24.63432252,NA,10.878661,7.61,0.864
Norway,Europe,1981,NOR,4099625,24179,75.8817,24.43294035,24.6815058,NA,13.642961,7.29,0.864
Norway,Europe,1982,NOR,4114696,24141,76.0188,24.44619551,24.73074365,NA,11.340996,7.3299994,0.866
Norway,Europe,1983,NOR,4128282,24924,76.0787,24.46217805,24.78223174,NA,8.465244,7.35,0.866
Norway,Europe,1984,NOR,4139932,26321,76.2468,24.48162109,24.83628628,NA,6.218274,8.070001,0.866
Norway,Europe,1985,NOR,4152358,27608,75.9327,24.50454095,24.89341528,NA,5.7148547,9.11,0.865
Norway,Europe,1986,NOR,4167200,28504,76.2533,24.53126774,24.9526007,NA,7.1764927,5.88,0.864
Norway,Europe,1987,NOR,4186767,28953,76.102,24.56242418,25.01433818,NA,8.717048,5.46,0.864
Norway,Europe,1988,NOR,4209425,28786,76.2709,24.59781862,25.07974517,NA,6.676366,4.87,0.864
Norway,Europe,1989,NOR,4226863,28942,76.5435,24.63795538,25.14885696,NA,4.5461435,5.65,0.864
Norway,Europe,1990,NOR,4241384,29434,76.5864,24.6825499,25.22142781,NA,4.1310334,5.7999997,0.881
Norway,Europe,1991,NOR,4261568,31127.676,77.0382,24.73367997,25.2986971,5.407,3.438196,6.22,0.881
Norway,Europe,1992,NOR,4286210,33041.207,77.2461,24.79071663,25.3810655,5.91,2.328085,6.89,0.881
Norway,Europe,1993,NOR,4311815,34819.516,77.2207,24.85260066,25.4683555,5.965,2.2882693,8.13,0.882
Norway,Europe,1994,NOR,4336416,37492.836,77.7728,24.91852131,25.55878082,5.349,1.375675,9.03,0.883
Norway,Europe,1995,NOR,4358940,40043.797,77.7966,24.98872898,25.65269339,6.307,2.4603677,8.36,0.883
Norway,Europe,1996,NOR,4381089,43133.145,78.2326,25.06304991,25.75096582,5.036,1.2625325,10,0.883
Norway,Europe,1997,NOR,4404936,46556.48,78.2382,25.13995624,25.8521185,4.687,2.5669234,10.43,0.882
Norway,Europe,1998,NOR,4431253,48956.73,78.4081,25.2179843,25.95535299,3.737,2.2524133,8.66,0.879
Norway,Europe,1999,NOR,4461738,51129.184,78.3864,25.29590371,26.05976832,3.247,2.3659673,10.28,0.879
Norway,Europe,2000,NOR,4490821,54039.96,78.6916,25.37271462,26.16506512,3.458,3.0855062,13.2699995,0.888
Norway,Europe,2001,NOR,4513603,56578.38,78.8958,25.44643476,26.2697211,3.738,3.0041971,10.51,0.889
Norway,Europe,2002,NOR,4537974,58840.414,78.9602,25.5171712,26.37341833,4.022,1.2867253,12.58,0.89
Norway,Europe,2003,NOR,4564617,60852.258,79.5291,25.58510611,26.4760755,4.221,2.4878256,11.69,0.89
Norway,Europe,2004,NOR,4591693,64824.145,79.9645,25.65039079,26.57662835,4.256,0.4544985,13.150001,0.89
Norway,Europe,2005,NOR,4623060,68108.555,80.1695,25.71289538,26.6739442,4.381,1.5321337,15.03,0.893
Norway,Europe,2006,NOR,4660441,71310.53,80.4404,25.7731145,26.76729102,3.399,2.3293498,14,0.897
Norway,Europe,2007,NOR,4708969,74879.81,80.5024,25.83086891,26.85594261,2.493,0.7125891,13.4800005,0.897
Norway,Europe,2008,NOR,4768039,76522.06,80.6772,25.88611375,26.9382324,2.55,3.7539308,14.300001,0.897
Norway,Europe,2009,NOR,4828579,76625.63,80.8655,25.93919823,27.01482542,3.103,2.1973858,10.86,0.898
Norway,Europe,2010,NOR,4889110,78476.15,81.0392,25.98955545,27.08557427,3.521,2.4189065,12.620001,0.902
Norway,Europe,2011,NOR,4952915,80623,81.2454,26.03741628,27.15122317,3.215,1.2849516,12.389999,0.902
Norway,Europe,2012,NOR,5018393,81725.22,81.4458,26.08376068,27.21218108,3.123,0.6968641,13.240001,0.902
Norway,Europe,2013,NOR,5080085,81564.3,81.6683,26.1296668,27.27041317,3.423,2.1204863,12.83,0.89
Norway,Europe,2014,NOR,5137351,82311.33,82.0869,26.17502935,27.32713884,3.484,2.041703,11.990001,0.89
Norway,Europe,2015,NOR,5189728,82983.99,82.2728,26.22002205,27.38326736,4.296,2.1711366,10.0199995,0.896
Norway,Europe,2016,NOR,5235933,83213.016,82.4151,26.26415039,27.43953645,4.679,3.55,9.77,0.896
Norway,Europe,2017,NOR,5276759,84600.71,82.6242,NA,NA,4.162,1.8751006,10.599999,0.895
Norway,Europe,2018,NOR,5311703,84739.92,82.7599,NA,NA,3.8,2.7648313,NA,0.882
Norway,Europe,2019,NOR,5347690,85115.32,82.9553,NA,NA,3.687,2.16773,NA,0.892
Norway,Europe,2020,NOR,5379229,83543.1,83.1953,NA,NA,4.422,1.2865849,NA,0.883
Norway,Europe,2021,NOR,5408030,86334.59,83.1656,NA,NA,4.369,3.4838805,NA,0.887
Norway,Europe,2022,NOR,5456753,88366.22,82.6309,NA,NA,3.233,5.764123,10,0.886
Norway,Europe,2023,NOR,5519123,NA,83.3078,NA,NA,3.581,5.51785,9.660001,0.884
Oman,Asia,1952,OMN,468788,1079,30.2352,NA,NA,NA,NA,NA,0.008
Oman,Asia,1953,OMN,475125,1127,30.7203,NA,NA,NA,NA,NA,0.008
Oman,Asia,1954,OMN,481776,1173,31.2312,NA,NA,NA,NA,NA,0.007
Oman,Asia,1955,OMN,488762,1221,31.7786,NA,NA,NA,NA,NA,0.007
Oman,Asia,1956,OMN,496133,1274,32.3739,NA,NA,NA,NA,NA,0.007
Oman,Asia,1957,OMN,503938,1325,32.9627,NA,NA,NA,NA,NA,0.007
Oman,Asia,1958,OMN,512290,1380,33.7521,NA,NA,NA,NA,NA,0.007
Oman,Asia,1959,OMN,521273,1435,34.5507,NA,NA,NA,NA,NA,0.007
Oman,Asia,1960,OMN,530449,1490,35.4292,NA,NA,NA,NA,NA,0.007
Oman,Asia,1961,OMN,539812,1471,36.386,NA,NA,NA,NA,NA,0.007
Oman,Asia,1962,OMN,549907,1728,37.4129,NA,NA,NA,NA,NA,0.007
Oman,Asia,1963,OMN,560781,1758,38.4977,NA,NA,NA,NA,NA,0.007
Oman,Asia,1964,OMN,572532,1714,39.6282,NA,NA,NA,NA,NA,0.007
Oman,Asia,1965,OMN,585202,1678,40.7905,NA,NA,NA,NA,NA,0.007
Oman,Asia,1966,OMN,598770,1722,41.975,NA,NA,NA,NA,NA,0.007
Oman,Asia,1967,OMN,613272,2788,43.1773,NA,NA,NA,NA,NA,0.007
Oman,Asia,1968,OMN,628757,4932,44.3948,NA,NA,NA,NA,NA,0.007
Oman,Asia,1969,OMN,645209,6028,45.6245,NA,NA,NA,NA,NA,0.007
Oman,Asia,1970,OMN,662642,6056,46.6396,NA,NA,NA,NA,NA,0.013
Oman,Asia,1971,OMN,681077,5923,47.8682,NA,NA,NA,NA,NA,0.013
Oman,Asia,1972,OMN,700558,6271,48.7172,NA,NA,NA,NA,NA,0.013
Oman,Asia,1973,OMN,721137,5227,49.9641,NA,NA,NA,NA,NA,0.014
Oman,Asia,1974,OMN,746950,5644,51.2285,NA,NA,NA,NA,NA,0.013
Oman,Asia,1975,OMN,778819,6802,52.5105,23.48296381,21.96944009,NA,NA,NA,0.013
Oman,Asia,1976,OMN,814653,7328,54.4483,23.64029609,22.11260132,NA,NA,NA,0.013
Oman,Asia,1977,OMN,855277,6998,55.5244,23.79726776,22.25668548,NA,NA,NA,0.015
Oman,Asia,1978,OMN,900256,6513,57.0372,23.95256427,22.40101164,NA,NA,NA,0.015
Oman,Asia,1979,OMN,949079,6446,58.3275,24.10614987,22.54603803,NA,NA,NA,0.015
Oman,Asia,1980,OMN,1001198,6491,59.6008,24.25740562,22.69088276,NA,NA,NA,0.015
Oman,Asia,1981,OMN,1057284,7210,60.8023,24.40577744,22.83519728,NA,NA,NA,0.015
Oman,Asia,1982,OMN,1117637,7651,62.0486,24.55116932,22.97889987,NA,NA,NA,0.015
Oman,Asia,1983,OMN,1181419,8521,63.192,24.69333135,23.12247783,NA,NA,NA,0.015
Oman,Asia,1984,OMN,1247682,9526,64.2718,24.83184644,23.26557038,NA,NA,NA,0.015
Oman,Asia,1985,OMN,1325436,10433,65.2809,24.96680623,23.40797134,NA,NA,NA,0.015
Oman,Asia,1986,OMN,1413377,10268,66.168,25.0964174,23.54924136,NA,NA,NA,0.015
Oman,Asia,1987,OMN,1500958,10699,66.9792,25.22064092,23.68968178,NA,NA,NA,0.015
Oman,Asia,1988,OMN,1588524,10633,67.7177,25.3397121,23.82946495,NA,NA,NA,0.015
Oman,Asia,1989,OMN,1676195,10692,68.3927,25.45339475,23.96848006,NA,NA,NA,0.015
Oman,Asia,1990,OMN,1763918,10327,69.012,25.56152776,24.10662553,NA,NA,NA,0.015
Oman,Asia,1991,OMN,1851429,11131,69.5837,25.65866191,24.23995192,4.148,NA,NA,0.015
Oman,Asia,1992,OMN,1938185,12251.157,70.1139,25.74589615,24.36922257,4.258,NA,NA,0.015
Oman,Asia,1993,OMN,2021630,13226.644,70.6076,25.82451022,24.49462141,4.106,NA,NA,0.015
Oman,Asia,1994,OMN,2081794,14079.533,71.0722,25.89617895,24.6160362,4.17,NA,NA,0.015
Oman,Asia,1995,OMN,2120489,15292.176,71.5603,25.96294037,24.73364797,4.262,NA,NA,0.015
Oman,Asia,1996,OMN,2156879,16491.168,72.0231,26.01725885,24.84106953,4.345,NA,NA,0.015
Oman,Asia,1997,OMN,2190677,18518.48,72.463,26.06073998,24.93951591,4.278,NA,NA,0.015
Oman,Asia,1998,OMN,2222453,20213.02,72.8817,26.09562023,25.03057365,4.342,NA,NA,0.017
Oman,Asia,1999,OMN,2252862,21519.67,73.2761,26.12294716,25.11499999,4.417,NA,NA,0.017
Oman,Asia,2000,OMN,2282090,24186.365,73.6428,26.14325813,25.19231006,4.396,NA,NA,0.051
Oman,Asia,2001,OMN,2310176,26431.1,73.9788,26.15965111,25.2652281,4.337,-0.81666666,NA,0.101
Oman,Asia,2002,OMN,2337092,27141.844,74.2761,26.1724298,25.33558867,4.374,-0.27957883,NA,0.148
Oman,Asia,2003,OMN,2363747,27313.98,74.5213,26.18207198,25.40427913,4.653,0.23132868,NA,0.152
Oman,Asia,2004,OMN,2404771,28607.084,74.8204,26.19001748,25.47266904,4.756,0.62496907,NA,0.159
Oman,Asia,2005,OMN,2459758,30392.56,75.0705,26.19631537,25.54090401,4.64,1.9098356,NA,0.159
Oman,Asia,2006,OMN,2514741,33374.895,75.3543,26.20538127,25.61274628,4.391,3.544986,NA,0.159
Oman,Asia,2007,OMN,2570131,36424.98,75.5959,26.21888082,25.68987243,4.3,5.8304844,NA,0.159
Oman,Asia,2008,OMN,2626489,40909.938,76.124,26.23838794,25.77338929,4.142,12.375409,NA,0.157
Oman,Asia,2009,OMN,2684617,44244.65,76.6309,26.26185458,25.86220717,3.991,3.4688103,NA,0.157
Oman,Asia,2010,OMN,2757400,46182.16,77.1844,26.28744583,25.95423966,3.925,3.2565796,19.76,0.157
Oman,Asia,2011,OMN,3076708,44454,77.7405,26.31397207,26.04827839,3.928,4.0421886,NA,0.167
Oman,Asia,2012,OMN,3547053,47427.582,78.1874,26.34193398,26.14329543,3.727,2.947735,NA,0.172
Oman,Asia,2013,OMN,3833871,48900.758,78.6326,26.37081629,26.23864101,3.516,1.0535482,NA,0.172
Oman,Asia,2014,OMN,4002390,48528.41,79.03,26.40007007,26.3347573,3.43,1.0140148,NA,0.172
Oman,Asia,2015,OMN,4184853,49926.875,79.3457,26.42924442,26.43041626,3.392,0.06529013,NA,0.172
Oman,Asia,2016,OMN,4390837,51382.734,79.5813,26.45759051,26.52521415,3.266,1.1092081,NA,0.175
Oman,Asia,2017,OMN,4537351,50502.68,79.7483,NA,NA,2.524,1.5890942,NA,0.174
Oman,Asia,2018,OMN,4597832,50135.402,79.8642,NA,NA,1.8,0.8893124,NA,0.174
Oman,Asia,2019,OMN,4591205,48596.527,79.9456,NA,NA,2.052,0.49081537,NA,0.175
Oman,Asia,2020,OMN,4522447,46133.21,77.7634,NA,NA,2.94,-0.40640292,NA,0.173
Oman,Asia,2021,OMN,4500378,46573.574,75.9693,NA,NA,1.9,1.6822119,NA,0.173
Oman,Asia,2022,OMN,4730179,47988.65,77.9106,NA,NA,1.514,2.5061426,19.779999,0.17
Oman,Asia,2023,OMN,5049214,NA,80.0305,NA,NA,1.46,0.950783,19.75,0.17
Pakistan,Asia,1952,PAK,37376953,950,36.4967,NA,NA,NA,NA,NA,0.199
Pakistan,Asia,1953,PAK,38229614,1015,37.5958,NA,NA,NA,NA,NA,0.183
Pakistan,Asia,1954,PAK,39137019,1014,38.6043,NA,NA,NA,NA,NA,0.181
Pakistan,Asia,1955,PAK,40098017,1012,39.6108,NA,NA,NA,NA,NA,0.181
Pakistan,Asia,1956,PAK,41113880,1017,40.6171,NA,NA,NA,NA,NA,0.19
Pakistan,Asia,1957,PAK,42185086,1036,41.5542,NA,NA,NA,NA,NA,0.196
Pakistan,Asia,1958,PAK,43312015,1025,42.465,NA,NA,NA,NA,NA,0.159
Pakistan,Asia,1959,PAK,44495119,1009,43.3254,NA,NA,NA,NA,NA,0.128
Pakistan,Asia,1960,PAK,45709272,1031,44.1013,NA,NA,NA,6.9473686,NA,0.128
Pakistan,Asia,1961,PAK,46921229,1066,44.9558,NA,NA,NA,1.64042,NA,0.128
Pakistan,Asia,1962,PAK,48156076,1114,45.85,NA,NA,NA,-0.5164622,NA,0.134
Pakistan,Asia,1963,PAK,49447741,1152,46.7605,NA,NA,NA,1.4564885,NA,0.138
Pakistan,Asia,1964,PAK,50799950,1208,47.831,NA,NA,NA,4.179587,NA,0.138
Pakistan,Asia,1965,PAK,52208954,1229,48.4954,NA,NA,NA,5.5686355,NA,0.138
Pakistan,Asia,1966,PAK,53678620,1294,49.7973,NA,NA,NA,7.2276216,NA,0.142
Pakistan,Asia,1967,PAK,55214718,1307,50.7631,NA,NA,NA,6.8113995,NA,0.139
Pakistan,Asia,1968,PAK,56810469,1361,51.6235,NA,NA,NA,0.17062736,NA,0.14
Pakistan,Asia,1969,PAK,58460899,1411,52.3161,NA,NA,NA,3.1869867,NA,0.141
Pakistan,Asia,1970,PAK,60166671,1517,52.9434,NA,NA,NA,5.349841,NA,0.193
Pakistan,Asia,1971,PAK,61847849,1484,49.0016,NA,NA,NA,4.7306914,NA,0.154
Pakistan,Asia,1972,PAK,63583141,1455,53.8239,NA,NA,NA,5.1832376,NA,0.167
Pakistan,Asia,1973,PAK,65461863,1521,54.0895,NA,NA,NA,23.070084,NA,0.192
Pakistan,Asia,1974,PAK,67415448,1533,54.2663,NA,NA,NA,26.663034,NA,0.231
Pakistan,Asia,1975,PAK,69461140,1559,54.7219,19.91805638,19.51285273,NA,20.904509,NA,0.227
Pakistan,Asia,1976,PAK,71620200,1604,55.0687,20.04821168,19.62378297,NA,7.158324,NA,0.231
Pakistan,Asia,1977,PAK,73901777,1631,55.4821,20.17859076,19.73515789,NA,10.132968,NA,0.217
Pakistan,Asia,1978,PAK,76307330,1720,56.072,20.30902384,19.84727724,NA,6.138693,NA,0.114
Pakistan,Asia,1979,PAK,78996989,1733,56.6142,20.43944514,19.95985123,NA,8.267047,NA,0.106
Pakistan,Asia,1980,PAK,82290956,1851,57.1985,20.56966538,20.07240462,NA,11.9382305,NA,0.108
Pakistan,Asia,1981,PAK,85801998,1924,57.7639,20.69832327,20.18407153,NA,11.879913,NA,0.108
Pakistan,Asia,1982,PAK,89089199,2002,58.2913,20.8255047,20.29474835,NA,5.9035287,NA,0.111
Pakistan,Asia,1983,PAK,92227659,2077,58.6626,20.9518477,20.40434287,NA,6.3620334,NA,0.111
Pakistan,Asia,1984,PAK,95164894,2106,58.9209,21.07695402,20.51251474,NA,6.087167,NA,0.111
Pakistan,Asia,1985,PAK,98229244,2230,59.0752,21.2007234,20.61906096,NA,5.614839,NA,0.157
Pakistan,Asia,1986,PAK,101606724,2302,59.1666,21.32387743,20.72419249,NA,3.5064142,NA,0.17
Pakistan,Asia,1987,PAK,105130661,2364,59.222,21.44636833,20.82742532,NA,4.6812186,15.82,0.17
Pakistan,Asia,1988,PAK,108724679,2442,59.3598,21.56847925,20.92980956,NA,8.837937,NA,0.212
Pakistan,Asia,1989,PAK,112336581,2487,59.5283,21.69033722,21.03130479,NA,7.8442645,NA,0.369
Pakistan,Asia,1990,PAK,116155530,2531,59.7282,21.81196778,21.13232577,NA,9.052132,15.080001,0.373
Pakistan,Asia,1991,PAK,120060354,2644.5742,59.8638,21.93349924,21.23281201,0.586,11.79127,NA,0.369
Pakistan,Asia,1992,PAK,123546809,2732.3816,59.9826,22.05469435,21.33245468,0.583,9.509042,NA,0.369
Pakistan,Asia,1993,PAK,127020068,2777.332,60.0829,22.17591511,21.43175463,0.588,9.973664,NA,0.37
Pakistan,Asia,1994,PAK,130748025,2855.9062,60.1968,22.29683869,21.53077398,0.591,12.368195,NA,0.376
Pakistan,Asia,1995,PAK,134582195,2947.6826,60.2735,22.41868117,21.6294946,0.596,12.343578,NA,0.376
Pakistan,Asia,1996,PAK,138557040,2979.808,60.4659,22.54149572,21.7289389,0.591,10.373809,16.65,0.376
Pakistan,Asia,1997,PAK,142531747,2986.7056,60.6234,22.66562661,21.82920745,0.596,11.375493,NA,0.388
Pakistan,Asia,1998,PAK,146522306,3035.4517,61.1338,22.79085792,21.9301849,0.6,6.228004,18.59,0.388
Pakistan,Asia,1999,PAK,150565328,3111.9585,61.5396,22.91661958,22.0308507,0.602,4.1426373,NA,0.338
Pakistan,Asia,2000,PAK,154879070,3154.5115,61.9029,23.04238044,22.1306934,0.597,4.3666644,NA,0.203
Pakistan,Asia,2001,PAK,159270863,3176.9468,62.2406,23.16715355,22.22841136,0.595,3.1482615,17.06,0.202
Pakistan,Asia,2002,PAK,163222500,3265.6865,62.5561,23.29030624,22.32332082,0.597,3.2903447,NA,0.243
Pakistan,Asia,2003,PAK,167110208,3437.992,62.8343,23.41060796,22.41479416,0.595,2.9141347,NA,0.357
Pakistan,Asia,2004,PAK,171285944,3664.5334,63.0972,23.52764015,22.50136771,0.588,7.444625,16.539999,0.357
Pakistan,Asia,2005,PAK,175453160,3883.9346,62.4163,23.64091571,22.58300984,0.582,9.063328,19.19,0.358
Pakistan,Asia,2006,PAK,179682648,4062.6665,63.6235,23.7511643,22.65992408,0.582,7.9210844,NA,0.355
Pakistan,Asia,2007,PAK,184493178,4160.365,63.8075,23.85965449,22.73368432,0.398,7.5986843,17.27,0.35
Pakistan,Asia,2008,PAK,189499072,4224.405,64.0021,23.96650364,22.8059846,0.423,20.286121,NA,0.417
Pakistan,Asia,2009,PAK,194376491,4288.462,64.2059,24.07267984,22.87773636,0.535,13.647765,NA,0.441
Pakistan,Asia,2010,PAK,199238997,4354.267,64.3784,24.1780915,22.94969458,0.653,12.93887,17.92,0.466
Pakistan,Asia,2011,PAK,203746014,4464,64.6588,24.28326382,23.02318013,0.796,11.916093,17.49,0.466
Pakistan,Asia,2012,PAK,207667068,4538.3457,64.8834,24.38860602,23.09949377,3.667,9.682352,NA,0.462
Pakistan,Asia,2013,PAK,211073920,4638.1616,65.1285,24.49391535,23.17782357,2.954,7.6921563,16.220001,0.467
Pakistan,Asia,2014,PAK,214264607,4750.878,65.374,24.59853308,23.25745728,1.827,7.189384,NA,0.467
Pakistan,Asia,2015,PAK,217290832,4889.915,65.6406,24.70310544,23.3372988,3.566,2.529328,17.460001,0.439
Pakistan,Asia,2016,PAK,220138810,5030.8354,65.9434,24.80713807,23.41747955,2.286,3.765119,NA,0.428
Pakistan,Asia,2017,PAK,223273927,5189.937,66.2233,NA,NA,3.193,4.085374,NA,0.418
Pakistan,Asia,2018,PAK,226928843,5299.071,66.4807,NA,NA,4.083,5.0780573,16.47,0.395
Pakistan,Asia,2019,PAK,230800861,5219.534,66.7288,NA,NA,4.83,10.5783615,NA,0.367
Pakistan,Asia,2020,PAK,235001693,5242.6953,65.7015,NA,NA,6.162,9.739993,NA,0.376
Pakistan,Asia,2021,PAK,239477758,5463.7744,65.7731,NA,NA,6.338,9.49621,NA,0.393
Pakistan,Asia,2022,PAK,243700616,5531.723,67.4167,NA,NA,5.548,19.87386,16.310001,0.383
Pakistan,Asia,2023,PAK,247504458,NA,67.649,NA,NA,5.499,30.768127,17.51,0.335
Panama,Americas,1952,PAN,904419,2557,56.3627,NA,NA,NA,NA,NA,0.258
Panama,Americas,1953,PAN,928163,2649,56.8348,NA,NA,NA,NA,NA,0.365
Panama,Americas,1954,PAN,953044,2681,57.234,NA,NA,NA,NA,NA,0.365
Panama,Americas,1955,PAN,978933,2766,57.4841,NA,NA,NA,NA,NA,0.365
Panama,Americas,1956,PAN,1005836,2836,57.8767,NA,NA,NA,NA,NA,0.372
Panama,Americas,1957,PAN,1033867,3054,58.2788,NA,NA,NA,NA,NA,0.371
Panama,Americas,1958,PAN,1063124,3014,58.9471,NA,NA,NA,NA,NA,0.371
Panama,Americas,1959,PAN,1093762,3124,59.5674,NA,NA,NA,NA,NA,0.371
Panama,Americas,1960,PAN,1125959,3217,60.2783,NA,NA,NA,0.051177073,NA,0.382
Panama,Americas,1961,PAN,1159830,3462,60.9138,NA,NA,NA,0.6138107,NA,0.386
Panama,Americas,1962,PAN,1195268,3647,61.4278,NA,NA,NA,0.788002,NA,0.386
Panama,Americas,1963,PAN,1232099,3877,61.8137,NA,NA,NA,0.4498875,NA,0.386
Panama,Americas,1964,PAN,1270029,3929,62.1006,NA,NA,NA,2.4135356,NA,0.338
Panama,Americas,1965,PAN,1308792,4151,62.3375,NA,NA,NA,0.4616132,NA,0.324
Panama,Americas,1966,PAN,1348345,4331,62.6288,NA,NA,NA,0.19347037,NA,0.323
Panama,Americas,1967,PAN,1388585,4559,62.8872,NA,NA,NA,1.3758147,NA,0.322
Panama,Americas,1968,PAN,1429406,4752,63.2424,NA,NA,NA,1.6190476,NA,0.207
Panama,Americas,1969,PAN,1470838,4976,63.6596,NA,NA,NA,1.8275539,NA,0.092
Panama,Americas,1970,PAN,1513022,5131,64.0684,NA,NA,NA,3.0832949,NA,0.09
Panama,Americas,1971,PAN,1556033,5471,64.6656,NA,NA,NA,1.9196428,NA,0.09
Panama,Americas,1972,PAN,1599678,5571,65.1832,NA,NA,NA,5.4095488,NA,0.095
Panama,Americas,1973,PAN,1643644,5719,65.7827,NA,NA,NA,6.8564305,NA,0.102
Panama,Americas,1974,PAN,1687890,5695,66.5523,NA,NA,NA,16.268066,NA,0.102
Panama,Americas,1975,PAN,1732355,5649,67.243,22.7333725,22.72249936,NA,5.8810415,NA,0.102
Panama,Americas,1976,PAN,1776898,5604,67.794,22.8743869,22.81424511,NA,3.95,NA,0.102
Panama,Americas,1977,PAN,1821510,5512,68.2516,23.01367407,22.90501484,NA,4.585538,NA,0.102
Panama,Americas,1978,PAN,1866270,5946,68.6867,23.15173643,22.99475532,NA,4.2005215,NA,0.105
Panama,Americas,1979,PAN,1911509,6075,69.0902,23.28861448,23.08437047,NA,7.9888186,NA,0.123
Panama,Americas,1980,PAN,1957496,6849,69.4506,23.42460713,23.17402154,NA,13.807902,NA,0.134
Panama,Americas,1981,PAN,2004379,7313,69.7896,23.56114495,23.26420596,NA,7.3023286,NA,0.125
Panama,Americas,1982,PAN,2052231,7444,69.8997,23.69796249,23.35480683,NA,4.2505717,NA,0.122
Panama,Americas,1983,PAN,2101067,7186,70.1335,23.83560781,23.44559892,NA,2.1028411,NA,0.122
Panama,Americas,1984,PAN,2150738,7192,70.4025,23.97334648,23.53649171,NA,1.5826433,NA,0.134
Panama,Americas,1985,PAN,2200878,7404,70.5437,24.111555,23.62705034,NA,1.0266199,NA,0.132
Panama,Americas,1986,PAN,2251272,7578,70.6686,24.25025116,23.71778055,NA,-0.06638411,NA,0.132
Panama,Americas,1987,PAN,2301926,7653,70.8113,24.38982373,23.80906242,NA,0.9964231,NA,0.132
Panama,Americas,1988,PAN,2352806,6743,70.945,24.53070004,23.9006577,NA,0.35922083,NA,0.132
Panama,Americas,1989,PAN,2403760,6715,70.137,24.67260751,23.99230437,NA,0.20586726,NA,0.145
Panama,Americas,1990,PAN,2455535,7119,71.2655,24.8152067,24.08404626,NA,0.76948535,NA,0.475
Panama,Americas,1991,PAN,2508220,7659.47,71.331,24.9617959,24.178741080000002,6.451,1.2562608,NA,0.68
Panama,Americas,1992,PAN,2561294,8148.6313,71.4613,25.11131678,24.27580676,6.298,1.8245215,NA,0.696
Panama,Americas,1993,PAN,2615043,8450.672,71.8046,25.26263808,24.37523556,6.348,0.45393008,NA,0.701
Panama,Americas,1994,PAN,2669500,8549.647,71.9429,25.4142495,24.47722325,6.439,1.2684319,NA,0.708
Panama,Americas,1995,PAN,2724493,8555.783,71.9944,25.56581696,24.58057013,6.51,0.99420696,NA,0.711
Panama,Americas,1996,PAN,2780170,8652.076,72.199,25.71642157,24.68489891,6.525,1.2557166,NA,0.711
Panama,Americas,1997,PAN,2836646,9054.722,72.5415,25.86514785,24.7898854,6.423,1.3243512,NA,0.711
Panama,Americas,1998,PAN,2893867,9560.335,72.7846,26.01173289,24.89508325,6.297,0.5590813,NA,0.7
Panama,Americas,1999,PAN,2951764,9784.694,73.1239,26.15473104,24.99958719,6.285,1.2471826,NA,0.698
Panama,Americas,2000,PAN,3010330,9898.788,73.4432,26.29233461,25.10284883,6.322,1.4989611,NA,0.727
Panama,Americas,2001,PAN,3069480,9804.559,73.8197,26.42015531,25.20115444,6.429,0.30706245,NA,0.733
Panama,Americas,2002,PAN,3129297,9879.454,74.1947,26.53883433,25.29479521,6.419,1.0058309,NA,0.733
Panama,Americas,2003,PAN,3189765,10153.772,74.5671,26.64932867,25.38409539,6.393,0.39166668,NA,0.733
Panama,Americas,2004,PAN,3251113,10769.523,74.8453,26.7533419,25.46931099,6.171,0.47472307,NA,0.736
Panama,Americas,2005,PAN,3312982,11389.244,75.1604,26.85197002,25.55042459,6.041,2.8558834,NA,0.738
Panama,Americas,2006,PAN,3374971,12195.747,75.4291,26.94636399,25.62816951,5.849,2.4578934,NA,0.738
Panama,Americas,2007,PAN,3437444,13492.383,75.6751,27.03757523,25.70301203,5.743,4.168633,NA,0.738
Panama,Americas,2008,PAN,3500596,14466.968,75.937,27.12697562,25.77569865,5.704,8.758683,NA,0.738
Panama,Americas,2009,PAN,3564327,14515.766,76.2283,27.21591601,25.84690747,5.849,2.409053,NA,0.742
Panama,Americas,2010,PAN,3628492,15169.125,76.417,27.30496052,25.91729628,5.873,3.4912887,NA,0.744
Panama,Americas,2011,PAN,3693468,16762,76.6594,27.39444155,25.98748712,4.049,5.8758025,NA,0.744
Panama,Americas,2012,PAN,3759201,18051,76.8767,27.48479124,26.05718063,3.717,5.6981997,NA,0.744
Panama,Americas,2013,PAN,3825287,18979,77.1292,27.57535261,26.12593213,3.707,4.0271597,NA,0.748
Panama,Americas,2014,PAN,3892053,19855,77.3645,27.66578477,26.19469018,4.415,2.626527,NA,0.74
Panama,Americas,2015,PAN,3959985,20723,77.5827,27.75588148,26.26350401,4.37,0.13749206,NA,0.756
Panama,Americas,2016,PAN,4029032,21445.125,77.7724,27.84507405,26.33225151,4.758,0.73973405,NA,0.756
Panama,Americas,2017,PAN,4098656,22331.217,77.9011,NA,NA,5.395,0.8755859,NA,0.736
Panama,Americas,2018,PAN,4167807,22843.75,78.2656,NA,NA,5.218,0.7615784,NA,0.728
Panama,Americas,2019,PAN,4234652,23218.432,78.5145,NA,NA,6.332,-0.35508382,NA,0.731
Panama,Americas,2020,PAN,4293208,18840.738,76.3302,NA,NA,14.183,-1.5502754,NA,0.73
Panama,Americas,2021,PAN,4345360,21539.07,77.0037,NA,NA,10.453,1.6307033,NA,0.738
Panama,Americas,2022,PAN,4400715,23557.02,79.3241,NA,NA,8.202,2.8596513,17.87,0.727
Panama,Americas,2023,PAN,4458719,NA,79.5937,NA,NA,6.701,1.4864136,17.87,0.725
Paraguay,Americas,1952,PRY,1572556,2273,58.37,NA,NA,NA,NA,NA,0.153
Paraguay,Americas,1953,PRY,1608258,2276,58.4903,NA,NA,NA,NA,NA,0.152
Paraguay,Americas,1954,PRY,1644883,2255,58.6229,NA,NA,NA,NA,NA,0.127
Paraguay,Americas,1955,PRY,1682247,2299,58.8086,NA,NA,NA,NA,NA,0.118
Paraguay,Americas,1956,PRY,1720365,2335,59.0146,NA,NA,NA,NA,NA,0.118
Paraguay,Americas,1957,PRY,1759439,2381,59.2749,NA,NA,NA,NA,NA,0.118
Paraguay,Americas,1958,PRY,1799607,2453,59.564,NA,NA,NA,NA,NA,0.117
Paraguay,Americas,1959,PRY,1840920,2385,59.88,NA,NA,NA,NA,NA,0.095
Paraguay,Americas,1960,PRY,1883474,2346,60.1971,NA,NA,NA,8.181818,NA,0.084
Paraguay,Americas,1961,PRY,1927360,2396,60.5166,NA,NA,NA,18.487394,NA,0.116
Paraguay,Americas,1962,PRY,1973080,2499,60.8156,NA,NA,NA,1.4184397,NA,0.149
Paraguay,Americas,1963,PRY,2021858,2504,61.1009,NA,NA,NA,2.097902,NA,0.156
Paraguay,Americas,1964,PRY,2073070,2546,61.3685,NA,NA,NA,1.369863,NA,0.159
Paraguay,Americas,1965,PRY,2125123,2624,61.6063,NA,NA,NA,3.8592982,NA,0.159
Paraguay,Americas,1966,PRY,2177530,2584,61.8321,NA,NA,NA,2.8731942,NA,0.159
Paraguay,Americas,1967,PRY,2229945,2676,62.0247,NA,NA,NA,1.3652676,NA,0.159
Paraguay,Americas,1968,PRY,2282346,2699,62.2079,NA,NA,NA,0.70807356,NA,0.159
Paraguay,Americas,1969,PRY,2334950,2730,62.3847,NA,NA,NA,2.2468476,NA,0.16
Paraguay,Americas,1970,PRY,2387982,2825,62.5541,NA,NA,NA,-0.859556,NA,0.16
Paraguay,Americas,1971,PRY,2442492,2906,62.726,NA,NA,NA,4.953257,NA,0.16
Paraguay,Americas,1972,PRY,2499829,3017,62.8898,NA,NA,NA,9.180375,NA,0.16
Paraguay,Americas,1973,PRY,2561057,3150,63.0593,NA,NA,NA,12.796894,NA,0.16
Paraguay,Americas,1974,PRY,2625573,3319,63.2309,NA,NA,NA,25.233318,NA,0.16
Paraguay,Americas,1975,PRY,2691599,3464,63.4348,21.99187706,22.64677371,NA,6.69306,NA,0.16
Paraguay,Americas,1976,PRY,2758791,3629,63.6535,22.1131047,22.72892746,NA,4.4746146,NA,0.16
Paraguay,Americas,1977,PRY,2827826,3945,63.86,22.23607923,22.81215621,NA,9.359853,NA,0.159
Paraguay,Americas,1978,PRY,2899227,4302,64.078,22.36022156,22.89663546,NA,10.660248,NA,0.16
Paraguay,Americas,1979,PRY,2973916,4693,64.2977,22.4850938,22.98191877,NA,28.16104,NA,0.16
Paraguay,Americas,1980,PRY,3053189,5113,64.5531,22.61060068,23.06754368,NA,22.44733,NA,0.163
Paraguay,Americas,1981,PRY,3137560,5424,64.8111,22.73786626,23.15454566,NA,12.974697,NA,0.163
Paraguay,Americas,1982,PRY,3226151,5230,65.0762,22.8665512,23.24260284,NA,5.120065,NA,0.163
Paraguay,Americas,1983,PRY,3318022,4935,65.2928,22.99645113,23.33111734,NA,13.433756,NA,0.163
Paraguay,Americas,1984,PRY,3412892,4945,65.6089,23.12683281,23.42018693,NA,20.311462,NA,0.163
Paraguay,Americas,1985,PRY,3510633,4994,65.8934,23.2577007,23.5099338,NA,25.210716,NA,0.164
Paraguay,Americas,1986,PRY,3611429,4854,66.1725,23.38892466,23.60033336,NA,31.742598,NA,0.164
Paraguay,Americas,1987,PRY,3714850,4919,66.4545,23.52025217,23.69183276,NA,21.810274,NA,0.166
Paraguay,Americas,1988,PRY,3820510,5082,66.7095,23.65142543,23.78434348,NA,22.594257,NA,0.168
Paraguay,Americas,1989,PRY,3927744,5222,66.9222,23.78232119,23.87766994,NA,26.422127,NA,0.19
Paraguay,Americas,1990,PRY,4035697,5230,67.3405,23.91291772,23.9716062,NA,37.259956,NA,0.387
Paraguay,Americas,1991,PRY,4144328,5224.3,67.6758,24.04216337,24.06598042,5.1,24.225351,NA,0.401
Paraguay,Americas,1992,PRY,4253558,5186.564,67.9609,24.17057901,24.16071119,4.98,15.192743,NA,0.479
Paraguay,Americas,1993,PRY,4362655,5270.8994,68.2336,24.29817487,24.25611003,5.06,18.208662,NA,0.511
Paraguay,Americas,1994,PRY,4471379,5305.5005,68.5039,24.42441286,24.35261306,4.41,20.566195,NA,0.519
Paraguay,Americas,1995,PRY,4579758,5463.623,68.7775,24.55004418,24.44953202,3.4,13.425414,NA,0.519
Paraguay,Americas,1996,PRY,4687490,5360.743,69.0504,24.6754879,24.54720354,8.15,9.799684,NA,0.526
Paraguay,Americas,1997,PRY,4794362,5399.426,69.2835,24.80100166,24.64568641,5.36,6.949566,NA,0.531
Paraguay,Americas,1998,PRY,4899977,5321.9194,69.5075,24.9265931,24.74552609,4.417,11.553268,NA,0.534
Paraguay,Americas,1999,PRY,5003077,5150.4087,69.7739,25.05220632,24.84640123,5.343,6.752266,NA,0.536
Paraguay,Americas,2000,PRY,5100823,4896.4297,70.0259,25.17672586,24.94885666,7.61,8.98216,NA,0.54
Paraguay,Americas,2001,PRY,5187639,4918.046,70.2808,25.29847167,25.05135852,6.206,7.26806,NA,0.54
Paraguay,Americas,2002,PRY,5261286,5571.4272,70.5393,25.41781545,25.15448864,9.393,10.510242,NA,0.54
Paraguay,Americas,2003,PRY,5326394,5726.99,70.7949,25.53575099,25.25898553,6.814,14.236797,NA,0.566
Paraguay,Americas,2004,PRY,5388133,5876.66,71.054,25.65319438,25.36491293,6.513,4.323265,NA,0.594
Paraguay,Americas,2005,PRY,5448045,5922.791,71.3174,25.77126478,25.4720327,4.825,6.807382,NA,0.594
Paraguay,Americas,2006,PRY,5505102,6128.6426,71.5837,25.88922301,25.57975686,5.277,9.58935,NA,0.594
Paraguay,Americas,2007,PRY,5559335,6383.4854,71.8173,26.00761814,25.68891248,4.713,8.130474,NA,0.594
Paraguay,Americas,2008,PRY,5613526,6713.0303,72.0475,26.12695279,25.79907665,4.415,10.154784,NA,0.62
Paraguay,Americas,2009,PRY,5671192,6376.9414,72.2821,26.24771351,25.91012916,5.46,2.5919468,NA,0.636
Paraguay,Americas,2010,PRY,5737924,7139.027,72.5506,26.37050727,26.02211145,4.569,4.6511626,NA,0.64
Paraguay,Americas,2011,PRY,5814583,7377,72.7875,26.49542503,26.13558376,4.67,8.253968,NA,0.633
Paraguay,Americas,2012,PRY,5896966,7232.376,73.1046,26.62123136,26.24963915,4.086,3.675919,NA,0.609
Paraguay,Americas,2013,PRY,5982397,7735.565,73.2916,26.74822201,26.36373178,4.385,2.6838574,NA,0.589
Paraguay,Americas,2014,PRY,6069774,8047.5933000000005,73.4145,26.87563708,26.4782399,5.034,5.0288277,NA,0.595
Paraguay,Americas,2015,PRY,6159053,8188.404,73.4535,27.00295734,26.59270083,4.556,3.1290028,NA,0.591
Paraguay,Americas,2016,PRY,6249070,8438.709,73.4865,27.13007968,26.707868,5.255,4.086823,NA,0.591
Paraguay,Americas,2017,PRY,6338607,8741.245,73.4495,NA,NA,6.138,3.6024773,NA,0.594
Paraguay,Americas,2018,PRY,6427336,8915.669,73.6271,NA,NA,6.217,3.9756103,NA,0.584
Paraguay,Americas,2019,PRY,6515016,8776.076,73.6681,NA,NA,6.595,2.7570972,NA,0.584
Paraguay,Americas,2020,PRY,6603683,8603.079,72.7197,NA,NA,7.548,1.7675159,NA,0.582
Paraguay,Americas,2021,PRY,6684130,8845.659,68.1081,NA,NA,7.311,4.787983,NA,0.582
Paraguay,Americas,2022,PRY,6760399,8762.771,72.3185,NA,NA,6.755,9.765567,17.87,0.582
Paraguay,Americas,2023,PRY,6844101,NA,73.8443,NA,NA,5.779,4.632023,17.87,0.575
Peru,Americas,1952,PER,8116618,3964,46.7624,NA,NA,NA,NA,NA,0.161
Peru,Americas,1953,PER,8344858,4111,47.0997,NA,NA,NA,NA,NA,0.161
Peru,Americas,1954,PER,8579266,4117,47.4757,NA,NA,NA,NA,NA,0.161
Peru,Americas,1955,PER,8821968,4309,47.9041,NA,NA,NA,NA,NA,0.161
Peru,Americas,1956,PER,9073421,4385,48.3821,NA,NA,NA,NA,NA,0.265
Peru,Americas,1957,PER,9333825,4479,48.922,NA,NA,NA,NA,NA,0.353
Peru,Americas,1958,PER,9603602,4372,49.4886,NA,NA,NA,NA,NA,0.353
Peru,Americas,1959,PER,9883602,4275,50.0435,NA,NA,NA,NA,NA,0.353
Peru,Americas,1960,PER,10174079,4733,50.5966,NA,NA,NA,8.664459,NA,0.354
Peru,Americas,1961,PER,10475081,5008,51.1919,NA,NA,NA,5.916709,NA,0.362
Peru,Americas,1962,PER,10784578,5230,51.5323,NA,NA,NA,6.6410933,NA,0.278
Peru,Americas,1963,PER,11102054,5314,52.5971,NA,NA,NA,6.0701437,NA,0.292
Peru,Americas,1964,PER,11427938,5523,53.3021,NA,NA,NA,9.792285,NA,0.415
Peru,Americas,1965,PER,11761048,5729,53.8712,NA,NA,NA,16.389961,NA,0.415
Peru,Americas,1966,PER,12101258,6038,54.4004,NA,NA,NA,8.840604,NA,0.415
Peru,Americas,1967,PER,12448766,6107,54.8928,NA,NA,NA,9.783603,NA,0.412
Peru,Americas,1968,PER,12803932,5874,55.3839,NA,NA,NA,19.086618,NA,0.265
Peru,Americas,1969,PER,13166701,5859,55.8155,NA,NA,NA,6.236158,NA,0.089
Peru,Americas,1970,PER,13501179,6143,47.7285,NA,NA,NA,5.025236,NA,0.097
Peru,Americas,1971,PER,13838014,6242,56.4927,NA,NA,NA,6.7906394,NA,0.097
Peru,Americas,1972,PER,14210092,6264,56.9892,NA,NA,NA,7.2197223,NA,0.097
Peru,Americas,1973,PER,14582813,6413,57.3326,NA,NA,NA,9.489051,NA,0.094
Peru,Americas,1974,PER,14956498,6566,57.7688,NA,NA,NA,16.891666,NA,0.092
Peru,Americas,1975,PER,15333903,6896,58.2048,23.53980937,22.41898778,NA,23.618734,NA,0.092
Peru,Americas,1976,PER,15716755,6808,58.57,23.65762448,22.50794085,NA,33.483276,NA,0.101
Peru,Americas,1977,PER,16109764,6626,58.895,23.77062955,22.59424138,NA,38.054092,NA,0.101
Peru,Americas,1978,PER,16516018,6454,59.2606,23.87984262,22.67859727,NA,57.84878,NA,0.197
Peru,Americas,1979,PER,16933090,6664,59.6245,23.98558366,22.76133932,NA,66.69442,NA,0.179
Peru,Americas,1980,PER,17360906,6795,59.9817,24.08864796,22.84262045,NA,59.145073,NA,0.442
Peru,Americas,1981,PER,17798756,6921,60.3252,24.18845633,22.92257015,NA,75.433266,NA,0.672
Peru,Americas,1982,PER,18246453,6770,60.5592,24.28560224,23.00113611,NA,64.44816,NA,0.671
Peru,Americas,1983,PER,18705915,5729,60.7642,24.38060781,23.07881087,NA,111.150635,NA,0.671
Peru,Americas,1984,PER,19174665,5859,61.0658,24.4734109,23.15566898,NA,110.20852,NA,0.671
Peru,Americas,1985,PER,19648163,5844,61.7103,24.5642842,23.23197272,NA,163.3995,NA,0.662
Peru,Americas,1986,PER,20117096,6290,62.1542,24.65330426,23.30752083,NA,77.92103,NA,0.665
Peru,Americas,1987,PER,20582272,6682,62.5443,24.74077934,23.38294097,NA,85.8223,NA,0.665
Peru,Americas,1988,PER,21054658,6003,62.9946,24.82732774,23.45865385,NA,667.01935,NA,0.665
Peru,Americas,1989,PER,21532534,5160,63.4049,24.91287764,23.53437771,NA,3398.679,NA,0.665
Peru,Americas,1990,PER,22014724,4795,63.9791,24.99776006,23.61070897,NA,7481.6636,NA,0.618
Peru,Americas,1991,PER,22483739,4812.212,64.248,25.08221858,23.68818931,4.961,409.53015,NA,0.604
Peru,Americas,1992,PER,22946300,4698.483,65.0311,25.16681924,23.76713655,5.098,73.5283,NA,0.25
Peru,Americas,1993,PER,23413735,4857.021,65.7319,25.25064699,23.84798391,4.828,48.579987,NA,0.255
Peru,Americas,1994,PER,23881446,5361.423,66.5439,25.33386468,23.93101938,4.526,23.736904,NA,0.251
Peru,Americas,1995,PER,24348871,5668.0327,67.2196,25.41699562,24.01590425,4.737,11.128703,NA,0.288
Peru,Americas,1996,PER,24811120,5739.79,67.8499,25.49998075,24.10334615,4.95,11.537943,NA,0.365
Peru,Americas,1997,PER,25274095,6027.8164,68.3241,25.58262354,24.19295512,4.784,8.562189,NA,0.365
Peru,Americas,1998,PER,25738055,5926.733,68.724,25.6648795,24.2848628,5.11,7.247822,NA,0.353
Peru,Americas,1999,PER,26186452,5945.1953,69.302,25.74658851,24.37916759,5.02,3.46966,NA,0.353
Peru,Americas,2000,PER,26598284,6038.2446,69.821,25.82678592,24.47614059,4.965,3.7573383,NA,0.418
Peru,Americas,2001,PER,26964552,6010.225,70.315,25.90474381,24.57558296,5.067,1.9770988,28.16,0.728
Peru,Americas,2002,PER,27288162,6274.4185,70.8147,25.98111766,24.67772876,4.84,0.19313501,22.480001,0.797
Peru,Americas,2003,PER,27580445,6472.341,71.2777,26.05706609,24.78252829,4.15,2.2593775,34.15,0.797
Peru,Americas,2004,PER,27852131,6731.005,71.4467,26.13376571,24.89058373,4.71,3.6624732,25.490002,0.795
Peru,Americas,2005,PER,28101118,7091.1333,71.9882,26.21239999,25.00082328,4.87,1.6163019,21.57,0.795
Peru,Americas,2006,PER,28324448,7560.897,72.3365,26.2946513,25.11425441,4.17,2.002258,27.41,0.793
Peru,Americas,2007,PER,28530662,8138.3647,72.7463,26.38073917,25.23102809,4.08,1.7799865,27.669998,0.801
Peru,Americas,2008,PER,28718988,8812.618,72.7426,26.47107043,25.35101462,4.03,5.785876,23.13,0.805
Peru,Americas,2009,PER,28896766,8836.017,72.6311,26.56559206,25.47409127,3.96,2.9362316,19.58,0.799
Peru,Americas,2010,PER,29085967,9507.78,72.8858,26.66333468,25.59962111,3.6,1.5283206,23.56,0.806
Peru,Americas,2011,PER,29304035,10044,73.327,26.76410593,25.72641802,3.477,3.3693109,23.289999,0.811
Peru,Americas,2012,PER,29550318,10605.589,73.9792,26.86646763,25.8543414,3.238,3.611213,21.99,0.823
Peru,Americas,2013,PER,29817865,11173.4375,74.5905,26.97006347,25.9825339,3.575,2.7678967,23.289999,0.82
Peru,Americas,2014,PER,30115771,11389.862,75.26,27.07372558,26.1108272,3.208,3.4119458,24.11,0.82
Peru,Americas,2015,PER,30457550,11713.57,75.7316,27.17670818,26.23881223,3.272,3.398092,24.519999,0.816
Peru,Americas,2016,PER,30866446,12132.035,75.9508,27.27829945,26.3662965,3.741,3.5571766,22.89,0.781
Peru,Americas,2017,PER,31324599,12390.033,75.9576,NA,NA,3.691,2.9949005,24.14,0.788
Peru,Americas,2018,PER,31897541,12677.875,76.018,NA,NA,3.492,1.5091542,22.89,0.807
Peru,Americas,2019,PER,32449256,12680.354,76.2749,NA,NA,3.379,2.252122,21.63,0.802
Peru,Americas,2020,PER,32838533,11136.991,73.8315,NA,NA,7.179,2.002412,NA,0.819
Peru,Americas,2021,PER,33155845,12550.461,71.5962,NA,NA,5.097,4.2716637,NA,0.77
Peru,Americas,2022,PER,33475381,12762.967,76.834,NA,NA,3.85,8.333706,26.9,0.745
Peru,Americas,2023,PER,33845565,NA,77.7401,NA,NA,4.82,6.4556136,26.9,0.712
Philippines,Asia,1952,PHL,20328706,1890,54.6973,NA,NA,NA,NA,NA,0.346
Philippines,Asia,1953,PHL,21132456,1999,55.3953,NA,NA,NA,NA,NA,0.348
Philippines,Asia,1954,PHL,21982460,2085,55.9941,NA,NA,NA,NA,NA,0.366
Philippines,Asia,1955,PHL,22880530,2165,56.6004,NA,NA,NA,NA,NA,0.373
Philippines,Asia,1956,PHL,23825754,2248,57.2457,NA,NA,NA,NA,NA,0.373
Philippines,Asia,1957,PHL,24815806,2299,57.7887,NA,NA,NA,NA,NA,0.374
Philippines,Asia,1958,PHL,25842471,2308,58.3099,NA,NA,NA,NA,NA,0.382
Philippines,Asia,1959,PHL,26907566,2393,58.7451,NA,NA,NA,NA,NA,0.382
Philippines,Asia,1960,PHL,27891859,2353,59.1754,NA,NA,NA,4.154822,NA,0.406
Philippines,Asia,1961,PHL,28792565,2410,59.4689,NA,NA,NA,1.595633,NA,0.403
Philippines,Asia,1962,PHL,29723485,2450,59.7555,NA,NA,NA,5.7966523,NA,0.395
Philippines,Asia,1963,PHL,30674695,2542,60.0183,NA,NA,NA,5.6255493,NA,0.395
Philippines,Asia,1964,PHL,31642988,2550,60.1298,NA,NA,NA,8.183079,NA,0.395
Philippines,Asia,1965,PHL,32625285,2603,60.4098,NA,NA,NA,2.5641026,NA,0.404
Philippines,Asia,1966,PHL,33617117,2636,60.6228,NA,NA,NA,5.4,NA,0.388
Philippines,Asia,1967,PHL,34621279,2694,60.8036,NA,NA,NA,6.253953,NA,0.388
Philippines,Asia,1968,PHL,35638286,2745,60.9166,NA,NA,NA,2.3588064,NA,0.389
Philippines,Asia,1969,PHL,36660738,2789,60.9813,NA,NA,NA,1.9555104,NA,0.384
Philippines,Asia,1970,PHL,37622150,2812,60.8273,NA,NA,NA,14.381462,NA,0.353
Philippines,Asia,1971,PHL,38518615,2882,61.0649,NA,NA,NA,21.403343,NA,0.33
Philippines,Asia,1972,PHL,39408517,2954,60.9112,NA,NA,NA,8.204034,NA,0.141
Philippines,Asia,1973,PHL,40294074,3131,60.7413,NA,NA,NA,16.580032,NA,0.078
Philippines,Asia,1974,PHL,41174287,3154,60.816,NA,NA,NA,34.163593,NA,0.078
Philippines,Asia,1975,PHL,42120775,3241,60.9044,19.30426923,20.28502651,NA,6.7614026,NA,0.078
Philippines,Asia,1976,PHL,43201439,3430,60.8693,19.44337631,20.36338359,NA,9.199227,NA,0.078
Philippines,Asia,1977,PHL,44367917,3524,61.4308,19.58134373,20.44135832,NA,9.898751,NA,0.078
Philippines,Asia,1978,PHL,45575251,3606,61.5312,19.71821639,20.51927225,NA,7.334526,NA,0.156
Philippines,Asia,1979,PHL,46807057,3703,61.7273,19.85382738,20.59648322,NA,17.533333,NA,0.167
Philippines,Asia,1980,PHL,48043692,3787,61.8844,19.98802963,20.67290449,NA,18.20051,NA,0.167
Philippines,Asia,1981,PHL,49311673,3819,61.9424,20.12858224,20.75316672,NA,13.082599,NA,0.173
Philippines,Asia,1982,PHL,50695663,3859,62.1749,20.27450784,20.83681484,NA,10.221727,NA,0.176
Philippines,Asia,1983,PHL,52194577,3837,62.3486,20.42472549,20.92318947,NA,10.029357,NA,0.179
Philippines,Asia,1984,PHL,53726136,3469,62.4256,20.57844472,21.01134092,NA,50.338974,NA,0.18
Philippines,Asia,1985,PHL,55212957,3135,62.7353,20.73475946,21.09991159,NA,23.103107,19.71,0.184
Philippines,Asia,1986,PHL,56645026,3161,62.8746,20.89341985,21.18848471,NA,1.1481378,NA,0.236
Philippines,Asia,1987,PHL,58157444,3218,63.2987,21.05234177,21.27645425,NA,4.0697675,NA,0.437
Philippines,Asia,1988,PHL,59739014,3355,63.7108,21.21057212,21.3636498,NA,13.860069,19.26,0.562
Philippines,Asia,1989,PHL,61265204,3481,64.1054,21.36695308,21.44926551,NA,12.2429905,NA,0.562
Philippines,Asia,1990,PHL,62854613,3502,64.3825,21.51983913,21.5338937,NA,12.177352,NA,0.579
Philippines,Asia,1991,PHL,64382194,3432.5828,64.6224,21.65907805,21.61035912,3.77,19.26146,21.59,0.579
Philippines,Asia,1992,PHL,65926081,3399.2427,65.353,21.78577769,21.68001429,3.882,8.651004,NA,0.558
Philippines,Asia,1993,PHL,67530570,3427.1294,65.6614,21.90146944,21.74473966,3.897,6.716311,NA,0.551
Philippines,Asia,1994,PHL,69019243,3529.0073,65.9998,22.00672713,21.80561121,3.796,10.386474,19.68,0.551
Philippines,Asia,1995,PHL,70546206,3637.6255,66.311,22.10330292,21.86315385,3.71,6.831996,NA,0.556
Philippines,Asia,1996,PHL,72190194,3790.7788,66.691,22.19175556,21.91812082,3.637,7.476104,NA,0.559
Philippines,Asia,1997,PHL,73908766,3928.0144,66.9939,22.27390046,21.97024356,3.618,5.5902596,26.26,0.559
Philippines,Asia,1998,PHL,75790983,3852.6328,67.2122,22.35077747,22.01993732,3.712,9.234934,NA,0.589
Philippines,Asia,1999,PHL,77753214,3917.0886,67.5027,22.4234608,22.06797361,3.758,5.9390492,NA,0.581
Philippines,Asia,2000,PHL,79625353,4033.5608,67.7892,22.49240924,22.11456888,3.77,3.977125,22.470001,0.588
Philippines,Asia,2001,PHL,81401443,4090.2183,67.8286,22.55757823,22.16012516,3.698,5.345502,NA,0.547
Philippines,Asia,2002,PHL,83068839,4181.376,67.886,22.62012087,22.20532454,3.615,2.7227724,NA,0.535
Philippines,Asia,2003,PHL,84731786,4333.214,68.0491,22.67979773,22.25009052,3.527,2.2891567,18.029999,0.534
Philippines,Asia,2004,PHL,86394464,4562.5024,68.3007,22.73819205,22.29411637,3.554,4.8292108,NA,0.493
Philippines,Asia,2005,PHL,88015905,4721.0005,68.4231,22.7962196,22.33845936,3.795,6.516854,NA,0.47
Philippines,Asia,2006,PHL,89508940,4908.6167,68.1723,22.85550467,22.38312673,4.052,5.485232,18.4,0.47
Philippines,Asia,2007,PHL,91075139,5172.662,68.549,22.91692959,22.42822353,3.434,2.9,NA,0.468
Philippines,Asia,2008,PHL,92699045,5328.6826,68.6432,22.98100488,22.47368892,3.72,8.2604475,NA,0.466
Philippines,Asia,2009,PHL,94384204,5338.306,68.6311,23.04840597,22.519661,3.858,4.2190304,17.61,0.467
Philippines,Asia,2010,PHL,96337064,5694.047,68.8833,23.1190758,22.56639611,3.605,3.7898364,NA,0.529
Philippines,Asia,2011,PHL,98248571,5851,69.0963,23.19382727,22.61619835,3.592,4.718417,NA,0.553
Philippines,Asia,2012,PHL,100175459,6155.8296,69.2375,23.27194883,22.66888155,3.504,3.026964,18.119999,0.553
Philippines,Asia,2013,PHL,102076299,6465.518,69.2828,23.35231626,22.72360831,3.497,2.5826876,NA,0.551
Philippines,Asia,2014,PHL,103767082,6760.7627,69.3106,23.43492605,22.78043703,3.6,3.5978234,NA,0.55
Philippines,Asia,2015,PHL,105312935,7070.4756,69.4501,23.51832443,22.83917654,3.068,0.67419255,17.23,0.549
Philippines,Asia,2016,PHL,106735664,7463.518,69.4896,23.60315367,22.89963784,2.695,1.2536988,NA,0.52
Philippines,Asia,2017,PHL,108119646,7865.815,69.9661,NA,NA,2.552,2.8531878,NA,0.508
Philippines,Asia,2018,PHL,109465234,8234.928,69.7615,NA,NA,2.338,5.3093467,17.45,0.482
Philippines,Asia,2019,PHL,110804629,8602.1455,69.6804,NA,NA,2.237,2.3920653,NA,0.45
Philippines,Asia,2020,PHL,112081229,7624.4136,70.0974,NA,NA,2.522,2.3931625,NA,0.425
Philippines,Asia,2021,PHL,113100906,7894.1777,66.6755,NA,NA,3.398,3.9271803,NA,0.432
Philippines,Asia,2022,PHL,113964291,8370.666,69.4723,NA,NA,2.598,5.821158,16.46,0.43
Philippines,Asia,2023,PHL,114891152,NA,69.8327,NA,NA,2.233,5.978025,16.94,0.434
Poland,Europe,1952,POL,25672408,4018,59.6938,NA,NA,NA,NA,NA,0.172
Poland,Europe,1953,POL,26126408,4173,61.3137,NA,NA,NA,NA,NA,0.169
Poland,Europe,1954,POL,26590425,4328,62.2827,NA,NA,NA,NA,NA,0.169
Poland,Europe,1955,POL,27063591,4454,63.0598,NA,NA,NA,NA,NA,0.169
Poland,Europe,1956,POL,27535533,4565,63.4261,NA,NA,NA,NA,NA,0.17
Poland,Europe,1957,POL,28076445,4721,64.4363,NA,NA,NA,NA,NA,0.196
Poland,Europe,1958,POL,28643594,4873,64.8933,NA,NA,NA,NA,NA,0.197
Poland,Europe,1959,POL,29132483,4935,66.413,NA,NA,NA,NA,NA,0.197
Poland,Europe,1960,POL,29575921,5125,67.0803,NA,NA,NA,NA,NA,0.197
Poland,Europe,1961,POL,29979640,5461,67.7976,NA,NA,NA,NA,NA,0.19
Poland,Europe,1962,POL,30338047,5325,68.0397,NA,NA,NA,NA,NA,0.187
Poland,Europe,1963,POL,30673979,5582,68.3219,NA,NA,NA,NA,NA,0.187
Poland,Europe,1964,POL,30993091,5773,68.9427,NA,NA,NA,NA,NA,0.187
Poland,Europe,1965,POL,31288294,6036,69.3849,NA,NA,NA,NA,NA,0.186
Poland,Europe,1966,POL,31568226,6362,69.6559,NA,NA,NA,NA,NA,0.187
Poland,Europe,1967,POL,31828583,6540,69.902,NA,NA,NA,NA,NA,0.187
Poland,Europe,1968,POL,32078343,6881,69.8421,NA,NA,NA,NA,NA,0.187
Poland,Europe,1969,POL,32322735,6760,69.8397,NA,NA,NA,NA,NA,0.186
Poland,Europe,1970,POL,32542584,7058,69.5572,NA,NA,NA,NA,NA,0.185
Poland,Europe,1971,POL,32771253,7503,69.8261,NA,NA,NA,1.1,NA,0.188
Poland,Europe,1972,POL,33041937,7986,70.1409,NA,NA,NA,-0.09891197,NA,0.191
Poland,Europe,1973,POL,33333233,8512,70.6986,NA,NA,NA,2.4752476,NA,0.191
Poland,Europe,1974,POL,33642419,8928,70.6625,NA,NA,NA,7.05314,NA,0.191
Poland,Europe,1975,POL,33964338,9258,70.6308,25.14353219,24.64667128,NA,2.2563176,NA,0.191
Poland,Europe,1976,POL,34296560,9397,70.403,25.17202787,24.70034347,NA,4.4130626,NA,0.186
Poland,Europe,1977,POL,34628466,9483,70.3284,25.19950539,24.75394773,NA,4.9027896,NA,0.185
Poland,Europe,1978,POL,34934169,9741,70.3784,25.22595783,24.8073855,NA,8.101266,NA,0.185
Poland,Europe,1979,POL,35248333,9471,70.249,25.25127872,24.85956763,NA,7.025761,NA,0.185
Poland,Europe,1980,POL,35576466,9149,70.4785,25.27540524,24.91093992,NA,9.6827135,4.24,0.209
Poland,Europe,1981,POL,35900863,8584,70.6086,25.29584956,24.96048598,NA,19.127182,4.24,0.209
Poland,Europe,1982,POL,36233406,8429,70.9149,25.31332515,25.00817562,NA,103.558716,4.24,0.185
Poland,Europe,1983,POL,36573658,8764,70.809,25.32776584,25.05367851,NA,25.53476,4.24,0.185
Poland,Europe,1984,POL,36905743,9006,70.6022,25.33908457,25.09725851,NA,15.400999,4.7400002,0.189
Poland,Europe,1985,POL,37200797,9022,70.531,25.34749083,25.13849969,NA,11.52126,4.18,0.189
Poland,Europe,1986,POL,37452565,9240,70.5536,25.35219203,25.17652778,NA,16.549969,4.18,0.19
Poland,Europe,1987,POL,37665659,9059,70.7694,25.3537645,25.21117706,NA,26.379028,4.31,0.188
Poland,Europe,1988,POL,37817816,9228,70.8229,25.35227068,25.2429252,NA,58.72083,4.16,0.193
Poland,Europe,1989,POL,37938044,9060,70.8161,25.34853674,25.27225183,NA,244.55093,4.4,0.377
Poland,Europe,1990,POL,38055404,8150,70.606,25.34386587,25.30141472,NA,567.8788,5.4,0.742
Poland,Europe,1991,POL,38152898,7625.843,70.653,25.33728898,25.32970891,13.635,76.7695,6.47,0.864
Poland,Europe,1992,POL,38233580,7873.925,70.8996,25.3293559,25.35898491,13.645,46.09856,7.76,0.884
Poland,Europe,1993,POL,38294834,8229.529,71.3445,25.32103102,25.39069446,14.393,36.964165,8.4,0.884
Poland,Europe,1994,POL,38344258,8721.827,71.6825,25.31352548,25.42572767,14.825,32.991276,9.92,0.89
Poland,Europe,1995,POL,38364630,9408.274,71.9588,25.30841944,25.46509031,13.695,27.95139,11.8,0.888
Poland,Europe,1996,POL,38359111,10066.171,72.2531,25.30745819,25.51038303,12.684,19.794968,8.96,0.881
Poland,Europe,1997,POL,38348255,10811.274,72.5915,25.31141949,25.56174016,10.964,14.913158,9.74,0.869
Poland,Europe,1998,POL,38326383,11413.256,72.8465,25.3217496,25.6215094,9.935,11.597856,10.87,0.878
Poland,Europe,1999,POL,38287663,12058.42,73.2237,25.33792485,25.68942842,12.29,7.1540728,10.66,0.878
Poland,Europe,2000,POL,38258025,12732.167,73.6453,25.36050697,25.76527535,16.314,9.900175,10.51,0.878
Poland,Europe,2001,POL,38247309,13017.584,74.1771,25.38905673,25.84817991,18.373,5.4083357,10.08,0.878
Poland,Europe,2002,POL,38229357,13415.571,74.5183,25.42332822,25.93751201,19.895,1.9052821,10.59,0.879
Poland,Europe,2003,POL,38203476,14035.637,74.7716,25.46286292,26.03283043,19.37,0.68270135,10.37,0.879
Poland,Europe,2004,POL,38167521,14906.094,74.9434,25.5070518,26.1340667,19.074,3.3826468,13.47,0.879
Poland,Europe,2005,POL,38124333,15580.937,75.127,25.55482958,26.240413620000002,17.746,2.1837988,14.589999,0.881
Poland,Europe,2006,POL,38071124,16711.447,75.2504,25.60537102,26.35115321,13.841,1.284694,16.45,0.875
Poland,Europe,2007,POL,38020368,18067.428,75.4143,25.65773905,26.46585731,9.602,2.458743,17.23,0.873
Poland,Europe,2008,POL,37995854,19011.547,75.5829,25.7109493,26.58334096,7.118,4.164972,15.860001,0.895
Poland,Europe,2009,POL,38002108,19718.465,75.9063,25.76402479,26.70300778,8.167,3.7953925,14.440001,0.895
Poland,Europe,2010,POL,38095304,20608.693,76.2823,25.81641855,26.82470962,9.637,2.5806937,13.9,0.894
Poland,Europe,2011,POL,38208597,21837,76.5683,25.86939749,26.94977305,9.632,4.2394013,13.75,0.894
Poland,Europe,2012,POL,38247820,22169.826,76.7748,25.92334579,27.07864232,10.088,3.5603714,13.9,0.894
Poland,Europe,2013,POL,38259214,22378.305,77.0758,25.97844855,27.21243672,10.326,0.9919826,13.53,0.891
Poland,Europe,2014,POL,38265064,23247.818,77.312,26.03467116,27.35120724,8.99,0.053821314,14.200001,0.884
Poland,Europe,2015,POL,38266267,24285.14,77.5894,26.091764,27.49402668,7.501,-0.8741259,14.669999,0.875
Poland,Europe,2016,POL,38263203,25020.621,77.6395,26.15003733,27.63955019,6.161,-0.6647673,14.35,0.727
Poland,Europe,2017,POL,38254908,26310.113,77.7155,NA,NA,4.888,2.0759356,14.18,0.697
Poland,Europe,2018,POL,38241017,27880.836,77.6232,NA,NA,3.846,1.8129516,16.240002,0.697
Poland,Europe,2019,POL,38225836,29142.023,77.9213,NA,NA,3.277,2.2274787,NA,0.681
Poland,Europe,2020,POL,38170958,28577.14,76.5951,NA,NA,3.162,3.3744698,NA,0.614
Poland,Europe,2021,POL,38040252,30687.662,75.6387,NA,NA,3.363,5.055027,NA,0.584
Poland,Europe,2022,POL,38385689,32468.402,77.9229,NA,NA,2.886,14.429451,16.42,0.576
Poland,Europe,2023,POL,38762796,NA,78.6329,NA,NA,2.905,11.528913,15.469999,0.59
Portugal,Europe,1952,PRT,8523376,3445,59.7605,NA,NA,NA,NA,NA,0.12
Portugal,Europe,1953,PRT,8572691,3663,61.0752,NA,NA,NA,NA,NA,0.121
Portugal,Europe,1954,PRT,8616923,3814,62.197,NA,NA,NA,NA,NA,0.12
Portugal,Europe,1955,PRT,8662840,3945,61.4054,NA,NA,NA,NA,NA,0.12
Portugal,Europe,1956,PRT,8704015,4087,61.1668,NA,NA,NA,NA,NA,0.12
Portugal,Europe,1957,PRT,8743227,4238,61.3913,NA,NA,NA,NA,NA,0.121
Portugal,Europe,1958,PRT,8792724,4259,63.7239,NA,NA,NA,NA,NA,0.122
Portugal,Europe,1959,PRT,8840329,4454,62.9171,NA,NA,NA,NA,NA,0.121
Portugal,Europe,1960,PRT,8873185,4712,64.148,NA,NA,NA,3.0465927,NA,0.128
Portugal,Europe,1961,PRT,8888342,4972,62.8049,NA,NA,NA,1.5489969,NA,0.129
Portugal,Europe,1962,PRT,8895723,5308,64.3158,NA,NA,NA,2.662064,NA,0.127
Portugal,Europe,1963,PRT,8898249,5585,64.9267,NA,NA,NA,2.0215828,NA,0.127
Portugal,Europe,1964,PRT,8895708,5926,65.1252,NA,NA,NA,3.4448984,NA,0.127
Portugal,Europe,1965,PRT,8889574,6363,66.0946,NA,NA,NA,3.4249277,NA,0.127
Portugal,Europe,1966,PRT,8872426,6637,65.609,NA,NA,NA,5.039267,NA,0.118
Portugal,Europe,1967,PRT,8845789,7143,66.4635,NA,NA,NA,5.526476,NA,0.118
Portugal,Europe,1968,PRT,8809653,7767,66.8153,NA,NA,NA,6.081362,NA,0.12
Portugal,Europe,1969,PRT,8754189,7949,66.3943,NA,NA,NA,8.782771,NA,0.128
Portugal,Europe,1970,PRT,8669469,8724,67.0549,NA,NA,NA,6.3801446,NA,0.146
Portugal,Europe,1971,PRT,8685535,9358,66.8477,NA,NA,NA,11.946898,NA,0.146
Portugal,Europe,1972,PRT,8815539,10130,69.1574,NA,NA,NA,10.663356,NA,0.147
Portugal,Europe,1973,PRT,8939180,11258,68.6011,NA,NA,NA,12.974608,NA,0.151
Portugal,Europe,1974,PRT,9059119,11234,69.1206,NA,NA,NA,25.082777,NA,0.229
Portugal,Europe,1975,PRT,9182259,10388,68.843,24.41236558,23.68519248,NA,15.271686,NA,0.309
Portugal,Europe,1976,PRT,9310218,10861,69.1006,24.45201448,23.76045094,NA,21.141905,NA,0.515
Portugal,Europe,1977,PRT,9438127,11422,70.3425,24.49123764,23.83536895,NA,31.016748,NA,0.743
Portugal,Europe,1978,PRT,9556347,11700,70.7953,24.5299897,23.91103696,NA,21.038773,NA,0.746
Portugal,Europe,1979,PRT,9663252,12326,71.6056,24.56862556,23.98790151,NA,21.899225,NA,0.752
Portugal,Europe,1980,PRT,9763572,12822,71.6633,24.60789771,24.06498165,NA,15.86748,6.78,0.841
Portugal,Europe,1981,PRT,9837551,12934,71.89,24.64853002,24.14335826,NA,19.040411,6.68,0.846
Portugal,Europe,1982,PRT,9885797,13198,72.6984,24.69061928,24.22297822,NA,21.679283,6.77,0.846
Portugal,Europe,1983,PRT,9925205,13158,72.6539,24.73400794,24.30322441,NA,24.002762,6.91,0.859
Portugal,Europe,1984,PRT,9956841,12894,72.9342,24.77841395,24.38346545,NA,28.38464,7.0699997,0.865
Portugal,Europe,1985,PRT,9979431,13240,73.2157,24.82318682,24.46388777,NA,19.46141,7.3700004,0.865
Portugal,Europe,1986,PRT,9993048,13774,73.6474,24.86845574,24.54445049,NA,12.331333,7.6899996,0.86
Portugal,Europe,1987,PRT,10001937,14641,74.0634,24.91389426,24.62457143,NA,9.634831,7.9000006,0.866
Portugal,Europe,1988,PRT,10004538,15729,74.0861,24.95959243,24.70554798,NA,10.101632,8.1,0.873
Portugal,Europe,1989,PRT,10001339,16533,74.6653,25.00551701,24.78738397,NA,12.686304,8.32,0.873
Portugal,Europe,1990,PRT,9989475,17256,74.3043,25.05168079,24.86986365,NA,13.63057,8.89,0.873
Portugal,Europe,1991,PRT,9969142,17949.809,74.2406,25.09894874,24.95308851,3.919,11.849484,9.07,0.863
Portugal,Europe,1992,PRT,9960299,18598.527,74.8705,25.14709776,25.03812819,3.985,9.55926,9.17,0.863
Portugal,Europe,1993,PRT,9972293,18519.934,74.7615,25.19545304,25.12606491,5.301,6.78378,9.610001,0.863
Portugal,Europe,1994,PRT,9998435,18819.027,75.7296,25.24348293,25.2169254,6.709,5.42044,9.67,0.863
Portugal,Europe,1995,PRT,10031702,19262.031,75.5498,25.29153906,25.31148462,7.064,4.222816,9.87,0.865
Portugal,Europe,1996,PRT,10067607,19939.31,75.4758,25.33921978,25.40971801,7.298,3.0689774,9.67,0.871
Portugal,Europe,1997,PRT,10110494,20810.178,75.9221,25.3843668,25.50920394,6.571,2.336863,10.11,0.871
Portugal,Europe,1998,PRT,10159472,21782.12,76.1161,25.42669423,25.60917854,4.64,2.5727522,10.28,0.871
Portugal,Europe,1999,PRT,10214832,22589.922,76.3218,25.46524923,25.70813991,4.579,2.3400948,10.8,0.87
Portugal,Europe,2000,PRT,10283150,23372.041,76.8301,25.49985441,25.80460553,3.806,2.8530304,10.46,0.869
Portugal,Europe,2001,PRT,10354271,23751.371,77.1517,25.52922579,25.89810138,3.829,4.369903,11.17,0.877
Portugal,Europe,2002,PRT,10412991,23896.459,77.3698,25.55314558,25.98663598,4.497,3.6003466,10.320001,0.878
Portugal,Europe,2003,PRT,10454189,23677.52,77.5828,25.57121445,26.06887041,6.132,3.2189908,10.320001,0.877
Portugal,Europe,2004,PRT,10481336,24142.766,78.4274,25.58315723,26.14279074,6.319,2.365362,10.89,0.877
Portugal,Europe,2005,PRT,10502943,24377.95,78.3169,25.58923529,26.20563835,7.582,2.277164,10.43,0.89
Portugal,Europe,2006,PRT,10524070,24809.04,79.0894,25.58905128,26.25767314,7.649,3.1076655,10.52,0.893
Portugal,Europe,2007,PRT,10546768,25477.205,79.3087,25.58333727,26.29788142,7.966,2.4539652,11.110001,0.893
Portugal,Europe,2008,PRT,10564037,25590.88,79.6026,25.57182641,26.32600301,7.553,2.5885065,9.74,0.894
Portugal,Europe,2009,PRT,10576213,24902.457,79.8295,25.55399766,26.34188794,9.432,-0.83553004,9.68,0.895
Portugal,Europe,2010,PRT,10578605,25463.164,80.1149,25.52945239,26.34675005,10.771,1.4025729,10.059999,0.898
Portugal,Europe,2011,PRT,10556994,25133,80.5822,25.49918938,26.34225013,12.682,3.653011,11.21,0.888
Portugal,Europe,2012,PRT,10513092,24211.438,80.5549,25.46452228,26.33151847,15.531,2.7733386,10.14,0.887
Portugal,Europe,2013,PRT,10458238,24119.96,80.9029,25.42670157,26.3176553,16.188,0.27441666,10.58,0.887
Portugal,Europe,2014,PRT,10406148,24442.387,81.3135,25.38638038,26.30293376,13.897,-0.27815336,10.76,0.887
Portugal,Europe,2015,PRT,10370222,24983.701,81.3213,25.3448261,26.2877195,12.447,0.4879386,10.84,0.887
Portugal,Europe,2016,PRT,10346328,25568.695,81.3636,25.30196049,26.27238812,11.068,0.6073971,11.03,0.887
Portugal,Europe,2017,PRT,10330784,26529.986,81.6605,NA,NA,8.869,1.3686141,11.860001,0.899
Portugal,Europe,2018,PRT,10325307,27329.69,81.5915,NA,NA,6.994,0.9937157,NA,0.899
Portugal,Europe,2019,PRT,10343168,28056.057,81.9587,NA,NA,6.464,0.3381784,NA,0.885
Portugal,Europe,2020,PRT,10370463,25700.283,81.3664,NA,NA,6.796,-0.01243833,NA,0.884
Portugal,Europe,2021,PRT,10390906,27138.479,81.3978,NA,NA,6.577,1.2656572,NA,0.887
Portugal,Europe,2022,PRT,10417030,28992.059,81.1936,NA,NA,6.011,7.832691,9.39,0.844
Portugal,Europe,2023,PRT,10430680,NA,82.3599,NA,NA,6.491,4.3112817,9.74,0.851
Puerto Rico,Americas,1952,PRI,2263619,3730,61.7906,NA,NA,NA,NA,NA,NA
Puerto Rico,Americas,1953,PRI,2277833,3937,64.4748,NA,NA,NA,NA,NA,NA
Puerto Rico,Americas,1954,PRI,2291073,4081,65.596,NA,NA,NA,NA,NA,NA
Puerto Rico,Americas,1955,PRI,2303439,4221,66.2747,NA,NA,NA,NA,NA,NA
Puerto Rico,Americas,1956,PRI,2314849,4525,66.3697,NA,NA,NA,NA,NA,NA
Puerto Rico,Americas,1957,PRI,2324690,4729,67.1085,NA,NA,NA,NA,NA,NA
Puerto Rico,Americas,1958,PRI,2333163,4784,67.2417,NA,NA,NA,NA,NA,NA
Puerto Rico,Americas,1959,PRI,2342023,5161,68.0662,NA,NA,NA,NA,NA,NA
Puerto Rico,Americas,1960,PRI,2363867,5451,68.6272,NA,NA,NA,NA,NA,NA
Puerto Rico,Americas,1961,PRI,2401129,5859,68.5277,NA,NA,NA,NA,NA,NA
Puerto Rico,Americas,1962,PRI,2441206,6183,68.8632,NA,NA,NA,NA,NA,NA
Puerto Rico,Americas,1963,PRI,2480526,6693,68.7265,NA,NA,NA,NA,NA,NA
Puerto Rico,Americas,1964,PRI,2518993,7012,68.2417,NA,NA,NA,NA,NA,NA
Puerto Rico,Americas,1965,PRI,2556604,7519,69.2892,NA,NA,NA,NA,NA,NA
Puerto Rico,Americas,1966,PRI,2593801,7957,70.223,NA,NA,NA,NA,NA,NA
Puerto Rico,Americas,1967,PRI,2630463,8388,70.6987,NA,NA,NA,NA,NA,NA
Puerto Rico,Americas,1968,PRI,2665737,8705,70.566,NA,NA,NA,NA,NA,NA
Puerto Rico,Americas,1969,PRI,2698376,9306,70.5107,NA,NA,NA,NA,NA,NA
Puerto Rico,Americas,1970,PRI,2734378,10117,70.3515,NA,NA,NA,NA,NA,NA
Puerto Rico,Americas,1971,PRI,2777930,10587,71.084,NA,NA,NA,NA,NA,NA
Puerto Rico,Americas,1972,PRI,2824318,11046,70.813,NA,NA,NA,NA,NA,NA
Puerto Rico,Americas,1973,PRI,2871077,11639,70.9492,NA,NA,NA,NA,NA,NA
Puerto Rico,Americas,1974,PRI,2918139,11552,71.3236,NA,NA,NA,NA,NA,NA
Puerto Rico,Americas,1975,PRI,2966060,11073,71.9634,24.22924745,24.38029275,NA,NA,NA,NA
Puerto Rico,Americas,1976,PRI,3014920,11308,72.0802,24.36705283,24.48605514,NA,NA,NA,NA
Puerto Rico,Americas,1977,PRI,3064399,11832,72.4013,24.50216333,24.5905581,NA,NA,NA,NA
Puerto Rico,Americas,1978,PRI,3114102,12463,72.5279,24.63463424,24.69408705,NA,NA,NA,NA
Puerto Rico,Americas,1979,PRI,3164976,13012,72.7183,24.76513374,24.79742277,NA,NA,NA,NA
Puerto Rico,Americas,1980,PRI,3213630,13040,73.1014,24.89434773,24.90052572,NA,NA,23.75,NA
Puerto Rico,Americas,1981,PRI,3256516,13061,72.9813,25.04559241,25.01929169,NA,NA,23.64,NA
Puerto Rico,Americas,1982,PRI,3295874,12511,72.9494,25.21548598,25.15100124,NA,NA,23.53,NA
Puerto Rico,Americas,1983,PRI,3332594,12428,73.3748,25.40029115,25.29405577,NA,NA,23.42,NA
Puerto Rico,Americas,1984,PRI,3367143,13201,73.4271,25.59662824,25.44635733,NA,NA,23.31,NA
Puerto Rico,Americas,1985,PRI,3399269,13345,72.6333,25.80160865,25.60611791,NA,NA,23.19,NA
Puerto Rico,Americas,1986,PRI,3428728,14304,73.2715,25.99757164,25.76162051,NA,NA,23.07,NA
Puerto Rico,Americas,1987,PRI,3457093,14870,73.4021,26.18405457,25.91249109,NA,NA,22.949999,NA
Puerto Rico,Americas,1988,PRI,3485015,15701,73.1528,26.36128415,26.05901257,NA,NA,22.83,NA
Puerto Rico,Americas,1989,PRI,3511949,16332,72.4793,26.5292924,26.20061115,NA,NA,22.71,NA
Puerto Rico,Americas,1990,PRI,3540994,16799,72.8274,26.68812905,26.33662452,NA,NA,22.58,NA
Puerto Rico,Americas,1991,PRI,3573617,17332.18,73.8766,26.82512962,26.45830804,16.18,NA,22.57,NA
Puerto Rico,Americas,1992,PRI,3606342,18290.732,73.387200000000007,26.9446489,26.56836052,16.93,NA,22.550001,NA
Puerto Rico,Americas,1993,PRI,3637164,19278.627,73.309,27.04958793,26.67006475,16.91,NA,22.54,NA
Puerto Rico,Americas,1994,PRI,3666034,20213.115,73.6218,27.14338133,26.76587533,14.6,NA,22.53,NA
Puerto Rico,Americas,1995,PRI,3693536,21267.377,73.5707,27.22979315,26.85709943,13.93,NA,22.52,NA
Puerto Rico,Americas,1996,PRI,3719905,21856.018,73.9948,27.31129261,26.9454761,13.64,NA,22.51,NA
Puerto Rico,Americas,1997,PRI,3745534,23069.027,74.6738,27.38947119,27.03152979,13.8,NA,22.5,NA
Puerto Rico,Americas,1998,PRI,3770520,24586.223,74.5557,27.46538872,27.11566491,13.46,NA,22.490002,NA
Puerto Rico,Americas,1999,PRI,3794434,26186.299,75.2783,27.54028954,27.19881183,11.81,NA,22.480001,NA
Puerto Rico,Americas,2000,PRI,3809813,27392.459,75.5141,27.6137867,27.28169222,10.08,NA,22.470001,NA
Puerto Rico,Americas,2001,PRI,3812964,29517.049,75.9715,27.6845899,27.36360994,11.4,NA,22.310001,NA
Puerto Rico,Americas,2002,PRI,3810656,30218.014,76.8192,27.7527098,27.44395488,11.94,NA,22.16,NA
Puerto Rico,Americas,2003,PRI,3806003,30688.102,76.9406,27.81863917,27.52264003,11.78,NA,22.02,NA
Puerto Rico,Americas,2004,PRI,3798608,32110.838,76.9129,27.88293207,27.5996615,10.31,NA,21.89,NA
Puerto Rico,Americas,2005,PRI,3788359,32013.541,76.7028,27.94587588,27.67510768,11.35,NA,21.76,NA
Puerto Rico,Americas,2006,PRI,3776169,32195.16,77.5612,28.00813223,27.74928919,11.01,NA,21.64,NA
Puerto Rico,Americas,2007,PRI,3763039,32511.115,77.6595,28.07029513,27.82264795,10.93,NA,21.529999,NA
Puerto Rico,Americas,2008,PRI,3749079,32604.09,78.1105,28.132973,27.89557656,11.48,NA,21.42,NA
Puerto Rico,Americas,2009,PRI,3734961,32648.104,78.3772,28.19627643,27.96790733,15,NA,21.31,NA
Puerto Rico,Americas,2010,PRI,3714784,33195.44,78.7174,28.26086077,28.0399887,16.1,NA,21.21,NA
Puerto Rico,Americas,2011,PRI,3683652,33981,78.7656,28.32711706,28.11224211,15.7,NA,21.199999,NA
Puerto Rico,Americas,2012,PRI,3646361,34395,79.2584,28.39454218,28.18400162,14.5,NA,21.199999,NA
Puerto Rico,Americas,2013,PRI,3606729,34736,80.3181,28.46315473,28.25524965,14.3,NA,21.199999,NA
Puerto Rico,Americas,2014,PRI,3565314,34787,80.0391,28.53244061,28.32617239,13.9,NA,21.199999,NA
Puerto Rico,Americas,2015,PRI,3521769,35384,80.6775,28.60202137,28.39770066,12,NA,21.189999,NA
Puerto Rico,Americas,2016,PRI,3475952,35594.523,80.3547,28.67183508,28.46981257,11.8,NA,21.189999,NA
Puerto Rico,Americas,2017,PRI,3371836,35248.4,79.07,NA,NA,10.8,NA,21.189999,NA
Puerto Rico,Americas,2018,PRI,3290016,34190.11,81.0859,NA,NA,9.2,NA,21.18,NA
Puerto Rico,Americas,2019,PRI,3287976,35041.33,81.4383,NA,NA,8.3,NA,21.18,NA
Puerto Rico,Americas,2020,PRI,3275743,33787.4,80.009,NA,NA,8.89,NA,21.199999,NA
Puerto Rico,Americas,2021,PRI,3253158,34095.492,79.7698,NA,NA,7.9,NA,21.199999,NA
Puerto Rico,Americas,2022,PRI,3240923,35280.668,79.4269,NA,NA,6,NA,21.199999,NA
Puerto Rico,Americas,2023,PRI,3241974,NA,81.6902,NA,NA,5.962,NA,21.199999,NA
Reunion,Africa,1952,REU,268145,NA,50.1082,NA,NA,NA,NA,NA,NA
Reunion,Africa,1953,REU,278266,NA,51.465,NA,NA,NA,NA,NA,NA
Reunion,Africa,1954,REU,289094,NA,52.9912,NA,NA,NA,NA,NA,NA
Reunion,Africa,1955,REU,300393,NA,54.0873,NA,NA,NA,NA,NA,NA
Reunion,Africa,1956,REU,311556,NA,54.8808,NA,NA,NA,NA,NA,NA
Reunion,Africa,1957,REU,323195,NA,54.8979,NA,NA,NA,NA,NA,NA
Reunion,Africa,1958,REU,335026,NA,55.2932,NA,NA,NA,NA,NA,NA
Reunion,Africa,1959,REU,347010,NA,56.1752,NA,NA,NA,NA,NA,NA
Reunion,Africa,1960,REU,359510,NA,57.6616,NA,NA,NA,NA,NA,NA
Reunion,Africa,1961,REU,372030,NA,58.7577,NA,NA,NA,NA,NA,NA
Reunion,Africa,1962,REU,383811,NA,59.3943,NA,NA,NA,NA,NA,NA
Reunion,Africa,1963,REU,395291,NA,59.8361,NA,NA,NA,NA,NA,NA
Reunion,Africa,1964,REU,407132,NA,60.3128,NA,NA,NA,NA,NA,NA
Reunion,Africa,1965,REU,418670,NA,60.9744,NA,NA,NA,NA,NA,NA
Reunion,Africa,1966,REU,429695,NA,61.4345,NA,NA,NA,NA,NA,NA
Reunion,Africa,1967,REU,440277,NA,62.0885,NA,NA,NA,NA,NA,NA
Reunion,Africa,1968,REU,450340,NA,62.3951,NA,NA,NA,NA,NA,NA
Reunion,Africa,1969,REU,460025,NA,62.8516,NA,NA,NA,NA,NA,NA
Reunion,Africa,1970,REU,469043,NA,63.2043,NA,NA,NA,NA,NA,NA
Reunion,Africa,1971,REU,477552,NA,63.7286,NA,NA,NA,NA,NA,NA
Reunion,Africa,1972,REU,485999,NA,64.2451,NA,NA,NA,NA,NA,NA
Reunion,Africa,1973,REU,494432,NA,64.7737,NA,NA,NA,NA,NA,NA
Reunion,Africa,1974,REU,502784,NA,65.3542,NA,NA,NA,NA,NA,NA
Reunion,Africa,1975,REU,511264,NA,66.0194,NA,NA,NA,NA,NA,NA
Reunion,Africa,1976,REU,519889,NA,66.6982,NA,NA,NA,NA,NA,NA
Reunion,Africa,1977,REU,528529,NA,67.4099,NA,NA,NA,NA,NA,NA
Reunion,Africa,1978,REU,537044,NA,68.1077,NA,NA,NA,NA,NA,NA
Reunion,Africa,1979,REU,545331,NA,68.8194,NA,NA,NA,NA,NA,NA
Reunion,Africa,1980,REU,553097,NA,69.3718,NA,NA,NA,NA,NA,NA
Reunion,Africa,1981,REU,560929,NA,70.2304,NA,NA,NA,NA,NA,NA
Reunion,Africa,1982,REU,569585,NA,70.9633,NA,NA,NA,NA,NA,NA
Reunion,Africa,1983,REU,579195,NA,71.571,NA,NA,NA,NA,NA,NA
Reunion,Africa,1984,REU,589649,NA,72.1823,NA,NA,NA,NA,NA,NA
Reunion,Africa,1985,REU,600375,NA,72.5814,NA,NA,NA,NA,NA,NA
Reunion,Africa,1986,REU,610845,NA,73.0093,NA,NA,NA,NA,NA,NA
Reunion,Africa,1987,REU,621060,NA,73.2526,NA,NA,NA,NA,NA,NA
Reunion,Africa,1988,REU,631207,NA,73.6227,NA,NA,NA,NA,NA,NA
Reunion,Africa,1989,REU,641435,NA,73.8573,NA,NA,NA,NA,NA,NA
Reunion,Africa,1990,REU,652520,NA,74.1895,NA,NA,NA,NA,NA,NA
Reunion,Africa,1991,REU,664414,NA,74.4728,NA,NA,NA,NA,NA,NA
Reunion,Africa,1992,REU,676375,NA,74.7866,NA,NA,NA,NA,NA,NA
Reunion,Africa,1993,REU,688048,NA,75.0373,NA,NA,NA,NA,NA,NA
Reunion,Africa,1994,REU,699325,NA,75.409,NA,NA,NA,NA,NA,NA
Reunion,Africa,1995,REU,710420,NA,75.7109,NA,NA,NA,NA,NA,NA
Reunion,Africa,1996,REU,721410,NA,76.0275,NA,NA,NA,NA,NA,NA
Reunion,Africa,1997,REU,732663,NA,76.3375,NA,NA,NA,NA,NA,NA
Reunion,Africa,1998,REU,744022,NA,76.621,NA,NA,NA,NA,NA,NA
Reunion,Africa,1999,REU,754063,NA,76.8402,NA,NA,NA,NA,NA,NA
Reunion,Africa,2000,REU,763098,NA,77.0091,NA,NA,NA,NA,NA,NA
Reunion,Africa,2001,REU,772194,NA,77.145,NA,NA,NA,NA,NA,NA
Reunion,Africa,2002,REU,781251,NA,77.3519,NA,NA,NA,NA,NA,NA
Reunion,Africa,2003,REU,790521,NA,77.5633,NA,NA,NA,NA,NA,NA
Reunion,Africa,2004,REU,796956,NA,77.7493,NA,NA,NA,NA,NA,NA
Reunion,Africa,2005,REU,800176,NA,77.9525,NA,NA,NA,NA,NA,NA
Reunion,Africa,2006,REU,806637,NA,78.344,NA,NA,NA,NA,NA,NA
Reunion,Africa,2007,REU,818682,NA,78.9305,NA,NA,NA,NA,NA,NA
Reunion,Africa,2008,REU,830448,NA,79.5018,NA,NA,NA,NA,NA,NA
Reunion,Africa,2009,REU,838410,NA,80.0348,NA,NA,NA,NA,NA,NA
Reunion,Africa,2010,REU,844429,NA,80.474,NA,NA,NA,NA,NA,NA
Reunion,Africa,2011,REU,846749,NA,80.9732,NA,NA,NA,NA,NA,NA
Reunion,Africa,2012,REU,845011,NA,81.3486,NA,NA,NA,NA,NA,NA
Reunion,Africa,2013,REU,847553,NA,81.6204,NA,NA,NA,NA,NA,NA
Reunion,Africa,2014,REU,858625,NA,81.7762,NA,NA,NA,NA,NA,NA
Reunion,Africa,2015,REU,864960,NA,81.9118,NA,NA,NA,NA,NA,NA
Reunion,Africa,2016,REU,862812,NA,82.0281,NA,NA,NA,NA,NA,NA
Reunion,Africa,2017,REU,858713,NA,82.1273,NA,NA,NA,NA,NA,NA
Reunion,Africa,2018,REU,856894,NA,82.198,NA,NA,NA,NA,NA,NA
Reunion,Africa,2019,REU,857291,NA,82.3179,NA,NA,NA,NA,NA,NA
Reunion,Africa,2020,REU,861404,NA,82.5765,NA,NA,NA,NA,NA,NA
Reunion,Africa,2021,REU,868026,NA,81.5003,NA,NA,NA,NA,NA,NA
Reunion,Africa,2022,REU,871486,NA,81.5,NA,NA,NA,NA,NA,NA
Reunion,Africa,2023,REU,874837,NA,83.5472,NA,NA,NA,NA,NA,NA
Romania,Europe,1952,ROU,16846003,2124.8564,61.8284,NA,NA,NA,NA,NA,0.137
Romania,Europe,1953,ROU,17057656,2249.247,62.4742,NA,NA,NA,NA,NA,0.152
Romania,Europe,1954,ROU,17266617,2384.6633,62.9543,NA,NA,NA,NA,NA,0.152
Romania,Europe,1955,ROU,17475222,2515.1223,63.2508,NA,NA,NA,NA,NA,0.152
Romania,Europe,1956,ROU,17691451,2587.6025,63.6347,NA,NA,NA,NA,NA,0.152
Romania,Europe,1957,ROU,17887241,2664.587,63.9918,NA,NA,NA,NA,NA,0.156
Romania,Europe,1958,ROU,18046078,2747.3184,64.406,NA,NA,NA,NA,NA,0.157
Romania,Europe,1959,ROU,18187646,2841.9624,64.9299,NA,NA,NA,NA,NA,0.157
Romania,Europe,1960,ROU,18313450,2938.8025,65.6057,NA,NA,NA,NA,NA,0.157
Romania,Europe,1961,ROU,18422476,3109.8738,66.4153,NA,NA,NA,NA,NA,0.187
Romania,Europe,1962,ROU,18511625,3199.5,67.2084,NA,NA,NA,NA,NA,0.187
Romania,Europe,1963,ROU,18587371,3405.6587,67.8101,NA,NA,NA,NA,NA,0.187
Romania,Europe,1964,ROU,18655350,3599.467,68.3509,NA,NA,NA,NA,NA,0.187
Romania,Europe,1965,ROU,18713016,3803.3682,68.3864,NA,NA,NA,NA,NA,0.188
Romania,Europe,1966,ROU,18776209,4212.6973,68.2341,NA,NA,NA,NA,NA,0.186
Romania,Europe,1967,ROU,18998514,4372.449,68.0765,NA,NA,NA,NA,NA,0.187
Romania,Europe,1968,ROU,19361014,4366.12,67.9482,NA,NA,NA,NA,NA,0.187
Romania,Europe,1969,ROU,19701760,4501.1245,67.236,NA,NA,NA,NA,NA,0.188
Romania,Europe,1970,ROU,20011579,4547.4023,67.9295,NA,NA,NA,NA,NA,0.188
Romania,Europe,1971,ROU,20293435,5134.1865,68.4097,NA,NA,NA,NA,NA,0.188
Romania,Europe,1972,ROU,20555528,5413.418,68.9768,NA,NA,NA,NA,NA,0.188
Romania,Europe,1973,ROU,20798279,5541.7134,68.7008,NA,NA,NA,NA,NA,0.188
Romania,Europe,1974,ROU,21033512,5796.996,69.5175,NA,NA,NA,NA,NA,0.188
Romania,Europe,1975,ROU,21268014,5995.4507,69.5985,23.53171497,23.23197782,NA,NA,NA,0.188
Romania,Europe,1976,ROU,21497631,6243.1465,69.8993,23.60856175,23.29021302,NA,NA,NA,0.188
Romania,Europe,1977,ROU,21700126,6322.24,69.4673,23.68582997,23.34928482,NA,NA,NA,0.188
Romania,Europe,1978,ROU,21868027,6476.1567,69.78,23.76351329,23.40904725,NA,NA,NA,0.188
Romania,Europe,1979,ROU,22019583,6612.0225,69.4605,23.84128343,23.46916651,NA,NA,NA,0.188
Romania,Europe,1980,ROU,22154728,6591.6367,69.2489,23.91892288,23.529558690000002,NA,NA,5.94,0.187
Romania,Europe,1981,ROU,22272743,6514.127,69.5058,23.99677953,23.59036894,NA,NA,5.94,0.187
Romania,Europe,1982,ROU,22374398,6490.4365,69.7992,24.07448488,23.65132987,NA,NA,5.94,0.187
Romania,Europe,1983,ROU,22459163,6418.194,69.8198,24.15162382,23.71243158,NA,NA,5.94,0.187
Romania,Europe,1984,ROU,22533954,6659.454,69.9066,24.22785457,23.7733458,NA,NA,5.94,0.187
Romania,Europe,1985,ROU,22605759,6628.6064,69.4069,24.30275789,23.83309503,NA,NA,5.94,0.187
Romania,Europe,1986,ROU,22674684,6718.445,69.7178,24.37635063,23.89173513,NA,NA,5.94,0.187
Romania,Europe,1987,ROU,22745537,6551.899,69.0527,24.44849344,23.94887952,NA,NA,5.94,0.187
Romania,Europe,1988,ROU,22815389,6511.956,69.3887,24.51881778,24.00449047,NA,NA,5.94,0.187
Romania,Europe,1989,ROU,22887592,6281.1543,69.5461,24.58793018,24.05963521,NA,NA,5.94,0.187
Romania,Europe,1990,ROU,22939481,5596,69.8412,24.65654059,24.11545719,NA,NA,6.02,0.518
Romania,Europe,1991,ROU,22947368,5033.141,70.0455,24.72027152,24.17007657,8.244,230.6225,6.38,0.538
Romania,Europe,1992,ROU,22912341,4818.304,69.5063,24.78041609,24.22486768,8.26,211.20558,6.68,0.552
Romania,Europe,1993,ROU,22842206,5055.917,69.512,24.83843275,24.28215613,8.24,255.16685,7.79,0.563
Romania,Europe,1994,ROU,22756199,5427.071,69.3255,24.89568605,24.34336257,8.17,136.7594,8.83,0.563
Romania,Europe,1995,ROU,22657664,6014.69,69.323,24.95417658,24.40987677,8.01,32.242485,11.76,0.563
Romania,Europe,1996,ROU,22541865,6476.4746,68.8211,25.01336722,24.48195919,6.74,38.8293,12.28,0.575
Romania,Europe,1997,ROU,22411465,6446.418,69.0857,25.07465824,24.56063624,5.515,154.76347,12.540001,0.611
Romania,Europe,1998,ROU,22284853,6407.467,69.8918,25.14000705,24.64858911,5.63,59.096584,11.559999,0.611
Romania,Europe,1999,ROU,22166115,6613.933,70.5814,25.20992985,24.74522004,6.239,45.80378,12.44,0.611
Romania,Europe,2000,ROU,22046211,7089.9463,71.1594,25.28467736,24.85002005,6.969,45.666595,12.549999,0.605
Romania,Europe,2001,ROU,21919873,7860.4434,71.1223,25.36565532,24.96426835,6.562,34.477013,11.41,0.586
Romania,Europe,2002,ROU,21769976,8673.619,70.8348,25.45241308,25.08696391,8.112,22.539886,12.43,0.586
Romania,Europe,2003,ROU,21593390,9369.233,70.8189,25.54466836,25.21710156,6.95,15.273489,14.41,0.607
Romania,Europe,2004,ROU,21403163,10531.172,71.0957,25.64176479,25.35417652,7.719,11.874364,15.05,0.591
Romania,Europe,2005,ROU,21213352,11313.822,71.5808,25.74321653,25.49682322,7.174,9.014913,14.9800005,0.607
Romania,Europe,2006,ROU,21035673,12823.231,72.1693,25.84914275,25.64505816,7.27,6.558514,15.96,0.614
Romania,Europe,2007,ROU,20870655,14418.83,72.7922,25.95877503,25.79766926,6.413,4.8373294,18.82,0.615
Romania,Europe,2008,ROU,20718693,16347.344,73.2158,26.07105061,25.95373252,5.788,7.8508024,16.689999,0.625
Romania,Europe,2009,ROU,20576869,15866.127,73.457,26.18534793,26.11232868,6.859,5.58742,15.940001,0.669
Romania,Europe,2010,ROU,20432524,16377.328,73.5793,26.30076876,26.27322417,6.959,6.091417,14.79,0.681
Romania,Europe,2011,ROU,20281955,17174,74.2877,26.41809925,26.43755855,7.177,5.789253,14.35,0.683
Romania,Europe,2012,ROU,20158399,17580.932,74.314,26.53754335,26.60630341,6.794,3.3349228,16.26,0.674
Romania,Europe,2013,ROU,20062861,17691.443,74.9179,26.65835547,26.78065985,7.096,3.9847124,15.099999,0.667
Romania,Europe,2014,ROU,19968125,18487.26,74.7654,26.78060188,26.95984625,6.802,1.0683099,17.02,0.672
Romania,Europe,2015,ROU,19870968,19162.186,74.7371,26.90366715,27.14276793,6.812,-0.59415644,17.94,0.716
Romania,Europe,2016,ROU,19777001,19825.604,75.0209,27.02751136,27.3277675,5.901,-1.5447967,13.82,0.728
Romania,Europe,2017,ROU,19689357,23003.695,75.0236,NA,NA,4.927,1.3390212,13.31,0.691
Romania,Europe,2018,ROU,19597823,24000.455,75.1033,NA,NA,4.187,4.6254845,13.68,0.689
Romania,Europe,2019,ROU,19501499,23267.516,75.3288,NA,NA,3.912,3.8278544,NA,0.748
Romania,Europe,2020,ROU,19392420,24799.71,74.0464,NA,NA,5.035,2.631073,NA,0.799
Romania,Europe,2021,ROU,19248115,26102.588,72.7405,NA,NA,5.59,5.0523286,NA,0.765
Romania,Europe,2022,ROU,19166726,26197.904,75.2614,NA,NA,5.614,13.795488,13.420001,0.689
Romania,Europe,2023,ROU,19118433,NA,75.9381,NA,NA,5.595,10.397187,14.57,0.674
Rwanda,Africa,1952,RWA,2316463,1071,43.7749,NA,NA,NA,NA,NA,0.016
Rwanda,Africa,1953,RWA,2398314,1090,44.0922,NA,NA,NA,NA,NA,0.016
Rwanda,Africa,1954,RWA,2482091,1127,44.4288,NA,NA,NA,NA,NA,0.016
Rwanda,Africa,1955,RWA,2568256,1138,44.7944,NA,NA,NA,NA,NA,0.047
Rwanda,Africa,1956,RWA,2656768,1156,45.1763,NA,NA,NA,NA,NA,0.051
Rwanda,Africa,1957,RWA,2747831,1173,45.608,NA,NA,NA,NA,NA,0.062
Rwanda,Africa,1958,RWA,2840083,1178,46.0522,NA,NA,NA,NA,NA,0.072
Rwanda,Africa,1959,RWA,2932358,1216,46.5459,NA,NA,NA,NA,NA,0.076
Rwanda,Africa,1960,RWA,3022249,1224,47.0218,NA,NA,NA,NA,NA,0.087
Rwanda,Africa,1961,RWA,3106736,1167,47.4581,NA,NA,NA,NA,NA,0.149
Rwanda,Africa,1962,RWA,3185973,1296,47.802,NA,NA,NA,NA,NA,0.265
Rwanda,Africa,1963,RWA,3258863,1140,43.998,NA,NA,NA,NA,NA,0.255
Rwanda,Africa,1964,RWA,3334797,980,48.1314,NA,NA,NA,NA,NA,0.248
Rwanda,Africa,1965,RWA,3423163,1023,48.2031,NA,NA,NA,NA,NA,0.239
Rwanda,Africa,1966,RWA,3521575,1065,48.0836,NA,NA,NA,NA,NA,0.238
Rwanda,Africa,1967,RWA,3629540,1109,47.9873,NA,NA,NA,1.4529274,NA,0.238
Rwanda,Africa,1968,RWA,3743957,1154,47.7313,NA,NA,NA,3.161937,NA,0.238
Rwanda,Africa,1969,RWA,3861225,1243,47.4374,NA,NA,NA,0.48493955,NA,0.238
Rwanda,Africa,1970,RWA,3980619,1337,47.1162,NA,NA,NA,0.5148858,NA,0.241
Rwanda,Africa,1971,RWA,4099997,1315,46.7555,NA,NA,NA,0.48858008000000003,NA,0.241
Rwanda,Africa,1972,RWA,4220286,1282,46.3433,NA,NA,NA,3.0921938,NA,0.241
Rwanda,Africa,1973,RWA,4344986,1288,45.9438,NA,NA,NA,9.373674,NA,0.167
Rwanda,Africa,1974,RWA,4474181,1262,45.5664,NA,NA,NA,31.088299,NA,0.089
Rwanda,Africa,1975,RWA,4607677,1199,45.3242,18.66784343,18.05749492,NA,30.226048,NA,0.087
Rwanda,Africa,1976,RWA,4745909,1387,45.312,18.77222048,18.16175308,NA,7.1658616,NA,0.09
Rwanda,Africa,1977,RWA,4888203,1409,45.5794,18.87656562,18.26623737,NA,13.655147,NA,0.09
Rwanda,Africa,1978,RWA,5035122,1495,46.1654,18.98067387,18.37044419,NA,13.270534,NA,0.094
Rwanda,Africa,1979,RWA,5189501,1584,47.0868,19.08464534,18.4742219,NA,15.673329,NA,0.168
Rwanda,Africa,1980,RWA,5353220,1672,48.1223,19.18838138,18.5776176,NA,7.249393,NA,0.166
Rwanda,Africa,1981,RWA,5527192,1706,49.2161,19.29161645,18.68038485,NA,6.4506645,NA,0.166
Rwanda,Africa,1982,RWA,5711508,1680,50.1881,19.39423151,18.78230035,NA,12.565137,NA,0.21
Rwanda,Africa,1983,RWA,5905270,1722,50.9439,19.49600474,18.88363793,NA,6.5930023,NA,0.21
Rwanda,Africa,1984,RWA,6107580,1597,51.4449,19.59768283,18.9842606,NA,5.3695703,23.95,0.204
Rwanda,Africa,1985,RWA,6317187,1621,51.7042,19.69841087,19.08339198,NA,1.75933,NA,0.204
Rwanda,Africa,1986,RWA,6531836,1642,51.7059,19.79820635,19.18079823,NA,-1.1170666,NA,0.204
Rwanda,Africa,1987,RWA,6749446,1586,51.4655,19.89676829,19.27611419,NA,4.1330147,NA,0.204
Rwanda,Africa,1988,RWA,6968018,1538,50.9137,19.99429259,19.36923122,NA,2.9786437,NA,0.206
Rwanda,Africa,1989,RWA,7184657,1476,49.4846,20.09110078,19.46050014,NA,1.0102782,NA,0.213
Rwanda,Africa,1990,RWA,7375269,1398,47.7629,20.18653063,19.54918141,NA,4.185764,NA,0.219
Rwanda,Africa,1991,RWA,7526910,1282.2594,46.2429,20.28716132,19.63983684,12.304,19.637165,NA,0.256
Rwanda,Africa,1992,RWA,7683212,1301.689,44.3972,20.39171164,19.73019342,12.118,9.560411,NA,0.291
Rwanda,Africa,1993,RWA,7981091,1110.9209,42.9371,20.49878989,19.82006491,12.167,12.354389,NA,0.187
Rwanda,Africa,1994,RWA,6792303,707.2971,12.1575,20.60791796,19.90888894,12.287,NA,NA,0.143
Rwanda,Africa,1995,RWA,5674072,1049.2385,41.5183,20.71895042,19.99613572,12.094,NA,NA,0.102
Rwanda,Africa,1996,RWA,6708729,976.4079,42.4858,20.83256407,20.08244373,11.696,7.4113717,NA,0.105
Rwanda,Africa,1997,RWA,7755188,932.0059,41.9785,20.948066,20.16761175,11.31,12.015423,NA,0.105
Rwanda,Africa,1998,RWA,8081636,950.38947,43.0985,21.06420842,20.25137492,11.438,6.2100673,NA,0.105
Rwanda,Africa,1999,RWA,8147867,975.83594,45.7487,21.18042573,20.33307028,11.711,-2.4059322,NA,0.106
Rwanda,Africa,2000,RWA,8213890,1023.6182,47.7977,21.29539066,20.41227319,11.805,3.8995297,24.060001,0.113
Rwanda,Africa,2001,RWA,8287041,1067.2347,49.4897,21.40692246,20.48812728,11.828,3.342855,NA,0.113
Rwanda,Africa,2002,RWA,8400138,1154.1061,51.262,21.51455682,20.5601024,11.557,1.9925854,NA,0.114
Rwanda,Africa,2003,RWA,8586828,1130.0414,53.5291,21.61849511,20.6290351,11.751,7.4497004,NA,0.142
Rwanda,Africa,2004,RWA,8816799,1159.0281,55.5204,21.71851091,20.69494531,11.78,12.2507105,NA,0.197
Rwanda,Africa,2005,RWA,9054488,1210.5105,56.9683,21.81415345,20.75704768,11.901,9.01409,26.750002,0.195
Rwanda,Africa,2006,RWA,9299203,1261.7609,58.3422,21.90748185,20.81619762,11.669,8.882827,NA,0.196
Rwanda,Africa,2007,RWA,9549891,1291.1934,59.5041,21.99816556,20.87177564,11.661,9.080722,NA,0.197
Rwanda,Africa,2008,RWA,9804219,1364.745,60.6407,22.08716317,20.9238952,11.601,15.438214,NA,0.203
Rwanda,Africa,2009,RWA,10060389,1384.2589,61.8128,22.1746817,20.97223686,11.694,12.944398,NA,0.217
Rwanda,Africa,2010,RWA,10317499,1416.3923,62.804,22.26129667,21.01775718,11.7,-0.2461287,23.45,0.218
Rwanda,Africa,2011,RWA,10573694,1449,63.4764,22.34775263,21.06301676,11.801,3.0801706,NA,0.217
Rwanda,Africa,2012,RWA,10829851,1528.552,64.1887,22.43325591,21.10789979,11.72,10.271018,NA,0.22
Rwanda,Africa,2013,RWA,11093287,1552.4253,64.6512,22.51712506,21.15194716,11.802,5.9242687,22.490002,0.221
Rwanda,Africa,2014,RWA,11364711,1601.3938,65.0877,22.59940669,21.19566534,11.858,2.3544905,NA,0.224
Rwanda,Africa,2015,RWA,11639989,1708.3467,65.4188,22.67962362,21.23847105,11.849,2.528503,NA,0.225
Rwanda,Africa,2016,RWA,11919140,1774.9015,65.7326,22.75714568,21.28077014,11.805,7.174343,19.68,0.226
Rwanda,Africa,2017,RWA,12202006,1799.474,66.1404,NA,NA,11.875,8.279536,NA,0.223
Rwanda,Africa,2018,RWA,12487952,1908.049,66.3539,NA,NA,10.759,-0.31121016,NA,0.225
Rwanda,Africa,2019,RWA,12776068,2042.8529,66.6905,NA,NA,11.236,3.3478765,NA,0.228
Rwanda,Africa,2020,RWA,13065796,1935.2662,66.9534,NA,NA,11.829,9.850399,NA,0.225
Rwanda,Africa,2021,RWA,13355214,2106.9736,66.8496,NA,NA,15.793,-0.39134675,NA,0.226
Rwanda,Africa,2022,RWA,13650972,2198.0662,67.528,NA,NA,15.085,17.689209,19.68,0.219
Rwanda,Africa,2023,RWA,13954429,NA,67.7852,NA,NA,14.932,19.789547,19.68,0.213
Sao Tome and Principe,Africa,1952,STP,62562,1272,39.1425,NA,NA,NA,NA,NA,0.028
Sao Tome and Principe,Africa,1953,STP,63311,1272,39.1162,NA,NA,NA,NA,NA,0.027
Sao Tome and Principe,Africa,1954,STP,63965,1325,39.1552,NA,NA,NA,NA,NA,0.028
Sao Tome and Principe,Africa,1955,STP,64578,1191,39.2802,NA,NA,NA,NA,NA,0.028
Sao Tome and Principe,Africa,1956,STP,65200,1256,39.5428,NA,NA,NA,NA,NA,0.028
Sao Tome and Principe,Africa,1957,STP,65839,1245,40.1014,NA,NA,NA,NA,NA,0.028
Sao Tome and Principe,Africa,1958,STP,66525,1364,40.962,NA,NA,NA,NA,NA,0.028
Sao Tome and Principe,Africa,1959,STP,67260,1221,42.1135,NA,NA,NA,NA,NA,0.028
Sao Tome and Principe,Africa,1960,STP,67989,1352,43.5639,NA,NA,NA,NA,NA,0.028
Sao Tome and Principe,Africa,1961,STP,68676,1454,45.1927,NA,NA,NA,NA,NA,0.028
Sao Tome and Principe,Africa,1962,STP,69373,1549,46.8434,NA,NA,NA,NA,NA,0.028
Sao Tome and Principe,Africa,1963,STP,70087,1643,48.3996,NA,NA,NA,NA,NA,0.028
Sao Tome and Principe,Africa,1964,STP,70835,1733,49.7395,NA,NA,NA,NA,NA,0.028
Sao Tome and Principe,Africa,1965,STP,71645,1816,51.0721,NA,NA,NA,NA,NA,0.028
Sao Tome and Principe,Africa,1966,STP,72554,1921,52.309,NA,NA,NA,NA,NA,0.028
Sao Tome and Principe,Africa,1967,STP,73563,2004,53.4489,NA,NA,NA,NA,NA,0.028
Sao Tome and Principe,Africa,1968,STP,74743,2083,54.4912,NA,NA,NA,NA,NA,0.028
Sao Tome and Principe,Africa,1969,STP,76051,2165,55.3998,NA,NA,NA,NA,NA,0.028
Sao Tome and Principe,Africa,1970,STP,77589,2243,56.2673,NA,NA,NA,NA,NA,0.028
Sao Tome and Principe,Africa,1971,STP,79304,2326,56.9648,NA,NA,NA,NA,NA,0.028
Sao Tome and Principe,Africa,1972,STP,81015,2324,57.4482,NA,NA,NA,NA,NA,0.041
Sao Tome and Principe,Africa,1973,STP,82768,2313,57.8956,NA,NA,NA,NA,NA,0.041
Sao Tome and Principe,Africa,1974,STP,84639,2399,58.2623,NA,NA,NA,NA,NA,0.042
Sao Tome and Principe,Africa,1975,STP,86680,2469,58.561,20.82304537,20.11783876,NA,NA,NA,0.154
Sao Tome and Principe,Africa,1976,STP,88890,2432,58.7816,20.95819056,20.23014455,NA,NA,NA,0.157
Sao Tome and Principe,Africa,1977,STP,91271,2911,58.9786,21.08677486,20.33873215,NA,NA,NA,0.157
Sao Tome and Principe,Africa,1978,STP,93764,2909,59.1406,21.20995912,20.44475504,NA,NA,NA,0.157
Sao Tome and Principe,Africa,1979,STP,96219,3295,59.2735,21.33008032,20.54882864,NA,NA,NA,0.157
Sao Tome and Principe,Africa,1980,STP,98516,3182,59.3613,21.44820973,20.65188757,NA,NA,NA,0.157
Sao Tome and Principe,Africa,1981,STP,100589,2783,59.4318,21.57068842,20.75819949,NA,NA,NA,0.157
Sao Tome and Principe,Africa,1982,STP,102479,2817,59.5326,21.69684387,20.86678074,NA,NA,NA,0.157
Sao Tome and Principe,Africa,1983,STP,104353,2656,59.6791,21.82616623,20.97772727,NA,NA,NA,0.157
Sao Tome and Principe,Africa,1984,STP,106370,2447,59.8929,21.95790562,21.09050166,NA,NA,NA,0.157
Sao Tome and Principe,Africa,1985,STP,108626,2622,60.1388,22.0916519,21.20396053,NA,NA,NA,0.157
Sao Tome and Principe,Africa,1986,STP,111123,2418,57.6047,22.22857087,21.31959344,NA,NA,NA,0.157
Sao Tome and Principe,Africa,1987,STP,113887,2299,60.663,22.36738267,21.43602576,NA,NA,NA,0.188
Sao Tome and Principe,Africa,1988,STP,116912,2295,60.8083,22.50780952,21.55278794,NA,NA,NA,0.188
Sao Tome and Principe,Africa,1989,STP,119943,2316,59.7315,22.64880815,21.66951409,NA,NA,NA,0.188
Sao Tome and Principe,Africa,1990,STP,122945,2217,60.7072,22.79025132,21.78577627,NA,NA,NA,0.234
Sao Tome and Principe,Africa,1991,STP,125669,2203.008,60.7921,22.92972947,21.90002658,14.417,NA,NA,0.55
Sao Tome and Principe,Africa,1992,STP,128084,2185.4644,60.706,23.06776181,22.01149226,14.576,NA,NA,0.642
Sao Tome and Principe,Africa,1993,STP,130427,2183.8743,60.6179,23.20399704,22.12074186,14.413,NA,NA,0.648
Sao Tome and Principe,Africa,1994,STP,132704,2204.8767,60.5518,23.33950691,22.22808202,14.376,NA,NA,0.648
Sao Tome and Principe,Africa,1995,STP,134864,2219.4814,60.5359,23.47505316,22.33357819,14.323,NA,NA,0.646
Sao Tome and Principe,Africa,1996,STP,136926,2221.0535,60.5756,23.61131641,22.43828661,14.319,NA,NA,0.642
Sao Tome and Principe,Africa,1997,STP,138893,2209.4182,60.6475,23.74869216,22.542759620000002,14.404,35.817177,NA,0.641
Sao Tome and Principe,Africa,1998,STP,140719,2228.905,60.7851,23.88770835,22.64724387,14.393,50.493137,NA,0.642
Sao Tome and Principe,Africa,1999,STP,142416,2247.1223,60.9761,24.02802503,22.7512264,14.353,12.725177,NA,0.647
Sao Tome and Principe,Africa,2000,STP,143980,2218.8196,61.2067,24.16853134,22.85464387,14.4,12.208945,8.95,0.647
Sao Tome and Principe,Africa,2001,STP,146344,2245.6062,61.4996,24.30744874,22.95729943,15.73,9.222037,NA,0.657
Sao Tome and Principe,Africa,2002,STP,149887,2250.0894,61.8262,24.44269288,23.05882774,17.63,10.128725,NA,0.661
Sao Tome and Principe,Africa,2003,STP,153780,2363.1824,62.1579,24.57365274,23.15878044,16.36,9.792419,NA,0.66
Sao Tome and Principe,Africa,2004,STP,157681,2408.7607,62.5601,24.69886442,23.25578843,16.12,13.285886,NA,0.665
Sao Tome and Principe,Africa,2005,STP,161603,2532.8706,62.4344,24.81759235,23.34860469,16.47,17.152205,NA,0.663
Sao Tome and Principe,Africa,2006,STP,165608,2713.762,63.0413,24.92977783,23.43619628,16.65,23.077038,NA,0.657
Sao Tome and Principe,Africa,2007,STP,169668,2752.0876,63.3356,25.03582556,23.51738922,16.098,18.548513,NA,0.656
Sao Tome and Principe,Africa,2008,STP,173755,2925.8857,63.4478,25.13521602,23.59158624,15.573,31.990105,NA,0.656
Sao Tome and Principe,Africa,2009,STP,177829,2949.8867,63.6687,25.22838014,23.65763219,15.4,16.957476,NA,0.656
Sao Tome and Principe,Africa,2010,STP,181774,3093.3452,63.8667,25.31593702,23.71576882,14.66,13.340053,8.79,0.677
Sao Tome and Principe,Africa,2011,STP,185618,3179,64.1217,25.39846167,23.76718316,14.196,14.327167,NA,0.686
Sao Tome and Principe,Africa,2012,STP,189406,3217,64.5053,25.47619847,23.81296243,13.59,10.637936,NA,0.682
Sao Tome and Principe,Africa,2013,STP,193111,3314,64.9301,25.55060926,23.85581616,13.711,8.105833,NA,0.681
Sao Tome and Principe,Africa,2014,STP,196726,3474,65.4775,25.62299345,23.89779704,13.619,6.9984994,NA,0.683
Sao Tome and Principe,Africa,2015,STP,200250,3545,66.0231,25.69329216,23.93923179,13.598,5.245878,NA,0.692
Sao Tome and Principe,Africa,2016,STP,203653,3629.3381,66.5632,25.76122035,23.9792431,13.65,5.4305196,NA,0.684
Sao Tome and Principe,Africa,2017,STP,206942,3707.3599,67.0741,NA,NA,13.811,5.690296,NA,0.668
Sao Tome and Principe,Africa,2018,STP,210148,3756.814,67.6015,NA,NA,13.878,7.868596,NA,0.67
Sao Tome and Principe,Africa,2019,STP,213358,3781.2275,68.0435,NA,NA,13.998,7.7202454,NA,0.7
Sao Tome and Principe,Africa,2020,STP,217412,3826.3755,67.979,NA,NA,15.183,9.819328,NA,0.692
Sao Tome and Principe,Africa,2021,STP,221926,3821.0012,68.0262,NA,NA,15.042,8.137771,NA,0.683
Sao Tome and Principe,Africa,2022,STP,226265,3751.6428,69.2368,NA,NA,14.115,18.005634,15.780001,0.676
Sao Tome and Principe,Africa,2023,STP,230834,NA,69.7182,NA,NA,14.208,21.258913,15.780001,0.673
Saudi Arabia,Asia,1952,SAU,1826476,3937,41.0691,NA,NA,NA,NA,NA,0.009
Saudi Arabia,Asia,1953,SAU,1892130,4246,41.5794,NA,NA,NA,NA,NA,0.01
Saudi Arabia,Asia,1954,SAU,1960587,4642,42.0885,NA,NA,NA,NA,NA,0.013
Saudi Arabia,Asia,1955,SAU,2031914,4658,42.6033,NA,NA,NA,NA,NA,0.013
Saudi Arabia,Asia,1956,SAU,2106180,4901,43.1271,NA,NA,NA,NA,NA,0.014
Saudi Arabia,Asia,1957,SAU,2183497,4972,43.6598,NA,NA,NA,NA,NA,0.014
Saudi Arabia,Asia,1958,SAU,2264056,5107,44.2012,NA,NA,NA,NA,NA,0.014
Saudi Arabia,Asia,1959,SAU,2347970,5512,44.7511,NA,NA,NA,NA,NA,0.014
Saudi Arabia,Asia,1960,SAU,2435361,5928,45.31,NA,NA,NA,NA,NA,0.014
Saudi Arabia,Asia,1961,SAU,2526302,6481,45.8805,NA,NA,NA,NA,NA,0.014
Saudi Arabia,Asia,1962,SAU,2620861,7085,46.4695,NA,NA,NA,NA,NA,0.014
Saudi Arabia,Asia,1963,SAU,2719296,7516,47.0858,NA,NA,NA,NA,NA,0.014
Saudi Arabia,Asia,1964,SAU,2821922,7978,47.7321,NA,NA,NA,2.8,NA,0.014
Saudi Arabia,Asia,1965,SAU,2928727,8717,48.4359,NA,NA,NA,0.38910505,NA,0.014
Saudi Arabia,Asia,1966,SAU,3039841,9726,49.1866,NA,NA,NA,1.5503876,NA,0.014
Saudi Arabia,Asia,1967,SAU,3157200,10302,49.9941,NA,NA,NA,2.0992367,NA,0.014
Saudi Arabia,Asia,1968,SAU,3282655,10916,50.8574,NA,NA,NA,1.588785,NA,0.014
Saudi Arabia,Asia,1969,SAU,3417085,11429,51.7727,NA,NA,NA,3.49586,NA,0.014
Saudi Arabia,Asia,1970,SAU,3562426,12153,52.7287,NA,NA,NA,0.17777778,NA,0.014
Saudi Arabia,Asia,1971,SAU,3723991,13509,53.7271,NA,NA,NA,4.475,NA,0.014
Saudi Arabia,Asia,1972,SAU,3905675,15138,54.7422,NA,NA,NA,4.3311796,NA,0.014
Saudi Arabia,Asia,1973,SAU,4106302,17598,55.7651,NA,NA,NA,16.513762,NA,0.014
Saudi Arabia,Asia,1974,SAU,4323580,19659,56.7848,NA,NA,NA,21.437008,NA,0.015
Saudi Arabia,Asia,1975,SAU,4556246,18788,57.7804,25.65421508,24.28253377,NA,34.576107,NA,0.012
Saudi Arabia,Asia,1976,SAU,4807882,19297,58.7823,25.85077963,24.42960305,NA,31.55866,NA,0.012
Saudi Arabia,Asia,1977,SAU,5082994,20824,59.7489,26.04006553,24.5731412,NA,11.399012,NA,0.012
Saudi Arabia,Asia,1978,SAU,5381855,20593,60.6851,26.22204286,24.71357698,NA,-1.5836018,NA,0.012
Saudi Arabia,Asia,1979,SAU,5703651,20472,61.5183,26.39743223,24.8514288,NA,1.0815669,NA,0.014
Saudi Arabia,Asia,1980,SAU,6047948,21068,62.4445,26.56679998,24.98719312,NA,4.1692667,NA,0.014
Saudi Arabia,Asia,1981,SAU,6420504,21393,63.2516,26.72882701,25.11965875,NA,2.7989821,NA,0.014
Saudi Arabia,Asia,1982,SAU,6824441,20535,64.0079,26.88504047,25.24903905,NA,1.0210396,NA,0.014
Saudi Arabia,Asia,1983,SAU,7252903,17315,64.7187,27.03578827,25.37602239,NA,0.19142419,NA,0.014
Saudi Arabia,Asia,1984,SAU,7697259,16343,65.3914,27.18153018,25.50093182,NA,-1.5590371,NA,0.014
Saudi Arabia,Asia,1985,SAU,8151737,14422,66.0268,27.32337818,25.62448947,NA,-3.0587687,NA,0.014
Saudi Arabia,Asia,1986,SAU,8628583,12897,66.6478,27.45656281,25.74302764,NA,-3.2033315,NA,0.014
Saudi Arabia,Asia,1987,SAU,9130167,12919,67.2419,27.58228685,25.85736977,NA,-1.5471168,NA,0.014
Saudi Arabia,Asia,1988,SAU,9629123,12795,67.8137,27.70160941,25.96834337,NA,0.90756303,NA,0.014
Saudi Arabia,Asia,1989,SAU,10128344,12758,68.3595,27.81495433,26.07605512,NA,1.0326449,NA,0.014
Saudi Arabia,Asia,1990,SAU,10640660,14335,68.8744,27.92330371,26.18042958,NA,2.0771513,NA,0.013
Saudi Arabia,Asia,1991,SAU,11160699,16830.412,69.3409,28.02398665,26.28001653,7.29,4.861111,NA,0.014
Saudi Arabia,Asia,1992,SAU,11686632,17905.28,69.7995,28.1179463,26.37517844,7.2,-0.077006005,NA,0.014
Saudi Arabia,Asia,1993,SAU,12215814,18101.092,70.2076,28.20602857,26.46575244,7.075,1.0557953,NA,0.016
Saudi Arabia,Asia,1994,SAU,12749987,18678.932,70.5867,28.29030971,26.5525502,6.88,0.56432545,NA,0.016
Saudi Arabia,Asia,1995,SAU,13289193,19223.332,70.9443,28.37228901,26.63636619,6.44,4.868431,NA,0.015
Saudi Arabia,Asia,1996,SAU,13830949,20280.494,71.2878,28.45096393,26.71644812,5.845,1.2220699,NA,0.016
Saudi Arabia,Asia,1997,SAU,14374902,21087.428,71.6238,28.52651715,26.79286743,5.322,0.057154704,NA,0.016
Saudi Arabia,Asia,1998,SAU,14922138,22310.918,71.9574,28.59950856,26.86664104,4.769,-0.37126973,NA,0.016
Saudi Arabia,Asia,1999,SAU,15472018,22058.572,72.2903,28.66915002,26.93780003,4.346,-1.3337635,NA,0.016
Saudi Arabia,Asia,2000,SAU,16177682,23904.516,72.6067,28.73479662,27.0050573,4.57,-1.1249948,NA,0.018
Saudi Arabia,Asia,2001,SAU,17041344,24191.996,72.9505,28.79685051,27.06929074,4.618,-1.1209447,NA,0.018
Saudi Arabia,Asia,2002,SAU,17910859,24053.975,73.2959,28.854627,27.13201609,5.265,0.24718651,NA,0.018
Saudi Arabia,Asia,2003,SAU,18786715,27367.094,73.657,28.90777836,27.19394043,5.563,0.6121944,NA,0.018
Saudi Arabia,Asia,2004,SAU,19669438,30233.512,74.0273,28.95703221,27.25524424,5.822,0.51550674,NA,0.018
Saudi Arabia,Asia,2005,SAU,20559827,32700.332,74.4004,29.00192081,27.31601351,6.051,0.4792304,NA,0.019
Saudi Arabia,Asia,2006,SAU,21459088,34483.043,74.7617,29.04354629,27.37794137,6.254,2.2090242,NA,0.019
Saudi Arabia,Asia,2007,SAU,22368262,36070.316,75.0662,29.08501397,27.44282649,5.734,4.1678233,NA,0.02
Saudi Arabia,Asia,2008,SAU,23287838,39393.43,75.3014,29.12914581,27.51314877,5.085,9.870248,NA,0.02
Saudi Arabia,Asia,2009,SAU,24217606,39671.555,75.4471,29.17450291,27.58762401,5.377,5.0572233,NA,0.02
Saudi Arabia,Asia,2010,SAU,25157085,42737.656,75.6161,29.22029403,27.66454599,5.55,5.339417,NA,0.02
Saudi Arabia,Asia,2011,SAU,26105592,48470,75.8081,29.26619499,27.74317755,5.77,5.826216,NA,0.02
Saudi Arabia,Asia,2012,SAU,27062388,49835.047,76.0896,29.31288607,27.82252256,5.622,2.8662689,NA,0.02
Saudi Arabia,Asia,2013,SAU,28026782,50021.12,76.5169,29.36055584,27.90140381,5.6,3.5325248,NA,0.018
Saudi Arabia,Asia,2014,SAU,28998069,50790.992,77.1159,29.40859023,27.98108105,5.877,2.2362902,NA,0.018
Saudi Arabia,Asia,2015,SAU,29974899,51941.598,77.7762,29.45741901,28.06040105,5.6,1.2060732,NA,0.016
Saudi Arabia,Asia,2016,SAU,30717760,51959.074,78.3537,29.50637747,28.13973836,5.6,2.0688403,NA,0.016
Saudi Arabia,Asia,2017,SAU,30782349,50593.27,78.7213,NA,NA,5.89,-0.8381946,NA,0.015
Saudi Arabia,Asia,2018,SAU,30365068,50906.484,78.7499,NA,NA,6.029,2.4581416,NA,0.016
Saudi Arabia,Asia,2019,SAU,30472767,50123.336,78.3132,NA,NA,5.636,-2.0933332,NA,0.015
Saudi Arabia,Asia,2020,SAU,30991155,46723.93,77.5962,NA,NA,7.45,3.4454582,NA,0.015
Saudi Arabia,Asia,2021,SAU,31328320,49841.145,77.0887,NA,NA,6.621,3.0632899,NA,0.015
Saudi Arabia,Asia,2022,SAU,32175301,53516.91,77.3098,NA,NA,5.589,2.4740736,25.32,0.015
Saudi Arabia,Asia,2023,SAU,33264239,NA,78.7321,NA,NA,4.88,2.3270853,24.89,0.015
Senegal,Africa,1952,SEN,2686964,2077,37.3701,NA,NA,NA,NA,NA,0.244
Senegal,Africa,1953,SEN,2757513,2110,37.785,NA,NA,NA,NA,NA,0.237
Senegal,Africa,1954,SEN,2831351,2146,38.1722,NA,NA,NA,NA,NA,0.237
Senegal,Africa,1955,SEN,2908467,2179,38.5405,NA,NA,NA,NA,NA,0.237
Senegal,Africa,1956,SEN,2988892,2212,38.8762,NA,NA,NA,NA,NA,0.237
Senegal,Africa,1957,SEN,3072326,2246,39.1253,NA,NA,NA,NA,NA,0.245
Senegal,Africa,1958,SEN,3158723,2278,39.3954,NA,NA,NA,NA,NA,0.246
Senegal,Africa,1959,SEN,3248277,2308,39.5321,NA,NA,NA,NA,NA,0.246
Senegal,Africa,1960,SEN,3340851,2303,39.6678,NA,NA,NA,NA,NA,0.311
Senegal,Africa,1961,SEN,3436329,2351,39.7154,NA,NA,NA,NA,NA,0.394
Senegal,Africa,1962,SEN,3534637,2370,39.7376,NA,NA,NA,NA,NA,0.394
Senegal,Africa,1963,SEN,3635823,2402,39.7446,NA,NA,NA,NA,NA,0.388
Senegal,Africa,1964,SEN,3740482,2389,39.7554,NA,NA,NA,NA,NA,0.327
Senegal,Africa,1965,SEN,3849748,2409,39.7614,NA,NA,NA,NA,NA,0.327
Senegal,Africa,1966,SEN,3964250,2404,39.8482,NA,NA,NA,NA,NA,0.325
Senegal,Africa,1967,SEN,4083822,2310,39.9925,NA,NA,NA,NA,NA,0.325
Senegal,Africa,1968,SEN,4207543,2389,40.1497,NA,NA,NA,0.058333334,NA,0.348
Senegal,Africa,1969,SEN,4334927,2171,40.3976,NA,NA,NA,4.0226536,NA,0.366
Senegal,Africa,1970,SEN,4466277,2287,40.789,NA,NA,NA,2.8102481,NA,0.377
Senegal,Africa,1971,SEN,4601820,2216,41.2428,NA,NA,NA,3.8782027,NA,0.377
Senegal,Africa,1972,SEN,4741582,2289,41.7704,NA,NA,NA,6.1548843,NA,0.381
Senegal,Africa,1973,SEN,4885126,2096,42.4286,NA,NA,NA,11.285311,NA,0.369
Senegal,Africa,1974,SEN,5029399,2118,43.1043,NA,NA,NA,16.601091,NA,0.364
Senegal,Africa,1975,SEN,5170759,2225,43.9377,20.51305252,19.10726321,NA,31.653423,NA,0.364
Senegal,Africa,1976,SEN,5308523,2370,44.8095,20.64174126,19.2144843,NA,1.0830922,NA,0.373
Senegal,Africa,1977,SEN,5439512,2236,45.7144,20.76568219,19.31956835,NA,11.340586,NA,0.373
Senegal,Africa,1978,SEN,5568047,2082,46.5962,20.88548706,19.4229412,NA,3.419651,NA,0.395
Senegal,Africa,1979,SEN,5702849,2158,47.478,21.00234668,19.52416412,NA,9.653359,NA,0.399
Senegal,Africa,1980,SEN,5845592,2021,48.2935,21.11627608,19.62368829,NA,8.729028,NA,0.414
Senegal,Africa,1981,SEN,5997115,1943,49.0832,21.22695941,19.72160575,NA,5.9131937,NA,0.447
Senegal,Africa,1982,SEN,6156917,2168,49.863,21.33472395,19.81759892,NA,17.376385,NA,0.466
Senegal,Africa,1983,SEN,6324464,2153,50.8112,21.44058683,19.91243647,NA,11.616984,NA,0.49
Senegal,Africa,1984,SEN,6499319,1989,51.6942,21.54510478,20.00580732,NA,11.784027,NA,0.494
Senegal,Africa,1985,SEN,6683247,2000,52.5864,21.6485781,20.09740822,NA,13.000057,NA,0.494
Senegal,Africa,1986,SEN,6878156,2031,53.7181,21.75025479,20.18699887,NA,6.1847787,NA,0.494
Senegal,Africa,1987,SEN,7081482,2048,54.6317,21.84993029,20.27453894,NA,-4.1407237,NA,0.494
Senegal,Africa,1988,SEN,7289576,2085,55.5462,21.94846266,20.35977461,NA,-1.8266822,NA,0.492
Senegal,Africa,1989,SEN,7502168,1980,56.2093,22.04600176,20.44298136,NA,0.44730935,NA,0.492
Senegal,Africa,1990,SEN,7720473,1999,56.6739,22.14250106,20.524205,NA,0.32509863,NA,0.511
Senegal,Africa,1991,SEN,7943038,1982.626,57.0369,22.23658908,20.6023743,2.86,-1.7535568,18.79,0.523
Senegal,Africa,1992,SEN,8168344,1942.9268,57.2872,22.32871743,20.67774211,2.919,-0.109942965,NA,0.537
Senegal,Africa,1993,SEN,8396241,1906.8239,57.3483,22.41931597,20.75056594,2.872,-0.5864346,NA,0.613
Senegal,Africa,1994,SEN,8624033,1847.5983,57.4792,22.50929559,20.82124471,2.932,32.293667,18.79,0.629
Senegal,Africa,1995,SEN,8848068,1886.5428,57.3356,22.59978317,20.89020636,2.84,7.864008,NA,0.637
Senegal,Africa,1996,SEN,9066977,1866.3423,57.1285,22.69164039,20.95857205,2.826,2.7543066,NA,0.642
Senegal,Africa,1997,SEN,9283463,1866.3911,57.1069,22.785328,21.02636137,2.76,1.7531648,NA,0.642
Senegal,Africa,1998,SEN,9502907,1915.4297,57.0764,22.88136348,21.09469025,2.751,1.1567807,NA,0.641
Senegal,Africa,1999,SEN,9730850,1978.0964,57.3145,22.97927217,21.16285018,2.665,0.8272506,NA,0.641
Senegal,Africa,2000,SEN,9968224,1983.524,57.6153,23.07777973,21.23035447,2.648,0.731982,NA,0.676
Senegal,Africa,2001,SEN,10212891,2009.9423,58.158,23.17524732,21.29719945,2.68,2.974501,18.79,0.604
Senegal,Africa,2002,SEN,10466169,1959.6141,58.9124,23.26996154,21.36324846,2.808,2.337302,NA,0.688
Senegal,Africa,2003,SEN,10721133,2025.0234,59.4735,23.36050987,21.42812927,2.774,-0.051997025,NA,0.688
Senegal,Africa,2004,SEN,10975659,2074.9539,60.3076,23.44567772,21.49054811,2.77,0.5147818,NA,0.688
Senegal,Africa,2005,SEN,11235423,2121.1587,60.9801,23.52449946,21.54903047,2.685,1.7113333,13.320001,0.688
Senegal,Africa,2006,SEN,11500045,2104.437,61.8006,23.59793183,21.60411238,2.755,2.1122859,NA,0.688
Senegal,Africa,2007,SEN,11770292,2137.6716,62.6525,23.66634783,21.65439622,2.796,5.8533044,NA,0.674
Senegal,Africa,2008,SEN,12048913,2146.7915,63.2012,23.72947172,21.69833955,2.813,7.3472023,NA,0.669
Senegal,Africa,2009,SEN,12337348,2129.3364,63.7513,23.78797337,21.7351569,2.807,-2.2480214,NA,0.669
Senegal,Africa,2010,SEN,12635365,2151.3247,64.2214,23.84239695,21.76540772,2.798,1.2286812,NA,0.683
Senegal,Africa,2011,SEN,12958851,2123,64.7987,23.89433686,21.79142854,2.853,3.4032283,13.04,0.683
Senegal,Africa,2012,SEN,13310451,2141.3882,65.2291,23.94345279,21.81402569,3.887,1.4182287,NA,0.692
Senegal,Africa,2013,SEN,13710804,2127.3865,65.6376,23.99146131,21.83516972,4.989,0.7102455,NA,0.725
Senegal,Africa,2014,SEN,14152057,2191.9766,66.0014,24.03920904,21.857323,5.842,-1.090255,NA,0.729
Senegal,Africa,2015,SEN,14593290,2262.3123,66.4511,24.08631639,21.8800931,6.757,0.13521193,NA,0.729
Senegal,Africa,2016,SEN,15034460,2335.8652,66.724,24.13324951,21.90378795,4.455,0.8372849,NA,0.728
Senegal,Africa,2017,SEN,15474954,2435.9604,67.0589,NA,NA,4.078,1.3181531,NA,0.701
Senegal,Africa,2018,SEN,15914437,2514.8071,67.3792,NA,NA,3.567,0.46098563,NA,0.694
Senegal,Africa,2019,SEN,16352874,2559.8176,67.668,NA,NA,2.863,1.7601116,NA,0.7
Senegal,Africa,2020,SEN,16789173,2524.2656,67.4961,NA,NA,3.405,2.5431468,NA,0.742
Senegal,Africa,2021,SEN,17220821,2607.2322,66.8685,NA,NA,3.368,2.180323,NA,0.724
Senegal,Africa,2022,SEN,17651046,2660.6816,67.7884,NA,NA,2.968,9.696819,12.85,0.695
Senegal,Africa,2023,SEN,18077527,NA,68.6829,NA,NA,2.93,5.939478,12.85,0.626
Serbia,Europe,1952,SRB,6127217,2032,57.4065,NA,NA,NA,NA,NA,0.094
Serbia,Europe,1953,SRB,6192368,2348,59.7739,NA,NA,NA,NA,NA,0.095
Serbia,Europe,1954,SRB,6266844,2236,60.6912,NA,NA,NA,NA,NA,0.094
Serbia,Europe,1955,SRB,6346283,2584,61.349,NA,NA,NA,NA,NA,0.094
Serbia,Europe,1956,SRB,6422706,2447,61.8586,NA,NA,NA,NA,NA,0.094
Serbia,Europe,1957,SRB,6496409,3147,63.2439,NA,NA,NA,NA,NA,0.094
Serbia,Europe,1958,SRB,6567199,3022,64.283,NA,NA,NA,NA,NA,0.093
Serbia,Europe,1959,SRB,6635168,3885,65.238,NA,NA,NA,NA,NA,0.093
Serbia,Europe,1960,SRB,6702911,3948,65.7051,NA,NA,NA,NA,NA,0.093
Serbia,Europe,1961,SRB,6771344,4038,66.3032,NA,NA,NA,NA,NA,0.093
Serbia,Europe,1962,SRB,6838593,4237,67.0446,NA,NA,NA,NA,NA,0.093
Serbia,Europe,1963,SRB,6904122,4713,67.3511,NA,NA,NA,NA,NA,0.094
Serbia,Europe,1964,SRB,6968173,5166,67.9978,NA,NA,NA,NA,NA,0.094
Serbia,Europe,1965,SRB,7031084,5231,68.7171,NA,NA,NA,NA,NA,0.094
Serbia,Europe,1966,SRB,7093182,5649,69.4271,NA,NA,NA,NA,NA,0.094
Serbia,Europe,1967,SRB,7154344,5703,70.0894,NA,NA,NA,NA,NA,0.095
Serbia,Europe,1968,SRB,7213983,5761,70.0761,NA,NA,NA,NA,NA,0.095
Serbia,Europe,1969,SRB,7271005,6379,70.0259,NA,NA,NA,NA,NA,0.095
Serbia,Europe,1970,SRB,7324375,6515,69.7347,NA,NA,NA,NA,NA,0.095
Serbia,Europe,1971,SRB,7375091,7084,69.7171,NA,NA,NA,NA,NA,0.095
Serbia,Europe,1972,SRB,7424698,7347,69.9821,NA,NA,NA,NA,NA,0.095
Serbia,Europe,1973,SRB,7473472,7716,70.497,NA,NA,NA,NA,NA,0.095
Serbia,Europe,1974,SRB,7522434,8322,71.1241,NA,NA,NA,NA,NA,0.092
Serbia,Europe,1975,SRB,7572385,8498,71.6126,24.34750089,24.12106677,NA,NA,NA,0.095
Serbia,Europe,1976,SRB,7622654,8877,71.8626,24.40503654,24.20450014,NA,NA,NA,0.095
Serbia,Europe,1977,SRB,7671431,9529,71.7708,24.45861138,24.28582904,NA,NA,NA,0.095
Serbia,Europe,1978,SRB,7716878,9958,71.442,24.50897767,24.36568661,NA,NA,NA,0.095
Serbia,Europe,1979,SRB,7758172,10772,71.173,24.55649747,24.44417859,NA,NA,NA,0.095
Serbia,Europe,1980,SRB,7796241,10724,71.0805,24.60231809,24.52182248,NA,NA,NA,0.115
Serbia,Europe,1981,SRB,7827808,10888,71.111,24.64519128,24.59791443,NA,NA,NA,0.137
Serbia,Europe,1982,SRB,7849602,10949,71.0352,24.68508038,24.67191406,NA,NA,NA,0.137
Serbia,Europe,1983,SRB,7864546,10707,71.0888,24.72189157,24.74387379,NA,NA,NA,0.137
Serbia,Europe,1984,SRB,7875004,10866,71.1564,24.75588222,24.81410495,NA,NA,13.079999,0.137
Serbia,Europe,1985,SRB,7881490,10839,71.4408,24.78706854,24.88163176,NA,NA,13,0.137
Serbia,Europe,1986,SRB,7884538,11180,71.6423,24.81517136,24.94616011,NA,NA,13.160001,0.137
Serbia,Europe,1987,SRB,7885315,10973,71.8508,24.84058672,25.00692983,NA,NA,12.57,0.138
Serbia,Europe,1988,SRB,7884411,10793,72.0392,24.8630438,25.06436138,NA,NA,13.03,0.139
Serbia,Europe,1989,SRB,7881211,10963,72.3396,24.88326419,25.11914215,NA,NA,12.690001,0.138
Serbia,Europe,1990,SRB,7874543,9754,72.2251,24.90205633,25.17198239,NA,NA,NA,0.204
Serbia,Europe,1991,SRB,7867015,8858.007,71.9376,24.91853073,25.22302604,13.348,NA,NA,0.163
Serbia,Europe,1992,SRB,7859760,6567.67,71.6279,24.93382326,25.27272869,13.447,NA,NA,0.241
Serbia,Europe,1993,SRB,7849677,4673.6416,71.8756,24.94815126,25.32219708,13.555,NA,NA,0.293
Serbia,Europe,1994,SRB,7837112,4910.8164,72.3036,24.96255115,25.37218837,13.509,NA,NA,0.293
Serbia,Europe,1995,SRB,7823230,5325.4883,72.7264,24.97805989,25.42327474,13.4,82.660515,NA,0.293
Serbia,Europe,1996,SRB,7807659,5710.197,72.916,24.99559231,25.47653593,13.2,95.60093,NA,0.298
Serbia,Europe,1997,SRB,7789134,6288.024,72.9467,25.01570066,25.53198105,13.8,23.307867,NA,0.303
Serbia,Europe,1998,SRB,7765879,6603.711,72.2993,25.0394631,25.59131478,13.7,30.1597,13.079999,0.299
Serbia,Europe,1999,SRB,7734319,5532.5415,69.9939,25.06676634,25.65372139,13.7,42.453907,12.99,0.3
Serbia,Europe,2000,SRB,7694563,6059.583,72.3344,25.09724359,25.71859476,12.6,71.12063,13.160001,0.367
Serbia,Europe,2001,SRB,7651885,6542.6797,72.2745,25.13033701,25.78496132,12.8,95.005226,NA,0.589
Serbia,Europe,2002,SRB,7616690,7155.576,72.5994,25.16575552,25.85241655,13.8,19.490831,NA,0.612
Serbia,Europe,2003,SRB,7590893,7637.832,72.7222,25.20320971,25.92044138,15.2,9.876179,NA,0.647
Serbia,Europe,2004,SRB,7565790,8512.168,72.8667,25.24250553,25.98938699,18.5,11.026362,NA,0.634
Serbia,Europe,2005,SRB,7539095,9198.414,73.1151,25.28335735,26.05865999,20.85,16.11998,NA,0.634
Serbia,Europe,2006,SRB,7511339,9902.426,73.3951,25.32525688,26.12728546,20.85,11.724023,NA,0.637
Serbia,Europe,2007,SRB,7482937,10768.942,73.724,25.36750249,26.19524163,18.06,6.3917065,NA,0.632
Serbia,Europe,2008,SRB,7454231,11650.228,73.9041,25.40989504,26.26140485,13.67,12.410987,NA,0.637
Serbia,Europe,2009,SRB,7425298,11576.589,74.106,25.45197208,26.32590133,16.116,8.116951,NA,0.634
Serbia,Europe,2010,SRB,7395821,11963.555,74.3762,25.49302948,26.38926835,19.204,6.142554,NA,0.612
Serbia,Europe,2011,SRB,7364807,12463,74.7194,25.53396959,26.45245454,22.959,11.137398,NA,0.613
Serbia,Europe,2012,SRB,7324574,12438.256,75.0888,25.57495929,26.51604073,24,7.3303857,NA,0.595
Serbia,Europe,2013,SRB,7276136,12860.451,75.3461,25.61557744,26.58132138,22.154,7.6942635,15.24,0.504
Serbia,Europe,2014,SRB,7227156,12717.727,75.4778,25.65644044,26.64870988,19.223,2.082448,17.23,0.446
Serbia,Europe,2015,SRB,7177217,13013.854,75.653,25.69741733,26.7182548,17.66,1.3923582,16.25,0.433
Serbia,Europe,2016,SRB,7126034,13518.949,75.7375,25.73872813,26.78923098,15.257,1.122314,18.95,0.415
Serbia,Europe,2017,SRB,7073456,13876.65,75.7921,NA,NA,13.477,3.1310625,13.54,0.378
Serbia,Europe,2018,SRB,7019960,14579.859,76.0356,NA,NA,12.733,1.9598408,13.2699995,0.361
Serbia,Europe,2019,SRB,6966101,15293.246,76.0585,NA,NA,10.395,1.8492298,NA,0.363
Serbia,Europe,2020,SRB,6907777,15256.421,74.5065,NA,NA,9.011,1.5755329,NA,0.351
Serbia,Europe,2021,SRB,6835386,16563.828,72.853,NA,NA,10.061,4.085103,NA,0.337
Serbia,Europe,2022,SRB,6791172,17097.686,75.4778,NA,NA,8.684,11.981512,13.2,0.359
Serbia,Europe,2023,SRB,6773156,NA,76.7693,NA,NA,8.683,12.371904,13.04,0.36
Sierra Leone,Africa,1952,SLE,2047150,958,29.7381,NA,NA,NA,NA,NA,0.153
Sierra Leone,Africa,1953,SLE,2070766,982,30.1252,NA,NA,NA,NA,NA,0.157
Sierra Leone,Africa,1954,SLE,2095011,1023,30.5166,NA,NA,NA,NA,NA,0.157
Sierra Leone,Africa,1955,SLE,2120840,1044,30.9286,NA,NA,NA,NA,NA,0.159
Sierra Leone,Africa,1956,SLE,2147935,1070,31.3154,NA,NA,NA,NA,NA,0.159
Sierra Leone,Africa,1957,SLE,2176218,1093,31.7683,NA,NA,NA,NA,NA,0.165
Sierra Leone,Africa,1958,SLE,2204791,1109,32.1409,NA,NA,NA,NA,NA,0.224
Sierra Leone,Africa,1959,SLE,2234981,1157,32.5565,NA,NA,NA,NA,NA,0.224
Sierra Leone,Africa,1960,SLE,2268311,1176,33.0904,NA,NA,NA,NA,NA,0.234
Sierra Leone,Africa,1961,SLE,2304180,1181,33.6328,NA,NA,NA,NA,NA,0.246
Sierra Leone,Africa,1962,SLE,2342196,1216,34.155,NA,NA,NA,NA,NA,0.36
Sierra Leone,Africa,1963,SLE,2382206,1218,34.7047,NA,NA,NA,NA,NA,0.359
Sierra Leone,Africa,1964,SLE,2424350,1215,35.2976,NA,NA,NA,NA,NA,0.366
Sierra Leone,Africa,1965,SLE,2468618,1282,35.93,NA,NA,NA,NA,NA,0.36
Sierra Leone,Africa,1966,SLE,2514598,1342,36.6399,NA,NA,NA,NA,NA,0.36
Sierra Leone,Africa,1967,SLE,2562340,1313,37.2809,NA,NA,NA,NA,NA,0.239
Sierra Leone,Africa,1968,SLE,2611492,1420,37.7605,NA,NA,NA,NA,NA,0.169
Sierra Leone,Africa,1969,SLE,2661322,1525,38.2297,NA,NA,NA,NA,NA,0.16
Sierra Leone,Africa,1970,SLE,2712242,1553,38.619,NA,NA,NA,NA,NA,0.16
Sierra Leone,Africa,1971,SLE,2763179,1535,39.1043,NA,NA,NA,NA,NA,0.196
Sierra Leone,Africa,1972,SLE,2814349,1525,39.5048,NA,NA,NA,NA,NA,0.205
Sierra Leone,Africa,1973,SLE,2866912,1553,39.9603,NA,NA,NA,NA,NA,0.225
Sierra Leone,Africa,1974,SLE,2920413,1581,40.4117,NA,NA,NA,NA,NA,0.235
Sierra Leone,Africa,1975,SLE,2974611,1551,40.9897,20.26835234,19.30801756,NA,NA,NA,0.235
Sierra Leone,Africa,1976,SLE,3028779,1511,41.4253,20.38979034,19.4176308,NA,NA,NA,0.235
Sierra Leone,Africa,1977,SLE,3085304,1495,41.8258,20.50643255,19.52493224,NA,NA,NA,0.224
Sierra Leone,Africa,1978,SLE,3145470,1524,42.1916,20.61883826,19.63057652,NA,NA,NA,0.198
Sierra Leone,Africa,1979,SLE,3207454,1572,42.53,20.72814839,19.73385348,NA,NA,NA,0.19
Sierra Leone,Africa,1980,SLE,3272052,1584,42.8389,20.8346425,19.83580052,NA,NA,NA,0.187
Sierra Leone,Africa,1981,SLE,3338897,1615,43.0856,20.93890358,19.93654709,NA,NA,NA,0.179
Sierra Leone,Africa,1982,SLE,3408143,1610,43.3021,21.0413609,20.03569572,NA,NA,NA,0.181
Sierra Leone,Africa,1983,SLE,3481588,1575,43.4548,21.14230885,20.13378402,NA,NA,NA,0.182
Sierra Leone,Africa,1984,SLE,3558718,1608,43.5611,21.24218865,20.23068521,NA,NA,NA,0.182
Sierra Leone,Africa,1985,SLE,3638396,1610,43.5563,21.34096628,20.32625218,NA,NA,NA,0.183
Sierra Leone,Africa,1986,SLE,3728330,1597,43.5025,21.43699693,20.41904591,NA,NA,NA,0.195
Sierra Leone,Africa,1987,SLE,3829680,1624,43.7482,21.53053559,20.50906926,NA,NA,NA,0.195
Sierra Leone,Africa,1988,SLE,3934469,1626,43.7652,21.62230658,20.59629329,NA,NA,NA,0.195
Sierra Leone,Africa,1989,SLE,4033983,1642,43.7413,21.71199483,20.68048251,NA,NA,12.87,0.194
Sierra Leone,Africa,1990,SLE,4196781,1635,43.7204,21.7997722,20.76215624,NA,NA,NA,0.194
Sierra Leone,Africa,1991,SLE,4246212,1467.3888,43.287,21.88537049,20.84028442,4.056,NA,NA,0.197
Sierra Leone,Africa,1992,SLE,4166312,1354.9681,43.451,21.96939013,20.9148116,4.248,NA,NA,0.166
Sierra Leone,Africa,1993,SLE,4157079,1405.1628,43.4277,22.05206593,20.9864251,4.27,NA,NA,0.146
Sierra Leone,Africa,1994,SLE,4173057,1500.2092,42.808,22.13424053,21.05558929,4.316,NA,NA,0.153
Sierra Leone,Africa,1995,SLE,4179128,1383.1082,42.5787,22.21799832,21.12259838,4.21,NA,NA,0.158
Sierra Leone,Africa,1996,SLE,4199156,1060.5624,43.5283,22.30395824,21.18853884,4.21,NA,NA,0.284
Sierra Leone,Africa,1997,SLE,4253654,885.29846,43.6493,22.39199216,21.25393597,4.251,NA,NA,0.296
Sierra Leone,Africa,1998,SLE,4295732,882.7294,42.7144,22.48263294,21.31925756,4.159,NA,NA,0.218
Sierra Leone,Africa,1999,SLE,4317994,814.1233,41.9622,22.57506751,21.38359688,4.198,NA,NA,0.229
Sierra Leone,Africa,2000,SLE,4423561,828.7939,44.8341,22.66824574,21.44710791,4.081,NA,NA,0.23
Sierra Leone,Africa,2001,SLE,4692675,923.0458,45.4476,22.76027649,21.50918177,4.161,NA,NA,0.23
Sierra Leone,Africa,2002,SLE,4971379,1101.7504,46.1739,22.84956329,21.56930262,3.901,NA,NA,0.43
Sierra Leone,Africa,2003,SLE,5177633,1156.5192,46.7843,22.93429527,21.62759481,3.879,NA,12.76,0.552
Sierra Leone,Africa,2004,SLE,5355672,1197.153,47.4853,23.01362178,21.68270231,3.42,NA,NA,0.552
Sierra Leone,Africa,2005,SLE,5501660,1223.7015,48.306,23.08681021,21.73271353,3.724,NA,NA,0.552
Sierra Leone,Africa,2006,SLE,5624421,1247.2528,49.5472,23.15433104,21.77733622,3.9,NA,NA,0.552
Sierra Leone,Africa,2007,SLE,5749300,1320.7577000000001,50.0239,23.21644424,21.81551149,4.018,11.649975,NA,0.537
Sierra Leone,Africa,2008,SLE,5894681,1363.4875,50.6927,23.2724654,21.84664333,4.14,8.211124,NA,0.514
Sierra Leone,Africa,2009,SLE,6055607,1378.3579,51.3124,23.32250766,21.86918796,4.282,7.469019,NA,0.514
Sierra Leone,Africa,2010,SLE,6222667,1421.1521,51.9272,23.36691551,21.88365066,4.427,7.1856627,NA,0.514
Sierra Leone,Africa,2011,SLE,6387207,1479,52.5936,23.40762249,21.89261908,4.554,6.791383,10.51,0.514
Sierra Leone,Africa,2012,SLE,6551025,1665,53.159,23.44453937,21.89727813,4.56,6.5877624,NA,0.5
Sierra Leone,Africa,2013,SLE,6714007,1965,54.0515,23.47978915,21.9001137,4.538,5.524129,NA,0.5
Sierra Leone,Africa,2014,SLE,6876331,2007,54.2809,23.5147628,21.90357485,4.678,4.639312,NA,0.5
Sierra Leone,Africa,2015,SLE,7037607,1563,55.454,23.54931547,21.90734103,4.621,6.6894355,NA,0.5
Sierra Leone,Africa,2016,SLE,7205291,1622.4203,56.9368,23.58342185,21.9114498,4.312,10.886061,NA,0.5
Sierra Leone,Africa,2017,SLE,7379254,1643.3287,57.761,NA,NA,3.848,18.22151,NA,0.502
Sierra Leone,Africa,2018,SLE,7554518,1660.427,59.0587,NA,NA,3.193,16.029545,14.78,0.539
Sierra Leone,Africa,2019,SLE,7731946,1707.3713,59.5935,NA,NA,3.204,14.804999,NA,0.544
Sierra Leone,Africa,2020,SLE,7912509,1635.713,59.6935,NA,NA,3.485,13.446871,NA,0.548
Sierra Leone,Africa,2021,SLE,8094551,1665.1047,60.2596,NA,NA,3.516,11.873959,NA,0.551
Sierra Leone,Africa,2022,SLE,8276759,1690.4982,61.2748,NA,NA,3.194,27.208288,14.78,0.564
Sierra Leone,Africa,2023,SLE,8460469,NA,61.7858,NA,NA,3.174,47.64287,14.78,0.493
Singapore,Asia,1952,SGP,1126048,2342,56.4258,NA,NA,NA,NA,NA,0.198
Singapore,Asia,1953,SGP,1187471,2794,57.4671,NA,NA,NA,NA,NA,0.197
Singapore,Asia,1954,SGP,1252238,3202,59.4233,NA,NA,NA,NA,NA,0.197
Singapore,Asia,1955,SGP,1320181,2946,61.2143,NA,NA,NA,NA,NA,0.252
Singapore,Asia,1956,SGP,1390908,3241,62.6169,NA,NA,NA,NA,NA,0.277
Singapore,Asia,1957,SGP,1458242,2874,63.3944,NA,NA,NA,NA,NA,0.277
Singapore,Asia,1958,SGP,1515687,2880,64.0265,NA,NA,NA,NA,NA,0.277
Singapore,Asia,1959,SGP,1567707,3239,64.7941,NA,NA,NA,NA,NA,0.401
Singapore,Asia,1960,SGP,1619267,3464,65.2968,NA,NA,NA,NA,NA,0.409
Singapore,Asia,1961,SGP,1670427,3623,65.6863,NA,NA,NA,0.4,NA,0.409
Singapore,Asia,1962,SGP,1721136,3775,66.0904,NA,NA,NA,0.41958043,NA,0.409
Singapore,Asia,1963,SGP,1771469,4049,66.4883,NA,NA,NA,2.2051997,NA,0.403
Singapore,Asia,1964,SGP,1821418,3800,66.7124,NA,NA,NA,1.7260958,NA,0.335
Singapore,Asia,1965,SGP,1870777,3991,66.9432,NA,NA,NA,0.1786113,NA,0.314
Singapore,Asia,1966,SGP,1919041,4317,67.2369,NA,NA,NA,2.0057945,NA,0.308
Singapore,Asia,1967,SGP,1965633,4741,67.3308,NA,NA,NA,3.3428009,NA,0.308
Singapore,Asia,1968,SGP,2010055,5294,67.6627,NA,NA,NA,0.6553911,NA,0.314
Singapore,Asia,1969,SGP,2052118,5931,68.0756,NA,NA,NA,-0.2730519,9.98,0.316
Singapore,Asia,1970,SGP,2091521,6650,68.4999,NA,NA,NA,0.46335298,10.47,0.316
Singapore,Asia,1971,SGP,2128399,7318,68.7955,NA,NA,NA,1.7610062,10.31,0.316
Singapore,Asia,1972,SGP,2164297,8155,68.9641,NA,NA,NA,2.080758,10.62,0.319
Singapore,Asia,1973,SGP,2200095,8894,69.3571,NA,NA,NA,19.63673,10.8,0.327
Singapore,Asia,1974,SGP,2235025,9314,69.7088,NA,NA,NA,22.368422,10.19,0.327
Singapore,Asia,1975,SGP,2268489,9602,70.2322,23.79629955,22.38192917,NA,2.5365317,10.33,0.327
Singapore,Asia,1976,SGP,2300704,10178,70.5699,23.78273655,22.43753475,NA,-1.841893,10.15,0.327
Singapore,Asia,1977,SGP,2331500,10790,70.8837,23.76919451,22.49331609,NA,3.1639502,9.690001,0.329
Singapore,Asia,1978,SGP,2360567,11588,71.1631,23.75556521,22.54964801,NA,4.872544,9.79,0.329
Singapore,Asia,1979,SGP,2388105,12521,71.3566,23.74225154,22.60578018,NA,4.0764656,10.809999,0.329
Singapore,Asia,1980,SGP,2437450,13601,71.5285,23.72921117,22.66191823,NA,8.526943,10.28,0.336
Singapore,Asia,1981,SGP,2531758,14335,71.7476,23.71682612,22.71829198,NA,8.182022,10.21,0.345
Singapore,Asia,1982,SGP,2627373,14687,72.0149,23.70494171,22.77485665,NA,3.9162867,10.65,0.345
Singapore,Asia,1983,SGP,2685940,15720,72.4147,23.69330311,22.83123379,NA,1.1964108,10.26,0.345
Singapore,Asia,1984,SGP,2720887,16767,72.6028,23.68183872,22.88746143,NA,2.6009853,9.91,0.345
Singapore,Asia,1985,SGP,2734979,16611,73.1235,23.67035849,22.94378457,NA,0.48012292,10.5,0.347
Singapore,Asia,1986,SGP,2744624,16831,73.5641,23.65891236,23.00000429,NA,-1.3857033,9.9,0.352
Singapore,Asia,1987,SGP,2781580,18345,74.0353,23.64739174,23.05615277,NA,0.52330655,11.16,0.353
Singapore,Asia,1988,SGP,2848994,19853,74.0494,23.63595477,23.11224923,NA,1.5231851,10.37,0.353
Singapore,Asia,1989,SGP,2938607,21221,74.3325,23.62418474,23.16802671,NA,2.3454564,11.14,0.352
Singapore,Asia,1990,SGP,3039544,22666,74.5982,23.61174358,23.22319513,NA,3.4607534,10.61,0.365
Singapore,Asia,1991,SGP,3136244,23636.684,75.0582,23.59843907,23.27724271,2.18,3.4257016,9.83,0.37
Singapore,Asia,1992,SGP,3226410,24775.57,75.3265,23.5845507,23.33013345,3.09,2.2630713,10.13,0.362
Singapore,Asia,1993,SGP,3317840,27073.715,75.5328,23.5701211,23.38166905,3.07,2.2892997,9.87,0.364
Singapore,Asia,1994,SGP,3417765,29454.613,75.6269,23.55401226,23.43140038,3.03,3.1001327,9.64,0.368
Singapore,Asia,1995,SGP,3533576,30957.287,75.7249,23.53611038,23.47891742,3.3,1.7205338,9.6,0.368
Singapore,Asia,1996,SGP,3664512,32724.488,76.0504,23.51691221,23.52515655,3.57,1.3831805,10.18,0.368
Singapore,Asia,1997,SGP,3796580,34868.066,76.3889,23.49684145,23.57007847,2.5,2.0035863,9.9,0.374
Singapore,Asia,1998,SGP,3901362,33590.48,76.851,23.47626029,23.61456711,3.41,-0.26750228,11.27,0.374
Singapore,Asia,1999,SGP,3966504,35156.117,77.2711,23.45582233,23.65856791,4.85,0.016709834,12.82,0.37
Singapore,Asia,2000,SGP,4035193,37772.758,77.7525,23.43513921,23.70188036,3.7,1.3616239,13.73,0.381
Singapore,Asia,2001,SGP,4116123,36864.574,78.2668,23.41364358,23.74476067,3.76,0.997198,14.23,0.381
Singapore,Asia,2002,SGP,4146847,37829.906,78.7357,23.39197907,23.78721223,5.65,-0.39167687,15.03,0.377
Singapore,Asia,2003,SGP,4138194,38950.746,79.1777,23.36976625,23.8288357,5.93,0.5079053,13.45,0.377
Singapore,Asia,2004,SGP,4172716,42111.168,79.6584,23.34770339,23.8699784,5.84,1.6627272,15.51,0.377
Singapore,Asia,2005,SGP,4268321,44698.84,80.2706,23.32574328,23.91084998,5.59,0.4251063,13.67,0.372
Singapore,Asia,2006,SGP,4407007,48073.59,80.6404,23.30424806,23.95137127,4.48,0.9629018,15.780001,0.387
Singapore,Asia,2007,SGP,4596463,51844.062,80.8845,23.28372953,23.99260702,3.9,2.10488,13.160001,0.385
Singapore,Asia,2008,SGP,4806683,52180.17,81.0992,23.26463639,24.03441955,3.96,6.627782,15.23,0.391
Singapore,Asia,2009,SGP,4968522,51344.477,81.4282,23.24700518,24.07699674,5.86,0.5967203,13.71,0.39
Singapore,Asia,2010,SGP,5076973,58612.73,81.6472,23.22985639,24.12050508,4.12,2.8236613,13.28,0.39
Singapore,Asia,2011,SGP,5182186,61672,81.9417,23.21363709,24.1649395,3.89,5.247793,13.410001,0.404
Singapore,Asia,2012,SGP,5293298,62855.523,82.2089,23.19846219,24.21109683,3.72,4.5756025,14.059999,0.42
Singapore,Asia,2013,SGP,5385542,64821.926,82.4676,23.18388652,24.25784717,3.86,2.3586042,13.45,0.416
Singapore,Asia,2014,SGP,5457856,66498.555,82.6146,23.16981116,24.305316,3.74,1.025148,NA,0.416
Singapore,Asia,2015,SGP,5525299,67673.94,82.7479,23.15619575,24.35347984,3.79,-0.5226182,NA,0.415
Singapore,Asia,2016,SGP,5577892,69211.05,82.897,23.14285847,24.4019799,4.08,-0.53226876,NA,0.427
Singapore,Asia,2017,SGP,5604041,72292.04,83.0947,NA,NA,4.2,0.5762603,NA,0.422
Singapore,Asia,2018,SGP,5634310,74518.15,83.3783,NA,NA,3.613,0.43862012,NA,0.411
Singapore,Asia,2019,SGP,5669500,74649.734,83.6622,NA,NA,3.1,0.5652606,NA,0.405
Singapore,Asia,2020,SGP,5620104,71964.7,83.6607,NA,NA,4.1,-0.18191667,NA,0.4
Singapore,Asia,2021,SGP,5546240,77945.484,83.4846,NA,NA,4.64,2.3048596,NA,0.395
Singapore,Asia,2022,SGP,5649833,80320.086,82.9211,NA,NA,3.591,6.12106,15.549999,0.395
Singapore,Asia,2023,SGP,5789037,NA,83.7362,NA,NA,3.472,4.8214674,13.62,0.403
Slovakia,Europe,1952,SVK,3591799,NA,64.3036,NA,NA,NA,NA,NA,0.187
Slovakia,Europe,1953,SVK,3660026,NA,65.65,NA,NA,NA,NA,NA,0.138
Slovakia,Europe,1954,SVK,3727994,NA,66.6908,NA,NA,NA,NA,NA,0.128
Slovakia,Europe,1955,SVK,3797306,NA,67.8456,NA,NA,NA,NA,NA,0.131
Slovakia,Europe,1956,SVK,3868216,NA,68.374,NA,NA,NA,NA,NA,0.131
Slovakia,Europe,1957,SVK,3936791,NA,67.4629,NA,NA,NA,NA,NA,0.139
Slovakia,Europe,1958,SVK,4002652,NA,69.3571,NA,NA,NA,NA,NA,0.195
Slovakia,Europe,1959,SVK,4064629,NA,69.0091,NA,NA,NA,NA,NA,0.195
Slovakia,Europe,1960,SVK,4124396,NA,70.3364,NA,NA,NA,NA,NA,0.195
Slovakia,Europe,1961,SVK,4185297,NA,70.7894,NA,NA,NA,NA,NA,0.194
Slovakia,Europe,1962,SVK,4235745,NA,70.3259,NA,NA,NA,NA,NA,0.195
Slovakia,Europe,1963,SVK,4278421,NA,70.6883,NA,NA,NA,NA,NA,0.196
Slovakia,Europe,1964,SVK,4323247,NA,71.0767,NA,NA,NA,NA,NA,0.198
Slovakia,Europe,1965,SVK,4364999,NA,70.2836,NA,NA,NA,NA,NA,0.198
Slovakia,Europe,1966,SVK,4402156,NA,70.4187,NA,NA,NA,NA,NA,0.198
Slovakia,Europe,1967,SVK,4436060,NA,70.9677,NA,NA,NA,NA,NA,0.205
Slovakia,Europe,1968,SVK,4466383,NA,70.464,NA,NA,NA,NA,NA,0.16
Slovakia,Europe,1969,SVK,4494987,NA,69.8044,NA,NA,NA,NA,NA,0.14
Slovakia,Europe,1970,SVK,4525824,NA,69.7226,NA,NA,NA,NA,NA,0.133
Slovakia,Europe,1971,SVK,4560368,NA,69.8642,NA,NA,NA,NA,NA,0.132
Slovakia,Europe,1972,SVK,4599747,NA,70.3009,NA,NA,NA,NA,NA,0.131
Slovakia,Europe,1973,SVK,4643635,NA,70.0292,NA,NA,NA,NA,NA,0.132
Slovakia,Europe,1974,SVK,4690601,NA,70.1773,NA,NA,NA,NA,NA,0.132
Slovakia,Europe,1975,SVK,4739131,NA,70.3033,24.27167604,24.64434073,NA,NA,NA,0.169
Slovakia,Europe,1976,SVK,4788468,NA,70.4656,24.34520387,24.73591303,NA,NA,NA,0.195
Slovakia,Europe,1977,SVK,4837648,NA,70.4074,24.41766663,24.82760374,NA,NA,NA,0.196
Slovakia,Europe,1978,SVK,4885686,NA,70.4218,24.48914788,24.9193026,NA,NA,NA,0.196
Slovakia,Europe,1979,SVK,4933398,NA,70.7419,24.55871728,25.01018369,NA,NA,NA,0.196
Slovakia,Europe,1980,SVK,4976613,NA,70.3802,24.62665133,25.10067647,NA,NA,5.2400002,0.196
Slovakia,Europe,1981,SVK,5014906,NA,70.6229,24.68715993,25.18718616,NA,NA,NA,0.195
Slovakia,Europe,1982,SVK,5051756,NA,70.7606,24.74103837,25.2692984,NA,NA,NA,0.195
Slovakia,Europe,1983,SVK,5086399,NA,70.4753,24.78865933,25.34730252,NA,NA,NA,0.195
Slovakia,Europe,1984,SVK,5119354,NA,70.7103,24.83057494,25.42147092,NA,NA,NA,0.195
Slovakia,Europe,1985,SVK,5151107,11815,70.7208,24.86728833,25.49096714,NA,NA,5.2400002,0.195
Slovakia,Europe,1986,SVK,5180038,12242,70.8861,24.89871734,25.5560209,NA,NA,NA,0.197
Slovakia,Europe,1987,SVK,5205843,12473,71.0679,24.92561318,25.61659068,NA,NA,NA,0.197
Slovakia,Europe,1988,SVK,5229632,12659,71.1261,24.9482896,25.67309324,NA,NA,5.26,0.136
Slovakia,Europe,1989,SVK,5249882,12734,70.9375,24.96792248,25.72557327,NA,NA,NA,0.146
Slovakia,Europe,1990,SVK,5266022,12374,70.819,24.98538281,25.77575378,NA,NA,NA,0.8
Slovakia,Europe,1991,SVK,5284824,10537.41,70.9212,24.99785406,25.82229646,12.154,NA,NA,0.888
Slovakia,Europe,1992,SVK,5306409,9838.615,71.3652,25.00592568,25.86571515,12.206,9.893505,NA,0.888
Slovakia,Europe,1993,SVK,5326307,10481.115,71.8803,25.01112165,25.90748801,12.2,23.287027,NA,0.751
Slovakia,Europe,1994,SVK,5343170,11063.948,72.3295,25.01461518,25.94880856,13.654,13.415521,NA,0.707
Slovakia,Europe,1995,SVK,5354244,11874.398,72.2537,25.0178223,25.99035653,13.109,9.841096,NA,0.706
Slovakia,Europe,1996,SVK,5362376,12622.909,72.7385,25.02172004,26.03426856,11.341,5.775828,NA,0.706
Slovakia,Europe,1997,SVK,5369731,13335.459,72.6887,25.02780612,26.08075482,11.894,6.14199,6.26,0.706
Slovakia,Europe,1998,SVK,5374745,13822.1875,72.573,25.03747749,26.13209903,12.421,6.6656513,7.12,0.764
Slovakia,Europe,1999,SVK,5378056,13750.333,72.9625,25.05130954,26.18791748,16.099,10.570441,7.52,0.841
Slovakia,Europe,2000,SVK,5379951,13904.985,73.1393,25.068934,26.2481628,18.546,12.035781,7.6899996,0.847
Slovakia,Europe,2001,SVK,5379393,14361.901,73.5706,25.09027295,26.31208662,19.149,7.3296204,8.92,0.847
Slovakia,Europe,2002,SVK,5377634,14984.731,73.765,25.11539262,26.37909108,18.541,3.1271422,8.25,0.847
Slovakia,Europe,2003,SVK,5376146,15773.095,73.8185,25.1444331,26.44931728,17.55,8.554143,7.96,0.846
Slovakia,Europe,2004,SVK,5375995,16570.861,74.2172,25.1774244,26.52283668,18.206,7.548501,10.0199995,0.846
Slovakia,Europe,2005,SVK,5376650,17649.52,74.1562,25.21365111,26.59940013,16.276,2.709085,9.42,0.846
Slovakia,Europe,2006,SVK,5376793,19099.428,74.4161,25.25269862,26.67816483,13.395,4.483331,9.52,0.822
Slovakia,Europe,2007,SVK,5376949,21109.94,74.4947,25.29425466,26.75871852,11.16,2.7567236,9.38,0.831
Slovakia,Europe,2008,SVK,5379075,22231.988,74.8643,25.33784244,26.84019559,9.514,4.59818,8.62,0.835
Slovakia,Europe,2009,SVK,5385027,20953.037,75.2175,25.38279112,26.92259596,12.023,1.6151047,9.26,0.839
Slovakia,Europe,2010,SVK,5391807,21941.213,75.4963,25.42834912,27.00570285,14.387,0.95701814,11.08,0.852
Slovakia,Europe,2011,SVK,5398048,22483,76.0181,25.47540925,27.09003705,13.634,3.919286,9.63,0.855
Slovakia,Europe,2012,SVK,5404834,22745.203,76.1764,25.52347192,27.17662788,13.966,3.6061027,9.68,0.848
Slovakia,Europe,2013,SVK,5410370,22860.525,76.5139,25.57254928,27.26549518,14.227,1.4004737,11.68,0.837
Slovakia,Europe,2014,SVK,5415184,23453.041,76.8484,25.62267267,27.35761318,11.537,-0.076165326,10.31,0.839
Slovakia,Europe,2015,SVK,5420221,24647.719,76.6505,25.67360232,27.45215582,11.492,-0.32521978,11.89,0.844
Slovakia,Europe,2016,SVK,5427217,25087.715,77.2156,25.72590086,27.54900625,9.679,-0.5200102,9.22,0.844
Slovakia,Europe,2017,SVK,5435643,25788.756,77.22,NA,NA,8.142,1.3119459,8.55,0.84
Slovakia,Europe,2018,SVK,5443188,26790.652,77.265,NA,NA,6.544,2.5140371,8.309999,0.821
Slovakia,Europe,2019,SVK,5450575,27429.225,77.6863,NA,NA,5.761,2.6645613,NA,0.844
Slovakia,Europe,2020,SVK,5454981,26468.295,76.8643,NA,NA,6.719,1.9369413,NA,0.843
Slovakia,Europe,2021,SVK,5442712,27365.623,74.5901,NA,NA,6.894,3.1496062,NA,0.844
Slovakia,Europe,2022,SVK,5473145,27519.287,77.0356,NA,NA,6.143,12.774146,6.48,0.841
Slovakia,Europe,2023,SVK,5518008,NA,78.3414,NA,NA,5.84,10.531948,9.95,0.817
Slovenia,Europe,1952,SVN,1479622,3934,63.8311,NA,NA,NA,NA,NA,0.094
Slovenia,Europe,1953,SVN,1497517,4106,65.3235,NA,NA,NA,NA,NA,0.095
Slovenia,Europe,1954,SVN,1515552,4623,66.0659,NA,NA,NA,NA,NA,0.094
Slovenia,Europe,1955,SVN,1532588,5002,66.0674,NA,NA,NA,NA,NA,0.094
Slovenia,Europe,1956,SVN,1548714,4889,66.5023,NA,NA,NA,NA,NA,0.094
Slovenia,Europe,1957,SVN,1564107,5432,67.0387,NA,NA,NA,NA,NA,0.094
Slovenia,Europe,1958,SVN,1578490,6005,67.6677,NA,NA,NA,NA,NA,0.093
Slovenia,Europe,1959,SVN,1592075,6304,68.1529,NA,NA,NA,NA,NA,0.093
Slovenia,Europe,1960,SVN,1605033,7165,68.5344,NA,NA,NA,NA,NA,0.093
Slovenia,Europe,1961,SVN,1618516,7760,68.8851,NA,NA,NA,NA,NA,0.093
Slovenia,Europe,1962,SVN,1633036,8027,68.851,NA,NA,NA,NA,NA,0.093
Slovenia,Europe,1963,SVN,1647399,8871,68.6072,NA,NA,NA,NA,NA,0.094
Slovenia,Europe,1964,SVN,1661305,9624,68.4869,NA,NA,NA,NA,NA,0.094
Slovenia,Europe,1965,SVN,1675272,9589,68.7006,NA,NA,NA,NA,NA,0.094
Slovenia,Europe,1966,SVN,1689595,10029,68.8814,NA,NA,NA,NA,NA,0.094
Slovenia,Europe,1967,SVN,1703828,10264,68.9725,NA,NA,NA,NA,NA,0.095
Slovenia,Europe,1968,SVN,1716881,10822,68.6083,NA,NA,NA,NA,NA,0.095
Slovenia,Europe,1969,SVN,1728637,11775,68.5912,NA,NA,NA,NA,NA,0.095
Slovenia,Europe,1970,SVN,1739819,12803,69.0488,NA,NA,NA,NA,NA,0.095
Slovenia,Europe,1971,SVN,1752675,13657,69.715,NA,NA,NA,NA,NA,0.095
Slovenia,Europe,1972,SVN,1768179,14269,70.33,NA,NA,NA,NA,NA,0.095
Slovenia,Europe,1973,SVN,1784523,15079,70.7523,NA,NA,NA,NA,NA,0.095
Slovenia,Europe,1974,SVN,1800978,16420,71.0388,NA,NA,NA,NA,NA,0.092
Slovenia,Europe,1975,SVN,1817540,17205,71.0825,24.2084927,23.77146975,NA,NA,NA,0.095
Slovenia,Europe,1976,SVN,1834309,17462,71.1377,24.30917357,23.86623406,NA,NA,NA,0.095
Slovenia,Europe,1977,SVN,1851278,18595,71.2652,24.40851576,23.96117973,NA,NA,NA,0.095
Slovenia,Europe,1978,SVN,1868470,20014,71.5871,24.50672116,24.05608544,NA,NA,NA,0.095
Slovenia,Europe,1979,SVN,1885870,21367,71.6255,24.60342547,24.15036357,NA,NA,NA,0.095
Slovenia,Europe,1980,SVN,1903036,21151,71.8172,24.69849536,24.24396608,NA,NA,NA,0.115
Slovenia,Europe,1981,SVN,1914544,20929,71.6474,24.78383953,24.33162026,NA,42.62295,NA,0.137
Slovenia,Europe,1982,SVN,1917933,20535,71.3683,24.86075242,24.4135609,NA,30.112543,NA,0.137
Slovenia,Europe,1983,SVN,1923315,20451,71.1885,24.9294621,24.49017809,NA,40.213493,NA,0.137
Slovenia,Europe,1984,SVN,1932657,20650,71.3331,24.99127516,24.56189073,NA,53.671967,NA,0.137
Slovenia,Europe,1985,SVN,1941433,20663,71.8019,25.04706307,24.62886448,NA,79.40638,NA,0.137
Slovenia,Europe,1986,SVN,1964786,21122,72.0879,25.09582582,24.6900393,NA,95.886505,NA,0.137
Slovenia,Europe,1987,SVN,1987975,20851,72.4437,25.13901442,24.74640175,NA,132.07272,NA,0.138
Slovenia,Europe,1988,SVN,1993477,20083,72.7634,25.17708397,24.79791486,NA,198.75371,NA,0.139
Slovenia,Europe,1989,SVN,1995417,19837,73.2901,25.21176677,24.84532836,NA,1281.4435,NA,0.248
Slovenia,Europe,1990,SVN,1997968,18093,73.4654,25.24446451,24.89088772,NA,552.08356,NA,0.626
Slovenia,Europe,1991,SVN,1999136,16401.959,73.4746,25.27563237,24.93454462,7.08,114.83294,NA,0.817
Slovenia,Europe,1992,SVN,1995805,15462.71,73.4192,25.30623947,24.97767292,7.823,209.93373,4.8300004,0.853
Slovenia,Europe,1993,SVN,1990771,15872.12,73.584,25.33708334,25.02186087,8.51,31.76213,5.65,0.847
Slovenia,Europe,1994,SVN,1988211,16664.705,73.9062,25.36877406,25.06779676,8.24,20.991817,5.92,0.851
Slovenia,Europe,1995,SVN,1988051,17816.8,74.4188,25.40255886,25.1162108,7.15,13.46373,6.44,0.848
Slovenia,Europe,1996,SVN,1986738,18376.246,74.7968,25.439296680000002,25.16852404,6.886,9.86445,6.5899997,0.856
Slovenia,Europe,1997,SVN,1984355,19258.945,74.9886,25.47990367,25.22498539,6.658,8.3596800000000009,6.95,0.842
Slovenia,Europe,1998,SVN,1980016,19851.057,75.1392,25.52505239,25.28710854,7.4,7.8911667,7.2400002,0.842
Slovenia,Europe,1999,SVN,1981145,20793.918,75.4538,25.57461554,25.35430186,7.33,6.1555877,7.7299995,0.84
Slovenia,Europe,2000,SVN,1986774,21501.336,75.8302,25.62846959,25.42579528,6.92,8.911744,7.2599998,0.843
Slovenia,Europe,2001,SVN,1989637,22006.953,76.1809,25.68529267,25.50050514,5.685,8.379666,6.89,0.832
Slovenia,Europe,2002,SVN,1991524,22725.312,76.3155,25.74509944,25.57786723,5.927,7.4807777,6.92,0.848
Slovenia,Europe,2003,SVN,1992449,23257.422,76.3172,25.80770908,25.65719635,6.481,5.544164,7.5099998,0.845
Slovenia,Europe,2004,SVN,1993503,24150.584,76.9319,25.87292752,25.73865946,6.017,3.5929759,7.58,0.828
Slovenia,Europe,2005,SVN,1996858,24966.94,77.5029,25.94007932,25.82191073,6.515,2.4515014,7.43,0.826
Slovenia,Europe,2006,SVN,2003069,26182.78,77.8204,26.00874108,25.90622452,5.957,2.4579244,7.76,0.824
Slovenia,Europe,2007,SVN,2014110,27832.764,78.2855,26.07868746,25.99077034,4.828,3.6574957,8.17,0.829
Slovenia,Europe,2008,SVN,2025041,28473.596,78.595,26.14941668,26.0746233,4.379,5.6474237,7.98,0.829
Slovenia,Europe,2009,SVN,2035555,25905.512,79.027,26.22020441,26.15820604,5.869,0.83926225,7.0600004,0.878
Slovenia,Europe,2010,SVN,2044566,26000.92,79.3008,26.29097914,26.24160506,7.248,1.8011702,7.12,0.873
Slovenia,Europe,2011,SVN,2048754,26004,79.5884,26.36287011,26.32612781,8.182,1.8028517,6.9700003,0.863
Slovenia,Europe,2012,SVN,2053274,25269.232,79.7652,26.43606642,26.41266263,8.852,2.5974138,6.91,0.848
Slovenia,Europe,2013,SVN,2056403,24975.363,80.0884,26.51047493,26.50140105,10.116,1.7692008,7.04,0.863
Slovenia,Europe,2014,SVN,2058351,25638.66,80.2517,26.58580426,26.59301134,9.692,0.19934383,7.76,0.865
Slovenia,Europe,2015,SVN,2059899,26186.248,80.4994,26.66169011,26.68745865,8.975,-0.5255523,7.0600004,0.876
Slovenia,Europe,2016,SVN,2061329,27004.717,80.512,26.73878467,26.78385887,8.007,-0.05499954,7.2999997,0.863
Slovenia,Europe,2017,SVN,2062366,28288.89,80.6163,NA,NA,6.573,1.4291074,7.98,0.841
Slovenia,Europe,2018,SVN,2069431,29461.344,80.861,NA,NA,5.116,1.7386086,7.92,0.829
Slovenia,Europe,2019,SVN,2083395,30229.299,81.007,NA,NA,4.448,1.6305226,NA,0.812
Slovenia,Europe,2020,SVN,2102370,28733.303,80.3641,NA,NA,4.974,-0.054856814,NA,0.754
Slovenia,Europe,2021,SVN,2113450,31019.943,80.434,NA,NA,4.747,1.917065,NA,0.716
Slovenia,Europe,2022,SVN,2115184,32673.762,80.7933,NA,NA,4.013,8.833699,7.83,0.812
Slovenia,Europe,2023,SVN,2118353,NA,81.6034,NA,NA,3.627,7.446877,7.8599997,0.757
Somalia,Africa,1952,SOM,2340212,NA,41.8748,NA,NA,NA,NA,NA,0.075
Somalia,Africa,1953,SOM,2403532,NA,42.0846,NA,NA,NA,NA,NA,0.075
Somalia,Africa,1954,SOM,2467265,NA,42.2941,NA,NA,NA,NA,NA,0.075
Somalia,Africa,1955,SOM,2532200,NA,42.5036,NA,NA,NA,NA,NA,0.088
Somalia,Africa,1956,SOM,2598331,NA,42.7127,NA,NA,NA,NA,NA,0.279
Somalia,Africa,1957,SOM,2665669,NA,42.9213,NA,NA,NA,NA,NA,0.279
Somalia,Africa,1958,SOM,2733361,NA,43.1289,NA,NA,NA,NA,NA,0.279
Somalia,Africa,1959,SOM,2803049,NA,43.3355,NA,NA,NA,NA,NA,0.275
Somalia,Africa,1960,SOM,2876282,NA,43.5433,NA,NA,NA,NA,NA,0.357
Somalia,Africa,1961,SOM,2952007,NA,43.6667,NA,NA,NA,NA,NA,0.371
Somalia,Africa,1962,SOM,3030048,NA,43.9724,NA,NA,NA,NA,NA,0.367
Somalia,Africa,1963,SOM,3110317,NA,44.1944,NA,NA,NA,NA,NA,0.367
Somalia,Africa,1964,SOM,3192756,NA,44.3928,NA,NA,NA,NA,NA,0.358
Somalia,Africa,1965,SOM,3277816,NA,44.6306,NA,NA,NA,NA,NA,0.346
Somalia,Africa,1966,SOM,3365063,NA,44.8431,NA,NA,NA,NA,NA,0.343
Somalia,Africa,1967,SOM,3454493,NA,45.0511,NA,NA,NA,NA,NA,0.343
Somalia,Africa,1968,SOM,3546538,NA,45.2542,NA,NA,NA,NA,NA,0.343
Somalia,Africa,1969,SOM,3640970,NA,45.4529,NA,NA,NA,NA,NA,0.21
Somalia,Africa,1970,SOM,3738406,NA,45.644,NA,NA,NA,NA,NA,0.076
Somalia,Africa,1971,SOM,3837641,NA,45.8367,NA,NA,NA,NA,NA,0.076
Somalia,Africa,1972,SOM,3939394,NA,46.0321,NA,NA,NA,NA,NA,0.076
Somalia,Africa,1973,SOM,4045532,NA,46.2238,NA,NA,NA,NA,NA,0.076
Somalia,Africa,1974,SOM,4151808,NA,44.2591,NA,NA,NA,NA,NA,0.076
Somalia,Africa,1975,SOM,4257489,NA,44.4902,20.08577791,19.20145737,NA,NA,NA,0.076
Somalia,Africa,1976,SOM,4365765,NA,44.7266,20.20621292,19.32172341,NA,NA,NA,0.076
Somalia,Africa,1977,SOM,4484012,NA,47.0042,20.32246339,19.44003045,NA,NA,NA,0.076
Somalia,Africa,1978,SOM,4814844,NA,47.0131,20.43535235,19.5561141,NA,NA,NA,0.076
Somalia,Africa,1979,SOM,5449062,NA,47.4051,20.5457271,19.67049516,NA,NA,NA,0.076
Somalia,Africa,1980,SOM,5936099,NA,47.6108,20.65381168,19.78324504,NA,NA,NA,0.084
Somalia,Africa,1981,SOM,5982805,NA,47.8174,20.76005157,19.89444402,NA,NA,NA,0.145
Somalia,Africa,1982,SOM,6003787,NA,48.0201,20.86483337,20.00403076,NA,NA,NA,0.145
Somalia,Africa,1983,SOM,6198386,NA,48.2296,20.96853306,20.11282353,NA,NA,NA,0.145
Somalia,Africa,1984,SOM,6428346,NA,48.4378,21.07191561,20.22015598,NA,NA,NA,0.145
Somalia,Africa,1985,SOM,6693242,NA,48.2786,21.17400294,20.32591753,NA,NA,NA,0.142
Somalia,Africa,1986,SOM,6974737,NA,48.4315,21.27609242,20.43076727,NA,NA,NA,0.142
Somalia,Africa,1987,SOM,7228265,NA,49.0015,21.37750933,20.5347285,NA,NA,NA,0.143
Somalia,Africa,1988,SOM,7235317,NA,43.9326,21.47880403,20.6375171,NA,NA,NA,0.143
Somalia,Africa,1989,SOM,7114780,NA,46.6485,21.57976616,20.73887804,NA,NA,NA,0.143
Somalia,Africa,1990,SOM,7082766,NA,46.896,21.67987889,20.83783959,NA,NA,NA,0.144
Somalia,Africa,1991,SOM,6813704,NA,25.4184,21.77907705,20.93451776,19.037,NA,NA,0.133
Somalia,Africa,1992,SOM,6495056,NA,25.0342,21.87669372,21.02766259,19.247,NA,NA,0.154
Somalia,Africa,1993,SOM,6681358,NA,50.5506,21.97256567,21.117063,19.208,NA,NA,0.159
Somalia,Africa,1994,SOM,7026753,NA,50.3025,22.06720862,21.20300495,19.686,NA,NA,0.162
Somalia,Africa,1995,SOM,7284965,NA,50.6499,22.16152039,21.28586776,19.477,NA,NA,0.163
Somalia,Africa,1996,SOM,7554420,NA,50.5244,22.25562621,21.36591954,19.394,NA,NA,0.163
Somalia,Africa,1997,SOM,7824477,NA,50.278,22.35012407,21.4435296,19.033,NA,NA,0.163
Somalia,Africa,1998,SOM,8155372,NA,50.7552,22.44444227,21.51858164,18.947,NA,NA,0.163
Somalia,Africa,1999,SOM,8492010,NA,50.611,22.53848377,21.59102624,18.951,NA,NA,0.163
Somalia,Africa,2000,SOM,8838673,NA,50.7466,22.63227468,21.66097018,18.781,NA,NA,0.174
Somalia,Africa,2001,SOM,9198449,NA,50.8291,22.72553876,21.72869859,18.883,NA,NA,0.172
Somalia,Africa,2002,SOM,9550031,NA,50.8202,22.81701773,21.79516285,18.893,NA,NA,0.172
Somalia,Africa,2003,SOM,9909107,NA,50.7208,22.90716415,21.85977708,18.914,NA,NA,0.172
Somalia,Africa,2004,SOM,10280947,NA,50.6849,22.99515455,21.92295848,18.846,NA,NA,0.175
Somalia,Africa,2005,SOM,10644178,NA,50.8937,23.08045267,21.98332502,18.873,NA,NA,0.177
Somalia,Africa,2006,SOM,10975449,NA,50.9152,23.16385544,22.0417427,18.9,NA,NA,0.178
Somalia,Africa,2007,SOM,11322528,NA,50.8852,23.24553861,22.09774791,18.834,NA,NA,0.178
Somalia,Africa,2008,SOM,11663047,NA,51.4558,23.32632984,22.15102337,18.88,NA,NA,0.178
Somalia,Africa,2009,SOM,11961145,NA,52.101,23.40634877,22.20113367,18.926,NA,NA,0.18
Somalia,Africa,2010,SOM,12261702,NA,48.8996,23.48624251,22.24952389,18.973,NA,NA,0.192
Somalia,Africa,2011,SOM,12348775,NA,32.4525,23.56701504,22.29790249,19.021,NA,NA,0.197
Somalia,Africa,2012,SOM,12461116,NA,49.1384,23.64809457,22.3469261,19.078,NA,NA,0.173
Somalia,Africa,2013,SOM,12869548,NA,54.0163,23.72906467,22.39636832,18.995,NA,NA,0.166
Somalia,Africa,2014,SOM,13339450,NA,54.4421,23.81007083,22.44654107,18.847,NA,NA,0.166
Somalia,Africa,2015,SOM,13806921,NA,55.0555,23.8901343,22.49655431,18.444,NA,NA,0.166
Somalia,Africa,2016,SOM,14348692,NA,55.2828,23.96891503,22.54632092,18.372,NA,NA,0.167
Somalia,Africa,2017,SOM,14916586,NA,52.1901,NA,NA,18.545,NA,16.240002,0.171
Somalia,Africa,2018,SOM,15452434,NA,54.7673,NA,NA,18.783,NA,NA,0.156
Somalia,Africa,2019,SOM,16030917,NA,57.2494,NA,NA,18.828,NA,NA,0.151
Somalia,Africa,2020,SOM,16651150,NA,57.0948,NA,NA,19.35,NA,NA,0.158
Somalia,Africa,2021,SOM,17271386,NA,55.7027,NA,NA,19.553,NA,NA,0.166
Somalia,Africa,2022,SOM,17801848,NA,53.9315,NA,NA,19.128,NA,16.050001,0.162
Somalia,Africa,2023,SOM,18358576,NA,58.8158,NA,NA,19.027,NA,16.04,0.17
South Africa,Africa,1952,ZAF,13595492,4175,45.0469,NA,NA,NA,NA,NA,0.2
South Africa,Africa,1953,ZAF,13892858,4264,46.0535,NA,NA,NA,NA,NA,0.195
South Africa,Africa,1954,ZAF,14203738,4404,47.1192,NA,NA,NA,NA,NA,0.193
South Africa,Africa,1955,ZAF,14533312,4511,48.1727,NA,NA,NA,NA,NA,0.193
South Africa,Africa,1956,ZAF,14880635,4645,49.2144,NA,NA,NA,NA,NA,0.193
South Africa,Africa,1957,ZAF,15244788,4704,50.1955,NA,NA,NA,NA,NA,0.193
South Africa,Africa,1958,ZAF,15620370,4685,51.1486,NA,NA,NA,NA,NA,0.194
South Africa,Africa,1959,ZAF,16014918,4774,51.8817,NA,NA,NA,NA,NA,0.194
South Africa,Africa,1960,ZAF,16440132,4847,52.5751,NA,NA,NA,1.288859,NA,0.189
South Africa,Africa,1961,ZAF,16907992,4929,53.0669,NA,NA,NA,2.102374,NA,0.159
South Africa,Africa,1962,ZAF,17418474,5067,53.5657,NA,NA,NA,1.2462853,NA,0.168
South Africa,Africa,1963,ZAF,17954514,5294,53.8947,NA,NA,NA,1.3379697,NA,0.168
South Africa,Africa,1964,ZAF,18511322,5499,54.2147,NA,NA,NA,2.534973,NA,0.164
South Africa,Africa,1965,ZAF,19089334,5673,54.4272,NA,NA,NA,4.069029,NA,0.164
South Africa,Africa,1966,ZAF,19690028,5762,54.7315,NA,NA,NA,3.4892337,NA,0.164
South Africa,Africa,1967,ZAF,20314032,5993,54.9553,NA,NA,NA,3.5389915,NA,0.164
South Africa,Africa,1968,ZAF,20957242,6087,55.1915,NA,NA,NA,1.9861355,NA,0.164
South Africa,Africa,1969,ZAF,21614631,6290,55.4399,NA,NA,NA,3.2382245,NA,0.164
South Africa,Africa,1970,ZAF,22279946,6448,55.6808,NA,NA,NA,4.991877,NA,0.164
South Africa,Africa,1971,ZAF,22942096,6591,56.0196,NA,NA,NA,5.957398,NA,0.165
South Africa,Africa,1972,ZAF,23609402,6550,56.3767,NA,NA,NA,6.4257083,NA,0.165
South Africa,Africa,1973,ZAF,24294211,6655,56.7198,NA,NA,NA,9.433988,NA,0.165
South Africa,Africa,1974,ZAF,24989057,6853,57.1097,NA,NA,NA,11.724126,NA,0.165
South Africa,Africa,1975,ZAF,25690898,6808,57.5906,26.29783688,22.12720943,NA,13.425941,NA,0.165
South Africa,Africa,1976,ZAF,26395398,6802,58.0003,26.36375032,22.21858182,NA,11.0203905,NA,0.165
South Africa,Africa,1977,ZAF,27118903,6623,58.48,26.42920658,22.3094463,NA,11.151964,NA,0.162
South Africa,Africa,1978,ZAF,27869456,6653,58.9911,26.49397031,22.39973989,NA,11.135608,NA,0.163
South Africa,Africa,1979,ZAF,28634112,6746,59.4725,26.55857018,22.48975583,NA,13.293658,NA,0.163
South Africa,Africa,1980,ZAF,29518811,6998,59.9605,26.62301164,22.57924538,NA,13.660241,NA,0.162
South Africa,Africa,1981,ZAF,30540997,7141,60.4453,26.68836103,22.66943283,NA,15.254244,9.88,0.178
South Africa,Africa,1982,ZAF,31615289,6891,60.9364,26.75471376,22.75997244,NA,14.639032,9.88,0.178
South Africa,Africa,1983,ZAF,32739263,6554,61.3926,26.82239051,22.85031374,NA,12.303207,9.88,0.178
South Africa,Africa,1984,ZAF,33892739,6672,61.8372,26.89094544,22.94003718,NA,11.526482,9.88,0.179
South Africa,Africa,1985,ZAF,35042049,6385,62.1954,26.95946128,23.02839455,NA,16.294228,9.88,0.18
South Africa,Africa,1986,ZAF,36180469,6236,62.4212,27.03067017,23.11728358,NA,18.654919,9.88,0.18
South Africa,Africa,1987,ZAF,37326139,6212,62.6941,27.10406327,23.20630641,NA,16.160582,9.88,0.178
South Africa,Africa,1988,ZAF,38480593,6319,62.9022,27.17932817,23.29437652,NA,12.779545,9.88,0.178
South Africa,Africa,1989,ZAF,39628521,6306,63.0168,27.25595432,23.38097689,NA,14.730918,9.88,0.186
South Africa,Africa,1990,ZAF,40746216,6111,62.9422,27.33312293,23.46525069,NA,14.320955,9.88,0.223
South Africa,Africa,1991,ZAF,41687861,6034.9004,62.9827,27.41015167,23.54688867,20.105,15.334803,10.55,0.253
South Africa,Africa,1992,ZAF,42443459,5901.9844,62.839,27.48730442,23.625799,20.369,13.8746805,10.58,0.253
South Africa,Africa,1993,ZAF,43297110,5965.9116,62.6183,27.5646702,23.70161933,20.295,9.717467,10.3,0.264
South Africa,Africa,1994,ZAF,44004087,6172.9736,62.0693,27.64266449,23.77528983,20.073,8.938525,10.9800005,0.391
South Africa,Africa,1995,ZAF,44541512,6406.428,61.6033,27.72193941,23.84740037,19.799,8.680444,11.7,0.654
South Africa,Africa,1996,ZAF,45122972,6725.791,61.0786,27.80325395,23.9185445,19.643,7.3541136,12.389999,0.659
South Africa,Africa,1997,ZAF,45666787,6950.4717,60.538,27.88681167,23.98944894,19.679,8.597783,13.14,0.659
South Africa,Africa,1998,ZAF,46223832,7024.2954,59.9124,27.97262538,24.06076887,19.821,6.8805466,13.809999,0.664
South Africa,Africa,1999,ZAF,46730283,7234.2856,59.1895,28.0609656,24.13276954,19.926,5.181493,14.5,0.705
South Africa,Africa,2000,ZAF,47159672,7582.7783,58.3678,28.15172881,24.20532769,19.841,5.338951,15.549999,0.743
South Africa,Africa,2001,ZAF,47566761,7839.6255,57.1607,28.24449033,24.27891505,19.725,5.7019,15.91,0.743
South Africa,Africa,2002,ZAF,48019362,8171.2065,55.5795,28.3393456,24.35418694,19.658,9.494711,16.65,0.743
South Africa,Africa,2003,ZAF,48500305,8451.452,54.2451,28.43608232,24.43065023,19.728,5.6794176,16.96,0.743
South Africa,Africa,2004,ZAF,48991365,8877.921,53.963,28.53408528,24.50785139,19.634,-0.69203025,17.12,0.759
South Africa,Africa,2005,ZAF,49489992,9393.693,53.9142,28.63203847,24.58383677,19.557,2.0628462,18.06,0.77
South Africa,Africa,2006,ZAF,49998227,9978.471,54.2204,28.72915588,24.65748582,19.425,3.2439077,19.19,0.768
South Africa,Africa,2007,ZAF,50528523,10576.291,54.9477,28.82522926,24.72632133,19.39,6.177807,20.34,0.768
South Africa,Africa,2008,ZAF,51114550,10977.146,55.9817,28.91927012,24.78776976,19.507,10.074575,19.470001,0.766
South Africa,Africa,2009,ZAF,51728471,10873.046,57.413,29.01025081,24.83920084,20.512,7.215314,18.449999,0.767
South Africa,Africa,2010,ZAF,52344000,11318.6045,58.8863,29.09861955,24.88336562,23.181,4.08973,18.56,0.77
South Africa,Africa,2011,ZAF,52995162,11838,60.6024,29.18449999,24.92303594,21.416,4.999267,18.56,0.77
South Africa,Africa,2012,ZAF,53782518,11938.226,61.7366,29.26831291,24.96003966,21.786,5.724658,NA,0.772
South Africa,Africa,2013,ZAF,54678742,12048.068,62.3883,29.35058229,24.99641402,22.038,5.784469,NA,0.76
South Africa,Africa,2014,ZAF,55594796,12034.149,63.1845,29.43208803,25.0327793,22.606,6.1298375,19.230001,0.752
South Africa,Africa,2015,ZAF,56723493,12009.91,64.0532,29.51261355,25.06915981,22.869,4.5406423,NA,0.755
South Africa,Africa,2016,ZAF,57259496,11908.111,64.7495,29.59192125,25.10522536,24.023,6.5713964,NA,0.752
South Africa,Africa,2017,ZAF,57635106,11867.522,65.4222,NA,NA,23.992,5.1842465,NA,0.743
South Africa,Africa,2018,ZAF,58612952,11873.3,65.726,NA,NA,24.218,4.517165,NA,0.747
South Africa,Africa,2019,ZAF,59587828,11739.936,66.0711,NA,NA,25.538,4.120246,NA,0.721
South Africa,Africa,2020,ZAF,60562321,10839.133,65.1502,NA,NA,24.339,3.210036,NA,0.723
South Africa,Africa,2021,ZAF,61502553,11273.159,62.0099,NA,NA,28.77,4.6116724,NA,0.725
South Africa,Africa,2022,ZAF,62378377,11415.887,65.4536,NA,NA,28.838,7.0397267,19.210001,0.713
South Africa,Africa,2023,ZAF,63212339,NA,66.1387,NA,NA,27.988,6.0739083,19.220001,0.705
Spain,Europe,1952,ESP,28405996,4099.3994,64.8283,NA,NA,NA,NA,NA,0.069
Spain,Europe,1953,ESP,28632656,4061.8174,65.7308,NA,NA,NA,NA,NA,0.069
Spain,Europe,1954,ESP,28857784,4322.012,66.9111,NA,NA,NA,NA,NA,0.069
Spain,Europe,1955,ESP,29089728,4436.738,66.6811,NA,NA,NA,NA,NA,0.069
Spain,Europe,1956,ESP,29323627,4763.9624,66.7509,NA,NA,NA,NA,NA,0.069
Spain,Europe,1957,ESP,29569913,4893.489,66.5702,NA,NA,NA,NA,NA,0.069
Spain,Europe,1958,ESP,29849614,5168.911,68.7834,NA,NA,NA,NA,NA,0.069
Spain,Europe,1959,ESP,30140655,5079.3,68.6908,NA,NA,NA,NA,NA,0.069
Spain,Europe,1960,ESP,30404890,5031.5664,69.2066,NA,NA,NA,1.1777711,NA,0.07
Spain,Europe,1961,ESP,30699526,5581.4375,69.5682,NA,NA,NA,0.80925286,NA,0.071
Spain,Europe,1962,ESP,31040042,6075.9097,69.6292,NA,NA,NA,5.706477,NA,0.071
Spain,Europe,1963,ESP,31379779,6631.5728,69.7665,NA,NA,NA,8.743698,NA,0.072
Spain,Europe,1964,ESP,31741537,6938.4917,70.4937,NA,NA,NA,6.9792466,NA,0.072
Spain,Europe,1965,ESP,32110623,7411.985,70.9,NA,NA,NA,13.214138,NA,0.072
Spain,Europe,1966,ESP,32465832,7872.8496,71.1603,NA,NA,NA,6.240367,NA,0.077
Spain,Europe,1967,ESP,32820707,8207.074,71.3491,NA,NA,NA,6.391631,NA,0.086
Spain,Europe,1968,ESP,33170058,8598.881,71.6743,NA,NA,NA,4.954366,NA,0.103
Spain,Europe,1969,ESP,33496890,9299.07,71.1386,NA,NA,NA,2.1603472,NA,0.103
Spain,Europe,1970,ESP,33812675,9502.939,72.1491,NA,NA,NA,5.731145,NA,0.103
Spain,Europe,1971,ESP,34157399,9885.877,71.7353,NA,NA,NA,8.236887,NA,0.105
Spain,Europe,1972,ESP,34539817,10787.692,72.9533,NA,NA,NA,8.272287,NA,0.112
Spain,Europe,1973,ESP,34926478,11629.702,72.7324,NA,NA,NA,11.416708,NA,0.112
Spain,Europe,1974,ESP,35361715,12379.95,73.0928,NA,NA,NA,15.680373,NA,0.112
Spain,Europe,1975,ESP,35795725,12613.324,73.4918,25.27528408,24.43279921,NA,16.953285,NA,0.116
Spain,Europe,1976,ESP,36176229,13044.986,73.8069,25.32069605,24.5293883,NA,17.62488,NA,0.144
Spain,Europe,1977,ESP,36551217,13335.212,74.3066,25.36339658,24.62480207,NA,24.538063,NA,0.404
Spain,Europe,1978,ESP,36904917,13568.676,74.496,25.4035588,24.71940465,NA,19.77367,NA,0.764
Spain,Europe,1979,ESP,37230328,13678.094,74.9895,25.44217146,24.81412871,NA,15.660235,NA,0.861
Spain,Europe,1980,ESP,37537514,14005.935,75.5259,25.48012526,24.90922954,NA,15.561902,NA,0.869
Spain,Europe,1981,ESP,37812657,13895.314,75.7061,25.51400413,25.00272459,NA,14.549346,11.16,0.869
Spain,Europe,1982,ESP,38047053,14046.1045,76.3188,25.54491253,25.09504869,NA,14.415002,11.2300005,0.88
Spain,Europe,1983,ESP,38253195,14240.944,76.0966,25.57338085,25.18588999,NA,12.174072,10.91,0.886
Spain,Europe,1984,ESP,38437433,14313.326,76.4822,25.59930663,25.27563309,NA,11.280276,10.88,0.886
Spain,Europe,1985,ESP,38601263,14696.966,76.4105,25.62280352,25.36452389,NA,8.814455,11.07,0.886
Spain,Europe,1986,ESP,38735655,15242.98,76.7034,25.64443645,25.45239022,NA,8.794939,11.77,0.891
Spain,Europe,1987,ESP,38851959,16273.085,76.9564,25.66454853,25.53945942,NA,5.2480187,11.82,0.894
Spain,Europe,1988,ESP,38952207,17275.508,76.9491,25.68419334,25.62672408,NA,4.8372707,11.9800005,0.894
Spain,Europe,1989,ESP,39029506,18360.352,76.998,25.70349395,25.71388035,NA,6.7914357,12.179999,0.894
Spain,Europe,1990,ESP,39084924,19215,77.0004,25.72275442,25.80084458,NA,6.7218194,11.75,0.893
Spain,Europe,1991,ESP,39201702,19958.06,77.1285,25.74045722,25.88671907,15.929,5.9342136,11.48,0.893
Spain,Europe,1992,ESP,39420297,20329.168,77.5888,25.75702828,25.97256389,17.697,5.9245315,11.49,0.893
Spain,Europe,1993,ESP,39651575,20056.54,77.728,25.77217264,26.05960454,22.156,4.569072,11.240001,0.893
Spain,Europe,1994,ESP,39858677,20673.955,78.1141,25.7857758,26.14745065,24.209,4.718414,11.54,0.893
Spain,Europe,1995,ESP,40052688,21522.098,78.2002,25.79854306,26.23659867,22.675,4.6738033,11.76,0.893
Spain,Europe,1996,ESP,40237332,22185.066,78.3389,25.8092211,26.32727082,22.142,3.5588455,11.5,0.894
Spain,Europe,1997,ESP,40423773,23113.615,78.8504,25.81646774,26.41686144,20.698,1.971074,11.389999,0.895
Spain,Europe,1998,ESP,40617392,24284.861,78.9395,25.8200171,26.50443362,18.673,1.83433,10.99,0.895
Spain,Europe,1999,ESP,40812809,25549.54,78.9437,25.81909747,26.58992588,15.475,2.310348,11.17,0.895
Spain,Europe,2000,ESP,41019721,26994.86,79.4123,25.81388359,26.67281345,13.785,3.4335155,11.05,0.892
Spain,Europe,2001,ESP,41245551,28153.553,79.7387,25.8037309,26.7537453,10.348,3.5898342,10.679999,0.891
Spain,Europe,2002,ESP,41755656,28753.322,79.8177,25.78764041,26.83116013,11.146,3.065657,11.14,0.891
Spain,Europe,2003,ESP,42506499,29371.865,79.7482,25.76546728,26.90454391,11.283,3.0388885,11.150001,0.875
Spain,Europe,2004,ESP,43234511,30088.092,80.3283,25.73678634,26.97209868,11.09,3.0392487,10.9,0.873
Spain,Europe,2005,ESP,43958840,30885.602,80.3196,25.70198813,27.03191209,9.146,3.368814,10.75,0.877
Spain,Europe,2006,ESP,44695400,31907.424,80.9627,25.66045399,27.08356072,8.452,3.515576,11.49,0.873
Spain,Europe,2007,ESP,45516452,32735.434,80.9696,25.61303301,27.12543992,8.232,2.7867975,11.48,0.874
Spain,Europe,2008,ESP,46235010,32844.324,81.2782,25.55938652,27.15753953,11.255,4.075343,11.53,0.886
Spain,Europe,2009,ESP,46635128,31669.691,81.627,25.49852533,27.17939973,17.857,-0.2878131,12.77,0.889
Spain,Europe,2010,ESP,46840419,31786.404,82.0063,25.43002664,27.19141967,19.86,1.7998645,11.44,0.891
Spain,Europe,2011,ESP,46997994,31600,82.1804,25.35483495,27.1950588,21.391,3.196102,11.27,0.893
Spain,Europe,2012,ESP,47018277,30645.215,82.1905,25.27423164,27.19248817,24.788,2.446128,12.04,0.892
Spain,Europe,2013,ESP,46860345,30327.451,82.6943,25.1904191,27.18633205,26.094,1.4085811,12.04,0.872
Spain,Europe,2014,ESP,46720137,30842.184,82.8283,25.10461149,27.17871232,24.442,-0.15111484,12.49,0.872
Spain,Europe,2015,ESP,46683633,32057.098,82.6109,25.0175129,27.1704132,22.058,-0.50036573,13.7,0.854
Spain,Europe,2016,ESP,46732712,33002.676,82.9999,24.92999859,27.162678,19.635,-0.202598,12.65,0.847
Spain,Europe,2017,ESP,46868543,33924.137,82.9862,NA,NA,17.224,1.9560764,13.37,0.833
Spain,Europe,2018,ESP,47092764,34553.625,83.0956,NA,NA,15.255,1.6749814,NA,0.854
Spain,Europe,2019,ESP,47435072,34957.465,83.4794,NA,NA,14.104,0.699519,NA,0.872
Spain,Europe,2020,ESP,47679437,30834.514,82.2413,NA,NA,15.532,-0.322753,NA,0.873
Spain,Europe,2021,ESP,47735610,32553.05,82.9508,NA,NA,14.781,3.093135,NA,0.853
Spain,Europe,2022,ESP,47828339,34123.387,82.3661,NA,NA,12.917,8.390576,12.01,0.868
Spain,Europe,2023,ESP,47911535,NA,83.6703,NA,NA,12.144,3.5323613,12.04,0.85
Sri Lanka,Asia,1952,LKA,8111524,2093,54.859,NA,NA,NA,NA,NA,0.651
Sri Lanka,Asia,1953,LKA,8275086,2071,55.6499,NA,NA,NA,NA,NA,0.634
Sri Lanka,Asia,1954,LKA,8445891,2066,56.4393,NA,NA,NA,NA,NA,0.634
Sri Lanka,Asia,1955,LKA,8623279,2131,57.1783,NA,NA,NA,NA,NA,0.637
Sri Lanka,Asia,1956,LKA,8807176,2091,57.8952,NA,NA,NA,NA,NA,0.632
Sri Lanka,Asia,1957,LKA,9000951,2067,58.5353,NA,NA,NA,NA,NA,0.634
Sri Lanka,Asia,1958,LKA,9208759,2074,59.2796,NA,NA,NA,NA,NA,0.629
Sri Lanka,Asia,1959,LKA,9430109,2048,59.9707,NA,NA,NA,NA,NA,0.629
Sri Lanka,Asia,1960,LKA,9661342,2064,60.6022,NA,NA,NA,-1.5446768,NA,0.659
Sri Lanka,Asia,1961,LKA,9899317,2050,61.1582,NA,NA,NA,1.1344436,NA,0.662
Sri Lanka,Asia,1962,LKA,10143706,2067,61.627,NA,NA,NA,1.50358,NA,0.66
Sri Lanka,Asia,1963,LKA,10394993,2058,62.0307,NA,NA,NA,2.2729053,NA,0.66
Sri Lanka,Asia,1964,LKA,10653351,2104,62.376,NA,NA,NA,3.1956472,NA,0.66
Sri Lanka,Asia,1965,LKA,10916919,2118,62.7926,NA,NA,NA,0.22278331,NA,0.662
Sri Lanka,Asia,1966,LKA,11183880,2047,63.1563,NA,NA,NA,-0.15560167,NA,0.665
Sri Lanka,Asia,1967,LKA,11457289,2181,63.5559,NA,NA,NA,2.1892393,NA,0.665
Sri Lanka,Asia,1968,LKA,11736040,2291,63.8694,NA,NA,NA,5.8605666,NA,0.665
Sri Lanka,Asia,1969,LKA,12013805,2329,64.1379,NA,NA,NA,7.4569526,NA,0.665
Sri Lanka,Asia,1970,LKA,12287065,2389,64.3521,NA,NA,NA,5.866956,NA,0.645
Sri Lanka,Asia,1971,LKA,12551856,2322,64.2402,NA,NA,NA,2.6653802,NA,0.612
Sri Lanka,Asia,1972,LKA,12809158,2327,64.6249,NA,NA,NA,6.349486,NA,0.601
Sri Lanka,Asia,1973,LKA,13060872,2378,64.7855,NA,NA,NA,9.626643,NA,0.598
Sri Lanka,Asia,1974,LKA,13305656,2418,64.966,NA,NA,NA,12.302887,NA,0.599
Sri Lanka,Asia,1975,LKA,13548943,2434,65.3554,19.61868666,19.38507274,NA,6.625993,NA,0.598
Sri Lanka,Asia,1976,LKA,13796735,2464,65.8399,19.72201007,19.45563212,NA,1.3295187,NA,0.598
Sri Lanka,Asia,1977,LKA,14049314,2582,66.3913,19.82225086,19.52437948,NA,1.2248796,NA,0.574
Sri Lanka,Asia,1978,LKA,14310071,2694,66.8436,19.92018766,19.59189861,NA,12.141598,NA,0.555
Sri Lanka,Asia,1979,LKA,14579564,2815,67.5141,20.01670646,19.65820586,NA,10.731921,NA,0.544
Sri Lanka,Asia,1980,LKA,14847921,2917,68.0059,20.11251188,19.72391775,NA,26.14541,NA,0.517
Sri Lanka,Asia,1981,LKA,15099368,3049,68.3802,20.20956035,19.78973606,NA,17.968996,NA,0.517
Sri Lanka,Asia,1982,LKA,15286521,3151,68.6649,20.30772671,19.85597817,NA,10.825749,NA,0.511
Sri Lanka,Asia,1983,LKA,15388762,3268,68.7258,20.40660409,19.92251723,NA,13.964388,NA,0.484
Sri Lanka,Asia,1984,LKA,15441812,3387,68.7612,20.50574733,19.98891371,NA,16.638254,NA,0.484
Sri Lanka,Asia,1985,LKA,15544108,3484,68.8812,20.60568546,20.05504928,NA,1.4811801,14.599999,0.484
Sri Lanka,Asia,1986,LKA,15731202,3607,68.9617,20.70684977,20.12104223,NA,7.9763618,NA,0.478
Sri Lanka,Asia,1987,LKA,15916537,3590,69.0086,20.80836476,20.18701635,NA,7.7171655,NA,0.47
Sri Lanka,Asia,1988,LKA,16078570,3633,68.9952,20.90987771,20.25303325,NA,13.991549,NA,0.463
Sri Lanka,Asia,1989,LKA,16248507,3677,67.2839,21.01119607,20.31840274,NA,11.567536,NA,0.437
Sri Lanka,Asia,1990,LKA,16352408,3864,69.2389,21.11192965,20.38421876,NA,21.495253,17.67,0.444
Sri Lanka,Asia,1991,LKA,16475313,4214.982,69.131,21.21214924,20.45046558,14.661,12.185631,NA,0.444
Sri Lanka,Asia,1992,LKA,16739239,4020.974,69.6191,21.31215318,20.51786852,14.22,11.383437,NA,0.445
Sri Lanka,Asia,1993,LKA,17025877,4247.023,70.0485,21.4116034,20.58696591,13.82,11.7467375,NA,0.449
Sri Lanka,Asia,1994,LKA,17275722,4500.8193,70.2114,21.51019554,20.65743369,13.03,8.448712,NA,0.49
Sri Lanka,Asia,1995,LKA,17564019,4702.295,69.7456,21.608592989999998,20.72948197,12.27,7.6748486,16.42,0.55
Sri Lanka,Asia,1996,LKA,17904972,5187.709,69.8405,21.70599142,20.80320138,11.35,15.935831,NA,0.55
Sri Lanka,Asia,1997,LKA,18248161,5628.5303,69.9345,21.80319258,20.878189420000002,10.6,9.573696,NA,0.55
Sri Lanka,Asia,1998,LKA,18595959,5440.221,70.1342,21.90006752,20.9542418,9.17,9.364243,NA,0.533
Sri Lanka,Asia,1999,LKA,18944689,5488.515,70.4265,21.99655443,21.03141403,8.88,4.6917057,NA,0.532
Sri Lanka,Asia,2000,LKA,19293012,5841.094,71.1787,22.0924775,21.10943388,7.74,6.1762757,NA,0.493
Sri Lanka,Asia,2001,LKA,19600303,5620.966,71.8044,22.18827123,21.18895026,7.9,14.158456,NA,0.497
Sri Lanka,Asia,2002,LKA,19805697,5721.3086,72.2711,22.2845314,21.27126323,8.76,9.551032,20.69,0.536
Sri Lanka,Asia,2003,LKA,19951470,5963.57,72.4417,22.38094601,21.35603316,8.22,6.3146377,NA,0.536
Sri Lanka,Asia,2004,LKA,20087563,6191.9663,68.0218,22.47853039,21.443345,8.38,7.575926,NA,0.517
Sri Lanka,Asia,2005,LKA,20216481,6491.198,73.0733,22.57783432,21.53343985,7.67,11.639686,NA,0.432
Sri Lanka,Asia,2006,LKA,20352372,6904.036,72.825,22.6794322,21.62552188,6.5,10.020184,23.27,0.378
Sri Lanka,Asia,2007,LKA,20492494,7283.6323,72.9831,22.78338305,21.71859771,5.97,15.842112,NA,0.373
Sri Lanka,Asia,2008,LKA,20629321,7622.4087,72.5557,22.89025922,21.81252268,5.22,22.564495,NA,0.366
Sri Lanka,Asia,2009,LKA,20756380,7796.6475,70.2976,23.00037236,21.9079033,5.85,3.4649632,18.52,0.364
Sri Lanka,Asia,2010,LKA,20879032,8319.703,74.4626,23.11350297,22.00495159,4.784,6.217649,NA,0.39
Sri Lanka,Asia,2011,LKA,21009008,8918,74.7405,23.2298016,22.10524529,4.118,6.7167683,NA,0.388
Sri Lanka,Asia,2012,LKA,21169405,9599.045,75.1866,23.34892328,22.20862399,3.88,7.542914,20.4,0.387
Sri Lanka,Asia,2013,LKA,21358787,9898.523,75.5461,23.46970301,22.31344114,4.186,6.90845,NA,0.422
Sri Lanka,Asia,2014,LKA,21547410,10437.811,75.7573,23.59159878,22.4202815,4.157,3.1790023,NA,0.422
Sri Lanka,Asia,2015,LKA,21729921,10784.185,75.9899,23.71384823,22.52865584,4.519,3.7683678,NA,0.545
Sri Lanka,Asia,2016,LKA,21910711,11236.119,76.1361,23.83638768,22.6383471,4.243,3.9588885,20.810001,0.587
Sri Lanka,Asia,2017,LKA,22087475,11868.202,76.2386,NA,NA,4.046,7.704138,NA,0.583
Sri Lanka,Asia,2018,LKA,22253066,12051.547,76.4853,NA,NA,4.318,2.1350377,NA,0.607
Sri Lanka,Asia,2019,LKA,22410495,11939.55,76.698,NA,NA,4.67,3.5283935,NA,0.558
Sri Lanka,Asia,2020,LKA,22561751,11447.249,76.9281,NA,NA,5.365,6.153945,NA,0.578
Sri Lanka,Asia,2021,LKA,22700326,11751.948,76.2779,NA,NA,5.258,7.0147805,NA,0.57
Sri Lanka,Asia,2022,LKA,22834913,10705.481,77.2996,NA,NA,6.33,49.721104,20.48,0.598
Sri Lanka,Asia,2023,LKA,22971566,NA,77.4828,NA,NA,6.36,16.541174,21.39,0.574
Sudan,Africa,1952,SDN,6568566,NA,46.4848,NA,NA,NA,NA,NA,0.107
Sudan,Africa,1953,SDN,6765862,NA,46.9109,NA,NA,NA,NA,NA,0.167
Sudan,Africa,1954,SDN,6969592,NA,47.3154,NA,NA,NA,NA,NA,0.228
Sudan,Africa,1955,SDN,7181643,NA,47.7203,NA,NA,NA,NA,NA,0.242
Sudan,Africa,1956,SDN,7401553,NA,48.0868,NA,NA,NA,NA,NA,0.291
Sudan,Africa,1957,SDN,7629418,NA,48.4825,NA,NA,NA,NA,NA,0.29
Sudan,Africa,1958,SDN,7862988,NA,48.8633,NA,NA,NA,NA,NA,0.259
Sudan,Africa,1959,SDN,8106433,NA,49.1928,NA,NA,NA,NA,NA,0.078
Sudan,Africa,1960,SDN,8364442,NA,49.566,NA,NA,NA,0.09224029,NA,0.073
Sudan,Africa,1961,SDN,8634881,NA,49.9636,NA,NA,NA,8.760511,NA,0.073
Sudan,Africa,1962,SDN,8918978,NA,50.4192,NA,NA,NA,1.6628714,NA,0.073
Sudan,Africa,1963,SDN,9218030,NA,50.8164,NA,NA,NA,4.6882324,NA,0.072
Sudan,Africa,1964,SDN,9531059,NA,50.8792,NA,NA,NA,3.9508383,NA,0.105
Sudan,Africa,1965,SDN,9857981,NA,51.0311,NA,NA,NA,-2.4460294,NA,0.208
Sudan,Africa,1966,SDN,10197534,NA,51.2529,NA,NA,NA,1.7124631,NA,0.204
Sudan,Africa,1967,SDN,10550545,NA,51.4948,NA,NA,NA,11.013556,NA,0.204
Sudan,Africa,1968,SDN,10917950,NA,51.7623,NA,NA,NA,-10.0338955,NA,0.227
Sudan,Africa,1969,SDN,11298893,NA,52.0403,NA,NA,NA,12.606869,NA,0.099
Sudan,Africa,1970,SDN,11695723,NA,52.2939,NA,NA,NA,4.027796,NA,0.101
Sudan,Africa,1971,SDN,12105496,NA,52.5405,NA,NA,NA,1.303669,NA,0.11
Sudan,Africa,1972,SDN,12527814,NA,52.8032,NA,NA,NA,13.55475,NA,0.145
Sudan,Africa,1973,SDN,13049276,NA,52.9884,NA,NA,NA,15.289088,NA,0.146
Sudan,Africa,1974,SDN,13580671,NA,53.1564,NA,NA,NA,26.158102,NA,0.152
Sudan,Africa,1975,SDN,14064747,NA,53.31,21.28820001,19.58923027,NA,23.963047,NA,0.162
Sudan,Africa,1976,SDN,14569680,NA,53.3417,21.42990684,19.71682678,NA,1.6748843,NA,0.162
Sudan,Africa,1977,SDN,15086571,NA,53.522,21.56756912,19.84227208,NA,17.07633,NA,0.161
Sudan,Africa,1978,SDN,15694953,NA,53.2901,21.70146914,19.96551194,NA,19.230404,NA,0.177
Sudan,Africa,1979,SDN,16355305,NA,53.3738,21.83259507,20.08679596,NA,31.138454,NA,0.182
Sudan,Africa,1980,SDN,17058857,NA,54.072,21.96170441,20.20695051,NA,25.35237,NA,0.173
Sudan,Africa,1981,SDN,17780532,NA,54.3693,22.09354274,20.32805344,NA,24.575724,NA,0.186
Sudan,Africa,1982,SDN,18486597,NA,54.3753,22.22732037,20.45006943,NA,25.71288,NA,0.165
Sudan,Africa,1983,SDN,19109728,NA,49.5618,22.36232605,20.57309171,NA,30.587774,NA,0.185
Sudan,Africa,1984,SDN,19546493,NA,49.8073,22.4990604,20.69682934,NA,34.146343,NA,0.2
Sudan,Africa,1985,SDN,19905826,NA,50.0141,22.6361993,20.82020766,NA,45.407505,NA,0.213
Sudan,Africa,1986,SDN,20288200,NA,54.5578,22.77857289,20.94697862,NA,24.45349,NA,0.332
Sudan,Africa,1987,SDN,20704852,NA,54.747,22.92507547,21.07632618,NA,20.557238,NA,0.371
Sudan,Africa,1988,SDN,21138392,NA,54.9845,23.07510671,21.20721655,NA,64.70056,NA,0.371
Sudan,Africa,1989,SDN,21577977,NA,54.8826,23.22752053,21.33838604,NA,66.72032,NA,0.17
Sudan,Africa,1990,SDN,22021425,NA,55.4969,23.38099907,21.46932916,NA,65.1581,NA,0.087
Sudan,Africa,1991,SDN,22470633,NA,55.553,23.53022589,21.59632371,14.899,123.578125,NA,0.087
Sudan,Africa,1992,SDN,22927309,NA,55.952,23.67506771,21.71819131,14.971,117.624466,NA,0.088
Sudan,Africa,1993,SDN,23445550,NA,56.102,23.81544264,21.83455549,14.803,101.380424,NA,0.088
Sudan,Africa,1994,SDN,24043904,NA,57.0223,23.95193216,21.9457713,14.923,115.39815,NA,0.09
Sudan,Africa,1995,SDN,24672095,NA,57.4465,24.08539287,22.05173396,14.931,68.37519,NA,0.09
Sudan,Africa,1996,SDN,25231490,NA,57.6379,24.21130131,22.14947075,14.902,132.82378,NA,0.138
Sudan,Africa,1997,SDN,25799777,NA,58.0579,24.33097742,22.23981281,14.577,47.168537,NA,0.153
Sudan,Africa,1998,SDN,26458940,NA,58.3082,24.44549699,22.32385638,14.603,24.621878,NA,0.153
Sudan,Africa,1999,SDN,27130566,NA,58.6073,24.55592249,22.40258678,14.651,17.166445,NA,0.151
Sudan,Africa,2000,SDN,27816698,NA,58.9456,24.66261582,22.47587335,14.869,7.1212587,NA,0.132
Sudan,Africa,2001,SDN,28516727,NA,59.2641,24.76618693,22.5448214,14.825,1.9352957,NA,0.176
Sudan,Africa,2002,SDN,29228670,NA,59.3078,24.86637336,22.6102353,14.767,22.224724,NA,0.175
Sudan,Africa,2003,SDN,29895989,NA,58.3193,24.96362862,22.67227691,14.766,6.489432,NA,0.175
Sudan,Africa,2004,SDN,30556584,NA,56.7731,25.05784413,22.73213584,14.788,9.657546,NA,0.181
Sudan,Africa,2005,SDN,31262402,NA,57.2263,25.14876468,22.78813149,14.791,8.505851,NA,0.205
Sudan,Africa,2006,SDN,31992384,NA,60.3996,25.23796849,22.84144389,14.783,7.19913,NA,0.207
Sudan,Africa,2007,SDN,32764091,NA,61.4419,25.3256765,22.89174309,14.769,14.754277,NA,0.205
Sudan,Africa,2008,SDN,33623932,NA,61.2609,25.41272706,22.9387168,14.8,14.297122,NA,0.207
Sudan,Africa,2009,SDN,34569068,NA,62.6765,25.49918441,22.98274592,13,11.256759,11.35,0.208
Sudan,Africa,2010,SDN,35414359,NA,62.9792,25.58595193,23.02447681,15.156,12.977667,NA,0.222
Sudan,Africa,2011,SDN,36140767,NA,63.1809,25.67390742,23.06672796,17.44,18.096617,NA,0.219
Sudan,Africa,2012,SDN,36923122,NA,63.4273,25.76271226,23.11005259,17.068,35.55906,NA,0.216
Sudan,Africa,2013,SDN,37785804,NA,63.4433,25.85232956,23.15420429,16.414,36.522346,NA,0.216
Sudan,Africa,2014,SDN,38823281,NA,63.9905,25.94270251,23.19952685,15.558,36.906643,15.710001,0.216
Sudan,Africa,2015,SDN,40024389,NA,64.3746,26.03298075,23.24492053,14.512,16.90957,NA,0.23
Sudan,Africa,2016,SDN,41259842,NA,64.6773,26.12280796,23.29135867,13.812,17.750254,NA,0.232
Sudan,Africa,2017,SDN,42714260,NA,65.1464,NA,NA,13.206,32.351627,NA,0.238
Sudan,Africa,2018,SDN,44230549,NA,65.5005,NA,NA,12.605,63.292507,NA,0.238
Sudan,Africa,2019,SDN,45548129,NA,65.8032,NA,NA,12.014,50.994053,NA,0.199
Sudan,Africa,2020,SDN,46789187,NA,65.1237,NA,NA,12.368,163.25778,NA,0.164
Sudan,Africa,2021,SDN,48066876,NA,64.4604,NA,NA,11.466,359.09305,NA,0.159
Sudan,Africa,2022,SDN,49383296,NA,65.695,NA,NA,7.53,138.80846,15.2,0.157
Sudan,Africa,2023,SDN,50042754,NA,66.331,NA,NA,11.449,NA,15.11,0.133
Eswatini,Africa,1952,SWZ,285599,628,44.0092,NA,NA,NA,NA,NA,0.051
Eswatini,Africa,1953,SWZ,292702,638,44.2839,NA,NA,NA,NA,NA,0.051
Eswatini,Africa,1954,SWZ,299895,658,44.5868,NA,NA,NA,NA,NA,0.051
Eswatini,Africa,1955,SWZ,307174,663,44.848,NA,NA,NA,NA,NA,0.051
Eswatini,Africa,1956,SWZ,314572,673,45.1102,NA,NA,NA,NA,NA,0.051
Eswatini,Africa,1957,SWZ,322092,682,45.4321,NA,NA,NA,NA,NA,0.051
Eswatini,Africa,1958,SWZ,329721,684,45.7524,NA,NA,NA,NA,NA,0.051
Eswatini,Africa,1959,SWZ,337468,706,46.0904,NA,NA,NA,NA,NA,0.051
Eswatini,Africa,1960,SWZ,345292,783,46.3885,NA,NA,NA,NA,NA,0.051
Eswatini,Africa,1961,SWZ,353213,861,46.7499,NA,NA,NA,NA,NA,0.055
Eswatini,Africa,1962,SWZ,361329,1017,47.1453,NA,NA,NA,NA,NA,0.055
Eswatini,Africa,1963,SWZ,369719,1047,47.4715,NA,NA,NA,NA,NA,0.06
Eswatini,Africa,1964,SWZ,378612,1172,47.922,NA,NA,NA,NA,NA,0.145
Eswatini,Africa,1965,SWZ,388292,1320,48.4314,NA,NA,NA,NA,NA,0.176
Eswatini,Africa,1966,SWZ,398727,1341,48.9905,NA,NA,NA,3.177521,NA,0.185
Eswatini,Africa,1967,SWZ,408998,1431,49.5262,NA,NA,NA,1.8240434,NA,0.187
Eswatini,Africa,1968,SWZ,419109,1329,50.0842,NA,NA,NA,3.449425,NA,0.204
Eswatini,Africa,1969,SWZ,429839,1350,50.6405,NA,NA,NA,3.2055411,NA,0.21
Eswatini,Africa,1970,SWZ,441173,1704,51.2079,NA,NA,NA,1.8495395,NA,0.212
Eswatini,Africa,1971,SWZ,453151,1722,51.7794,NA,NA,NA,2.3216612,NA,0.209
Eswatini,Africa,1972,SWZ,465753,1889,52.3518,NA,NA,NA,2.3663323,NA,0.208
Eswatini,Africa,1973,SWZ,479000,1902,52.9905,NA,NA,NA,11.543526,NA,0.129
Eswatini,Africa,1974,SWZ,492953,2204,53.6556,NA,NA,NA,19.287775,NA,0.091
Eswatini,Africa,1975,SWZ,507625,2856,54.3987,24.6069538,20.56476715,NA,12.045742,NA,0.091
Eswatini,Africa,1976,SWZ,523290,3142,55.1718,24.76046407,20.69689626,NA,6.530913,NA,0.091
Eswatini,Africa,1977,SWZ,540305,3083,55.9733,24.91228805,20.82868729,NA,20.805122,NA,0.091
Eswatini,Africa,1978,SWZ,558395,3030,56.785,25.06232668,20.95987222,NA,8.517614,NA,0.098
Eswatini,Africa,1979,SWZ,577162,2990,57.536,25.21077024,21.09034547,NA,16.453518,NA,0.132
Eswatini,Africa,1980,SWZ,596615,2946,58.2275,25.35704253,21.2194835,NA,18.683975,NA,0.133
Eswatini,Africa,1981,SWZ,616770,3049,58.7882,25.50120776,21.34806725,NA,20.055798,NA,0.133
Eswatini,Africa,1982,SWZ,637613,3005,59.4672,25.64353861,21.47597935,NA,10.807422,NA,0.133
Eswatini,Africa,1983,SWZ,658916,2888,58.4181,25.78440173,21.60260724,NA,11.567524,NA,0.132
Eswatini,Africa,1984,SWZ,680738,2858,60.4387,25.92377934,21.72813336,NA,12.939727,NA,0.127
Eswatini,Africa,1985,SWZ,706157,2812,61.1649,26.06122973,21.8517984,NA,20.462633,NA,0.127
Eswatini,Africa,1986,SWZ,734694,3210,61.5978,26.19169089,21.97034146,NA,13.737076,NA,0.127
Eswatini,Africa,1987,SWZ,763761,3403,61.8987,26.31552716,22.08386109,NA,13.376623,NA,0.127
Eswatini,Africa,1988,SWZ,799759,3492,61.9342,26.43436217,22.19273846,NA,20.394562,NA,0.124
Eswatini,Africa,1989,SWZ,837771,3668,61.6692,26.54845442,22.29687826,NA,7.546165,NA,0.124
Eswatini,Africa,1990,SWZ,872384,3881,61.1675,26.65840955,22.39616723,NA,13.09229,NA,0.126
Eswatini,Africa,1991,SWZ,908153,3851.2898,60.3924,26.76289899,22.49034711,20.57,8.934306,NA,0.126
Eswatini,Africa,1992,SWZ,943372,3901.4001,59.2838,26.86375121,22.58004518,20.961,7.5582952,NA,0.126
Eswatini,Africa,1993,SWZ,971287,3982.2793,58.0917,26.96181695,22.66573232,21.715,12.023424,NA,0.124
Eswatini,Africa,1994,SWZ,971178,4134.208,56.6433,27.05827467,22.74898297,21.704,13.769325,21.539999,0.117
Eswatini,Africa,1995,SWZ,970391,4383.6777,55.0795,27.15450657,22.83094427,21.65,12.288591,NA,0.117
Eswatini,Africa,1996,SWZ,989802,4514.5493,53.2956,27.25147324,22.91229504,22.076,6.4252133,NA,0.116
Eswatini,Africa,1997,SWZ,1006603,4620.9185,51.6985,27.34942554,22.99338642,22.5,7.125327,NA,0.116
Eswatini,Africa,1998,SWZ,1019610,4712.536,50.0657,27.44863145,23.07583884,23.204,8.109965,NA,0.118
Eswatini,Africa,1999,SWZ,1030739,4827.286,48.8076,27.54897199,23.15957705,23.849,6.0888605,NA,0.126
Eswatini,Africa,2000,SWZ,1041378,4894.5205,47.6273,27.65081636,23.24479143,24.518,12.208536,21.48,0.126
Eswatini,Africa,2001,SWZ,1051019,4976.905,46.3442,27.75280288,23.33132751,25.2,5.9421096,NA,0.128
Eswatini,Africa,2002,SWZ,1059406,5136.7246,45.3799,27.85444698,23.41931671,25.734,12.019715,NA,0.128
Eswatini,Africa,2003,SWZ,1066647,5377.5576,44.6321,27.95621741,23.50904005,26.229,7.29,NA,0.127
Eswatini,Africa,2004,SWZ,1073121,5559.47,43.9064,28.05743177,23.60033778,26.695,3.4453351,NA,0.124
Eswatini,Africa,2005,SWZ,1078975,5867.2334,43.9581,28.15747766,23.69164163,27.208,4.774004,NA,0.129
Eswatini,Africa,2006,SWZ,1084396,6187.766,44.5628,28.25633937,23.78354192,27.689,5.3046393,NA,0.13
Eswatini,Africa,2007,SWZ,1090668,6467.8203,45.1604,28.35387376,23.87405671,28.24,8.076088,NA,0.13
Eswatini,Africa,2008,SWZ,1098057,6791.392,45.8527,28.44997259,23.96165927,27.847,12.65746,NA,0.128
Eswatini,Africa,2009,SWZ,1105117,7011.095,46.9126,28.54413675,24.04547101,27.404,7.448234,18.199999,0.126
Eswatini,Africa,2010,SWZ,1111593,7192.752,48.331,28.63670316,24.12675147,26.753,4.509237,NA,0.126
Eswatini,Africa,2011,SWZ,1117800,7389,49.0568,28.72887006,24.20759046,25.994,6.107427,NA,0.126
Eswatini,Africa,2012,SWZ,1123817,7552,50.7143,28.82109171,24.28853654,25.118,8.939647,NA,0.126
Eswatini,Africa,2013,SWZ,1129945,7805,52.1102,28.91308328,24.36994557,24.435,5.6213064,NA,0.131
Eswatini,Africa,2014,SWZ,1136260,7927,53.4913,29.00561205,24.45248653,23.817,5.681349,NA,0.131
Eswatini,Africa,2015,SWZ,1142773,7969,54.9407,29.09877363,24.53559782,23.279,4.951245,NA,0.131
Eswatini,Africa,2016,SWZ,1149463,7993.1494,56.2284,29.19240368,24.61943732,22.718,7.847275,19.210001,0.131
Eswatini,Africa,2017,SWZ,1158143,8092.3403,57.5742,NA,NA,24.83,6.2213755,NA,0.133
Eswatini,Africa,2018,SWZ,1168887,8219.499,58.7072,NA,NA,26.983,4.8150616,NA,0.132
Eswatini,Africa,2019,SWZ,1179837,8375.426,59.8496,NA,NA,29.049,2.5980163,NA,0.135
Eswatini,Africa,2020,SWZ,1192690,8167.6895,59.8618,NA,NA,34.232,NA,NA,0.133
Eswatini,Africa,2021,SWZ,1206548,8725.725,58.2284,NA,NA,35.707,NA,NA,0.121
Eswatini,Africa,2022,SWZ,1218873,8522.45,63.0283,NA,NA,37.852,NA,19.210001,0.119
Eswatini,Africa,2023,SWZ,1230457,NA,64.1227,NA,NA,37.636,NA,19.220001,0.122
Sweden,Europe,1952,SWE,7124628,11152,71.8453,NA,NA,NA,NA,NA,0.77
Sweden,Europe,1953,SWE,7171370,11389,71.9037,NA,NA,NA,NA,NA,0.773
Sweden,Europe,1954,SWE,7213412,11799,72.3527,NA,NA,NA,NA,NA,0.773
Sweden,Europe,1955,SWE,7262277,12060,72.5862,NA,NA,NA,NA,NA,0.773
Sweden,Europe,1956,SWE,7315475,12428,72.6602,NA,NA,NA,NA,NA,0.772
Sweden,Europe,1957,SWE,7366840,12899,72.4909,NA,NA,NA,NA,NA,0.772
Sweden,Europe,1958,SWE,7414302,12884,73.1526,NA,NA,NA,NA,NA,0.772
Sweden,Europe,1959,SWE,7453507,13211,73.3708,NA,NA,NA,NA,NA,0.772
Sweden,Europe,1960,SWE,7484546,13849,73.0365,NA,NA,NA,4.141779,8.84,0.776
Sweden,Europe,1961,SWE,7519941,14564,73.4885,NA,NA,NA,2.157973,NA,0.775
Sweden,Europe,1962,SWE,7561470,15093,73.3506,NA,NA,NA,4.766197,NA,0.775
Sweden,Europe,1963,SWE,7604158,15808,73.5328,NA,NA,NA,2.8717403,NA,0.775
Sweden,Europe,1964,SWE,7661143,16761,73.7054,NA,NA,NA,3.3876624,NA,0.776
Sweden,Europe,1965,SWE,7732959,17239,73.8726,NA,NA,NA,5.012771,NA,0.778
Sweden,Europe,1966,SWE,7805532,17432,74.101,NA,NA,NA,6.404808,NA,0.776
Sweden,Europe,1967,SWE,7866351,17883,74.1466,NA,NA,NA,4.289319,NA,0.776
Sweden,Europe,1968,SWE,7912065,18428,74.0005,NA,NA,NA,1.9431258,NA,0.776
Sweden,Europe,1969,SWE,7967962,19215,74.1135,NA,NA,NA,2.6919947,NA,0.776
Sweden,Europe,1970,SWE,8042725,20269,74.6641,NA,NA,NA,7.016359,8.32,0.776
Sweden,Europe,1971,SWE,8098051,20320,74.6006,NA,NA,NA,7.395541,NA,0.895
Sweden,Europe,1972,SWE,8122375,20725,74.7048,NA,NA,NA,6.0073895,NA,0.895
Sweden,Europe,1973,SWE,8137094,21509,74.8655,NA,NA,NA,6.7179976,NA,0.896
Sweden,Europe,1974,SWE,8160592,22132,74.9693,NA,NA,NA,9.911725,NA,0.901
Sweden,Europe,1975,SWE,8192612,22607,74.9778,23.74230751,23.54198708,NA,9.779874,NA,0.906
Sweden,Europe,1976,SWE,8222333,22765,74.9728,23.76349819,23.62808709,NA,10.249225,NA,0.908
Sweden,Europe,1977,SWE,8251652,22322,75.3933,23.78022671,23.71102948,NA,11.441805,NA,0.909
Sweden,Europe,1978,SWE,8275740,22646,75.4837,23.7939585,23.7918533,NA,9.995265,NA,0.909
Sweden,Europe,1979,SWE,8293702,23465,75.523,23.80689114,23.87122167,NA,7.209786,NA,0.909
Sweden,Europe,1980,SWE,8310408,23809,75.7431,23.82096817,23.95016194,NA,13.706323,7.13,0.911
Sweden,Europe,1981,SWE,8320408,23777,76.0405,23.83648534,24.02843551,NA,12.103938,7.28,0.911
Sweden,Europe,1982,SWE,8325131,24002,76.3498,23.85390334,24.10647298,NA,8.589185,8.4,0.91
Sweden,Europe,1983,SWE,8328877,24412,76.5802,23.87369661,24.18403402,NA,8.873021,8.690001,0.908
Sweden,Europe,1984,SWE,8336441,25357,76.8407,23.896247,24.26141229,NA,8.044243,10.24,0.908
Sweden,Europe,1985,SWE,8350190,25805,76.6911,23.92188772,24.33987946,NA,7.372575,9.72,0.909
Sweden,Europe,1986,SWE,8369633,26309,76.9546,23.9510751,24.41825324,NA,4.23591,12.02,0.907
Sweden,Europe,1987,SWE,8397600,27016,77.1087,23.98367488,24.49724026,NA,4.1885715,9.6,0.907
Sweden,Europe,1988,SWE,8436315,27468,76.9978,24.01993389,24.5783276,NA,5.8248987,10.450001,0.908
Sweden,Europe,1989,SWE,8492778,27933,77.654,24.06010802,24.66251401,NA,6.443276,9.78,0.91
Sweden,Europe,1990,SWE,8558526,28068,77.5886,24.10383155,24.74969681,NA,10.366553,8.070001,0.912
Sweden,Europe,1991,SWE,8616913,27614.035,77.7285,24.15253938,24.84047504,3.243,9.444628,7.8199997,0.912
Sweden,Europe,1992,SWE,8667529,27198.53,78.0712,24.20549696,24.93599648,5.722,2.3743672,8.29,0.912
Sweden,Europe,1993,SWE,8717989,26558.824,78.1356,24.26261347,25.03604881,9.33,4.7281733,9.23,0.912
Sweden,Europe,1994,SWE,8780150,27505.955,78.7471,24.32298574,25.13889292,9.58,2.158138,10.99,0.912
Sweden,Europe,1995,SWE,8826250,28519.443,78.8222,24.38703355,25.24409536,8.897,2.4551487,11.54,0.912
Sweden,Europe,1996,SWE,8840281,29012.105,79.0447,24.45302633,25.35146761,9.547,0.53313196,10.440001,0.912
Sweden,Europe,1997,SWE,8845470,29862.666,79.2724,24.51971676,25.45919641,10.359,0.65841025,11.59,0.912
Sweden,Europe,1998,SWE,8850553,31187.164,79.4163,24.5861187,25.56638336,8.941,-0.26713267,11.389999,0.912
Sweden,Europe,1999,SWE,8857642,32705.215,79.5085,24.65079109,25.67132038,7.607,0.46217576,11.61,0.911
Sweden,Europe,2000,SWE,8872062,34202.605,79.7387,24.71290913,25.77360135,5.466,0.89914376,10.21,0.911
Sweden,Europe,2001,SWE,8895980,34666.664,79.8363,24.77211082,25.87287631,4.73,2.4059584,8.96,0.911
Sweden,Europe,2002,SWE,8924991,35569.773,79.9349,24.82848204,25.96856394,4.965,2.158482,10.25,0.91
Sweden,Europe,2003,SWE,8958387,36435.754,80.1951,24.88220481,26.06032491,5.555,1.9256554,10.54,0.909
Sweden,Europe,2004,SWE,8993754,38016.062,80.5465,24.93365099,26.14801175,6.693,0.37365982,11.38,0.909
Sweden,Europe,2005,SWE,9029713,39258.992,80.6213,24.98344058,26.23107731,7.486,0.45317087,11.29,0.909
Sweden,Europe,2006,SWE,9080584,40992.3,80.8318,25.03216077,26.31020047,7.066,1.3602147,12.57,0.911
Sweden,Europe,2007,SWE,9148219,42399.844,80.97,25.08019184,26.38425726,6.161,2.212169,12.76,0.915
Sweden,Europe,2008,SWE,9219853,42189.965,81.1373,25.12712035,26.45296507,6.235,3.4370492,10.92,0.915
Sweden,Europe,2009,SWE,9298692,40116.312,81.3633,25.17269164,26.51718551,8.351,-0.49446055,9.59,0.915
Sweden,Europe,2010,SWE,9378187,42634.754,81.519,25.21631913,26.57581968,8.61,1.1579881,11.74,0.915
Sweden,Europe,2011,SWE,9449207,42079,81.7584,25.25824231,26.62928896,7.804,2.9611506,10.89,0.917
Sweden,Europe,2012,SWE,9519430,41523.145,81.7299,25.29899876,26.67872928,7.976,0.8883775,9.87,0.918
Sweden,Europe,2013,SWE,9600578,41661.805,81.9354,25.3395469,26.72567076,8.052,-0.04429297,9.71,0.918
Sweden,Europe,2014,SWE,9696389,42346.836,82.2241,25.37967944,26.77155627,7.954,-0.17963849,9.45,0.916
Sweden,Europe,2015,SWE,9799437,43782.457,82.1844,25.4199498,26.81740635,7.432,-0.046784744,10.35,0.916
Sweden,Europe,2016,SWE,9923227,44131.03,82.3391,25.45995973,26.86405077,6.99,0.98426926,8.97,0.917
Sweden,Europe,2017,SWE,10057811,44658.484,82.4377,NA,NA,6.718,1.794499,9.35,0.917
Sweden,Europe,2018,SWE,10175356,45003.492,82.5321,NA,NA,6.365,1.9535353,NA,0.91
Sweden,Europe,2019,SWE,10279068,45434.402,83.0518,NA,NA,6.833,1.784151,NA,0.902
Sweden,Europe,2020,SWE,10353627,44128.332,82.4271,NA,NA,8.291,0.49736732,NA,0.902
Sweden,Europe,2021,SWE,10416075,46226.543,83.0196,NA,NA,8.722,2.1631973,NA,0.903
Sweden,Europe,2022,SWE,10487289,47126.13,83.046,NA,NA,7.392,8.369291,11.5199995,0.896
Sweden,Europe,2023,SWE,10551441,NA,83.2624,NA,NA,7.587,8.548625,10.83,0.881
Switzerland,Europe,1952,CHE,4811567,12016.309,69.5876,NA,NA,NA,NA,NA,0.619
Switzerland,Europe,1953,CHE,4875613,12470.985,69.5183,NA,NA,NA,NA,NA,0.619
Switzerland,Europe,1954,CHE,4938703,13171.406,69.9846,NA,NA,NA,NA,NA,0.619
Switzerland,Europe,1955,CHE,5002077,13999.488,70.0701,NA,NA,NA,NA,NA,0.619
Switzerland,Europe,1956,CHE,5065574,14507.061,70.1987,NA,NA,NA,NA,NA,0.617
Switzerland,Europe,1957,CHE,5130124,14667.65,70.5385,NA,NA,NA,NA,NA,0.617
Switzerland,Europe,1958,CHE,5196405,14644.458,71.2912,NA,NA,NA,NA,NA,0.617
Switzerland,Europe,1959,CHE,5262768,15469.592,71.4531,NA,NA,NA,NA,NA,0.618
Switzerland,Europe,1960,CHE,5327725,16358.359,71.4137,NA,NA,NA,1.4387947,NA,0.622
Switzerland,Europe,1961,CHE,5434068,17307.562,71.7428,NA,NA,NA,1.8453978,NA,0.622
Switzerland,Europe,1962,CHE,5573646,17793.977,71.3027,NA,NA,NA,4.315993,NA,0.622
Switzerland,Europe,1963,CHE,5694111,18437.84,71.2924,NA,NA,NA,3.440213,NA,0.623
Switzerland,Europe,1964,CHE,5789106,19195.447,72.1791,NA,NA,NA,3.0805569,NA,0.624
Switzerland,Europe,1965,CHE,5856369,19802.512,72.318,NA,NA,NA,3.4144785,NA,0.624
Switzerland,Europe,1966,CHE,5917922,20224.54,72.449700000000007,NA,NA,NA,4.7759795,NA,0.624
Switzerland,Europe,1967,CHE,5991689,20742.252,72.7412,NA,NA,NA,4.005196,NA,0.626
Switzerland,Europe,1968,CHE,6067615,21395.387,72.7054,NA,NA,NA,2.3958223,NA,0.625
Switzerland,Europe,1969,CHE,6136301,22307.674,72.7176,NA,NA,NA,2.489036,NA,0.625
Switzerland,Europe,1970,CHE,6180869,23478.992,73.1238,NA,NA,NA,3.6159868,NA,0.627
Switzerland,Europe,1971,CHE,6213495,24486.979,73.2406,NA,NA,NA,6.573221,NA,0.63
Switzerland,Europe,1972,CHE,6261034,25356.91,73.7591,NA,NA,NA,6.660007,NA,0.856
Switzerland,Europe,1973,CHE,6307356,26003.715,74.0598,NA,NA,NA,8.75467,NA,0.856
Switzerland,Europe,1974,CHE,6341330,25718.27,74.4013,NA,NA,NA,9.767414,NA,0.856
Switzerland,Europe,1975,CHE,6338544,24467.992,74.7913,23.38698478,24.22180542,NA,6.696595,NA,0.861
Switzerland,Europe,1976,CHE,6302508,24752.908,74.9059,23.36649365,24.25128426,NA,1.7154763,NA,0.862
Switzerland,Europe,1977,CHE,6281311,25430.568,75.3673,23.34307651,24.27894449,NA,1.2959992,NA,0.868
Switzerland,Europe,1978,CHE,6282000,26158.8,75.3079,23.3180119,24.30607187,NA,1.0287929,NA,0.868
Switzerland,Europe,1979,CHE,6294670,26641.096,75.6078,23.29331727,24.33435167,NA,3.64764,NA,0.867
Switzerland,Europe,1980,CHE,6319793,27405.73,75.5898,23.27078495,24.36405217,NA,4.022501,10.559999,0.871
Switzerland,Europe,1981,CHE,6354514,27729.586,75.8183,23.26850188,24.40693148,NA,6.4903097,11.59,0.871
Switzerland,Europe,1982,CHE,6391753,27660.95,76.1624,23.28401882,24.46154769,NA,5.655102,11.37,0.871
Switzerland,Europe,1983,CHE,6419255,28009.328,76.1574,23.31510043,24.52684587,NA,2.9497945,11.06,0.871
Switzerland,Europe,1984,CHE,6442372,28315.082,76.756,23.35915332,24.60059018,NA,2.9314568,11.09,0.871
Switzerland,Europe,1985,CHE,6470914,29416.752,76.882,23.41354261,24.68164319,NA,3.4353993,11.07,0.871
Switzerland,Europe,1986,CHE,6504692,30847.994,77.0403,23.47637256,24.76737947,NA,0.7503098,12.06,0.871
Switzerland,Europe,1987,CHE,6545718,31774.371,77.3317,23.54558179,24.85708353,NA,1.4403219,11.860001,0.871
Switzerland,Europe,1988,CHE,6594095,32482.908,77.3646,23.61900945,24.95026972,NA,1.8724686,10.92,0.871
Switzerland,Europe,1989,CHE,6647740,33315.586,77.5573,23.69508419,25.04627303,NA,3.1552699,11.3,0.876
Switzerland,Europe,1990,CHE,6713123,34250,77.3851,23.77148635,25.144651,NA,5.4039593,10.84,0.886
Switzerland,Europe,1991,CHE,6796900,34128.64,77.6485,23.8344508,25.23446099,1.818,5.8595967,10.65,0.886
Switzerland,Europe,1992,CHE,6875000,34356.8,77.9441,23.88582718,25.31771955,2.344,4.03703,9.68,0.883
Switzerland,Europe,1993,CHE,6938058,34625.535,78.2335,23.92722584,25.39620908,3.551,3.2926219,9.660001,0.883
Switzerland,Europe,1994,CHE,6993543,35423.83,78.4946,23.95994518,25.46960817,3.58,0.852117,9.67,0.883
Switzerland,Europe,1995,CHE,7040436,36004.23,78.565,23.98614567,25.5400347,3.094,1.7998278,10.14,0.884
Switzerland,Europe,1996,CHE,7071835,36720.492,79.0494,24.00607393,25.607634440000002,3.684,0.81163406,10.84,0.889
Switzerland,Europe,1997,CHE,7089120,38165.477,79.2329,24.02025774,25.67324605,4.127,0.5202254,11.1,0.889
Switzerland,Europe,1998,CHE,7110242,39890.54,79.4752,24.02927451,25.73783953,3.568,0.017938437,11.35,0.889
Switzerland,Europe,1999,CHE,7144067,41091.637,79.7235,24.03348869,25.80149414,3.053,0.8064444,11.190001,0.889
Switzerland,Europe,2000,CHE,7183943,43251.105,79.834,24.03394139,25.8652932,2.658,1.5585291,11.33,0.889
Switzerland,Europe,2001,CHE,7226349,44398.64,80.2511,24.03189218,25.9307899,2.49,0.98902035,10.01,0.889
Switzerland,Europe,2002,CHE,7278704,44934.316,80.4438,24.02767868,25.99846845,2.924,0.6427115,9.17,0.889
Switzerland,Europe,2003,CHE,7333404,45441.598,80.5325,24.02116947,26.06824207,4.117,0.63827294,11.91,0.889
Switzerland,Europe,2004,CHE,7384137,47263.598,81.0549,24.01297217,26.13931691,4.316,0.8029087,11.48,0.888
Switzerland,Europe,2005,CHE,7431778,49273.902,81.2362,24.00302941,26.21086304,4.437,1.1719542,12.29,0.888
Switzerland,Europe,2006,CHE,7478464,51862.965,81.5495,23.99176764,26.28261214,3.995,1.0595093,13.179999,0.888
Switzerland,Europe,2007,CHE,7545336,54509.54,81.7028,23.97951698,26.35263706,3.641,0.7323506,10.97,0.89
Switzerland,Europe,2008,CHE,7641679,56054.883,81.9709,23.96600302,26.41922853,3.35,2.4260411,10.03,0.897
Switzerland,Europe,2009,CHE,7737594,55171.5,81.9891,23.95105436,26.48242804,4.109,-0.48048192,10.17,0.897
Switzerland,Europe,2010,CHE,7825700,57219.5,82.2873,23.93389089,26.5408866,4.808,0.6882387,11.55,0.897
Switzerland,Europe,2011,CHE,7914333,58686,82.5738,23.91510068,26.59539823,4.409,0.23134921,11.75,0.898
Switzerland,Europe,2012,CHE,7998872,58750.938,82.6167,23.89565166,26.64597498,4.491,-0.69255203,10.42,0.905
Switzerland,Europe,2013,CHE,8091148,59120.062,82.6892,23.87618586,26.69391368,4.747,-0.21732315,10.7,0.905
Switzerland,Europe,2014,CHE,8190179,59775.54,83.0841,23.85698491,26.74050126,4.826,-0.013202539,10.52,0.905
Switzerland,Europe,2015,CHE,8283893,60070.867,82.8461,23.83783671,26.7865903,4.801,-1.1439086,10.51,0.904
Switzerland,Europe,2016,CHE,8374857,60647.64,83.4457,23.81875224,26.8336985,4.918,-0.43461865,10.57,0.903
Switzerland,Europe,2017,CHE,8453574,60903.223,83.414,NA,NA,4.797,0.53378785,10.73,0.907
Switzerland,Europe,2018,CHE,8516296,62185.477,83.5639,NA,NA,4.713,0.93633544,NA,0.907
Switzerland,Europe,2019,CHE,8577482,62448.598,83.7804,NA,NA,4.394,0.3628862,NA,0.906
Switzerland,Europe,2020,CHE,8640538,60521.26,83.0626,NA,NA,4.817,-0.72587496,NA,0.902
Switzerland,Europe,2021,CHE,8706973,62595.31,83.6477,NA,NA,5.097,0.58181417,NA,0.896
Switzerland,Europe,2022,CHE,8792128,63323.254,83.2003,NA,NA,4.3,2.835028,10.15,0.896
Switzerland,Europe,2023,CHE,8870520,NA,83.9536,NA,NA,4.05,2.1354008,10.08,0.887
Syria,Asia,1952,SYR,3765198,4441,44.3394,NA,NA,NA,NA,NA,0.147
Syria,Asia,1953,SYR,3852781,4916,45.3291,NA,NA,NA,NA,NA,0.174
Syria,Asia,1954,SYR,3947825,5504,46.3514,NA,NA,NA,NA,NA,0.268
Syria,Asia,1955,SYR,4050552,4844,47.4031,NA,NA,NA,NA,NA,0.305
Syria,Asia,1956,SYR,4160582,5592,48.4928,NA,NA,NA,NA,NA,0.308
Syria,Asia,1957,SYR,4277688,5781,49.5751,NA,NA,NA,NA,NA,0.308
Syria,Asia,1958,SYR,4401949,4844,50.6719,NA,NA,NA,NA,NA,0.112
Syria,Asia,1959,SYR,4533726,4881,51.7243,NA,NA,NA,NA,NA,0.082
Syria,Asia,1960,SYR,4673451,4819,52.7232,NA,NA,NA,5.1189094,NA,0.079
Syria,Asia,1961,SYR,4815408,5050,53.6521,NA,NA,NA,1.9588909,NA,0.095
Syria,Asia,1962,SYR,4959293,6051,54.5685,NA,NA,NA,-3.8461537,NA,0.262
Syria,Asia,1963,SYR,5110417,5855,55.3935,NA,NA,NA,1.9166666,NA,0.159
Syria,Asia,1964,SYR,5269049,5797,56.1701,NA,NA,NA,5.396566,NA,0.141
Syria,Asia,1965,SYR,5435221,5598,56.901,NA,NA,NA,-3.8789759,NA,0.141
Syria,Asia,1966,SYR,5609003,5004,57.5504,NA,NA,NA,3.7933817,NA,0.105
Syria,Asia,1967,SYR,5790144,5246,58.0449,NA,NA,NA,6.454121,NA,0.1
Syria,Asia,1968,SYR,5978683,5270,59.1177,NA,NA,NA,2.8487947,NA,0.1
Syria,Asia,1969,SYR,6175124,6059,59.8441,NA,NA,NA,-1.9886364,NA,0.1
Syria,Asia,1970,SYR,6380563,5643,60.6077,NA,NA,NA,4.637681,NA,0.075
Syria,Asia,1971,SYR,6598058,5992,61.3339,NA,NA,NA,5.6094184,NA,0.137
Syria,Asia,1972,SYR,6825987,7243,61.9692,NA,NA,NA,2.0983605,NA,0.147
Syria,Asia,1973,SYR,7060276,6403,60.8259,NA,NA,NA,20.359667,NA,0.144
Syria,Asia,1974,SYR,7302113,7685,63.4411,NA,NA,NA,15.528282,NA,0.144
Syria,Asia,1975,SYR,7554321,8878,64.1871,25.27509214,23.6825698,NA,11.464968,NA,0.144
Syria,Asia,1976,SYR,7817258,9526,64.844,25.39747191,23.78622601,NA,11.428572,NA,0.144
Syria,Asia,1977,SYR,8090460,9094,65.3981,25.5177943,23.88899972,NA,11.965812,NA,0.144
Syria,Asia,1978,SYR,8372710,9561,65.9321,25.63586409,23.990752,NA,4.80916,NA,0.144
Syria,Asia,1979,SYR,8661867,9580,66.2441,25.75230576,24.09203619,NA,4.552076,NA,0.144
Syria,Asia,1980,SYR,8957616,10374,66.5449,25.86758672,24.19307559,NA,19.296412,NA,0.143
Syria,Asia,1981,SYR,9260138,10984,64.5981,25.98122021,24.29328741,NA,18.394161,NA,0.144
Syria,Asia,1982,SYR,9572473,10817,60.8391,26.09401188,24.39283717,NA,14.303329,NA,0.144
Syria,Asia,1983,SYR,9904757,10581,67.3504,26.20551605,24.49213581,NA,6.127292,NA,0.144
Syria,Asia,1984,SYR,10258350,9792,67.7231,26.3163193,24.59115724,NA,9.229518,NA,0.144
Syria,Asia,1985,SYR,10625629,10026,68.0481,26.42693946,24.69037137,NA,17.252932,NA,0.143
Syria,Asia,1986,SYR,11002795,9200,68.4155,26.53634455,24.7887041,NA,36.06349,NA,0.143
Syria,Asia,1987,SYR,11388866,9055,68.7974,26.64484953,24.88719188,NA,59.484367,NA,0.143
Syria,Asia,1988,SYR,11782217,9913,69.1717,26.75254729,24.98616353,NA,34.56221,NA,0.143
Syria,Asia,1989,SYR,12179017,8735,69.4855,26.85934451,25.08516413,NA,11.399218,NA,0.143
Syria,Asia,1990,SYR,12579170,9087,69.8298,26.96519909,25.1840223,NA,19.396868,NA,0.145
Syria,Asia,1991,SYR,12980777,9424.123,70.0752,27.07052586,25.28326773,6.75,9,NA,0.145
Syria,Asia,1992,SYR,13385522,10002.276,70.2428,27.1756349,25.3828978,6.955,11.009174,NA,0.144
Syria,Asia,1993,SYR,13795647,10072.486,70.3087,27.28049591,25.48242743,7.4,13.223141,NA,0.144
Syria,Asia,1994,SYR,14208530,9969.374,70.2958,27.38512857,25.58118148,7.5,15.328467,NA,0.145
Syria,Asia,1995,SYR,14616758,9856.483,70.2093,27.49076866,25.67914436,7.2,7.9799576,NA,0.146
Syria,Asia,1996,SYR,15018059,9517.372,70.1565,27.59763051,25.77642285,7.225,8.24989,22.630001,0.146
Syria,Asia,1997,SYR,15417488,8826.773,70.1582,27.70502639,25.87292712,7.314,1.8861114,NA,0.146
Syria,Asia,1998,SYR,15820359,8742.974,70.2372,27.81330593,25.96870901,7.382,-0.79716563,NA,0.146
Syria,Asia,1999,SYR,16228011,7960.292,70.5065,27.92041891,26.06275159,7.6,-3.7037036,NA,0.145
Syria,Asia,2000,SYR,16637829,7668.072,70.8563,28.02500023,26.15333826,9.589,-3.8461537,NA,0.151
Syria,Asia,2001,SYR,17051298,7509.304,71.2958,28.1270796,26.24110233,11.63,3,NA,0.153
Syria,Asia,2002,SYR,17468285,7529.7017,71.7424,28.22611713,26.32676549,10.94,-0.13050528,NA,0.151
Syria,Asia,2003,SYR,17889248,6986.524,72.1875,28.32125801,26.41038321,10.28,5.796829,22.75,0.151
Syria,Asia,2004,SYR,18336839,7051.4287,72.4938,28.41278594,26.49281198,9.518,4.433141,20.05,0.151
Syria,Asia,2005,SYR,18814043,7037.7183000000005,72.7966,28.50019744,26.5739175,8.816,7.2403493,NA,0.149
Syria,Asia,2006,SYR,19636966,6901.778,73.0396,28.58508287,26.65457181,8.17,10.024111,NA,0.149
Syria,Asia,2007,SYR,20884096,6779.537,73.2563,28.67013354,26.73650652,8.42,3.9077096,NA,0.146
Syria,Asia,2008,SYR,21636510,6600.379,73.3681,28.7581805,26.82244809,10.94,15.745325,NA,0.145
Syria,Asia,2009,SYR,21976919,6586.5186,73.4959,28.84756493,26.91124132,8.14,2.920897,NA,0.145
Syria,Asia,2010,SYR,22482377,6520.6123,73.5417,28.9372798,27.00175477,8.61,4.3974137,NA,0.146
Syria,Asia,2011,SYR,22878049,5979,72.2593,29.02678657,27.09376098,8.612,4.753164,NA,0.146
Syria,Asia,2012,SYR,22759716,4443.686,66.2064,29.11713662,27.18624052,13.8,36.702297,NA,0.145
Syria,Asia,2013,SYR,21666877,3487.681,65.1457,29.20795894,27.27930749,14.479,40.031837,NA,0.137
Syria,Asia,2014,SYR,20273611,3384.4143,65.4916,29.29897274,27.37273404,14.768,10.9271145,NA,0.138
Syria,Asia,2015,SYR,19424567,3464.0376,63.2651,29.39012411,27.4658099,14.29,38.461143,NA,0.137
Syria,Asia,2016,SYR,19193793,3380.5535,65.1896,29.48096759,27.55826342,13.867,47.705162,NA,0.137
Syria,Asia,2017,SYR,19224621,3422.1772,65.6508,NA,NA,13.67,18.07527,NA,0.138
Syria,Asia,2018,SYR,19577802,3418.6953,67.3711,NA,NA,13.554,0.94098383,NA,0.137
Syria,Asia,2019,SYR,20353478,3385.4192,70.9701,NA,NA,13.393,13.417565,NA,0.137
Syria,Asia,2020,SYR,21049378,2903.7397,71.944,NA,NA,15.176,NA,NA,0.139
Syria,Asia,2021,SYR,21628791,2682.3398,72.4175,NA,NA,14.796,NA,NA,0.137
Syria,Asia,2022,SYR,22462118,2494.7612,72.7898,NA,NA,13.813,NA,20.68,0.137
Syria,Asia,2023,SYR,23594567,NA,72.1201,NA,NA,13.544,NA,21.3,0.146
Taiwan,Asia,1952,TWN,8148946,1639,57.9069,NA,NA,NA,NA,NA,0.078
Taiwan,Asia,1953,TWN,8451334,1728,58.5569,NA,NA,NA,NA,NA,0.078
Taiwan,Asia,1954,TWN,8767725,1825,58.9324,NA,NA,NA,NA,NA,0.078
Taiwan,Asia,1955,TWN,9104094,1895,59.7957,NA,NA,NA,NA,NA,0.078
Taiwan,Asia,1956,TWN,9465663,1926,60.3133,NA,NA,NA,NA,NA,0.078
Taiwan,Asia,1957,TWN,9850485,1997,60.95,NA,NA,NA,NA,NA,0.078
Taiwan,Asia,1958,TWN,10246114,2056,61.0399,NA,NA,NA,NA,NA,0.078
Taiwan,Asia,1959,TWN,10644132,2118,61.6084,NA,NA,NA,NA,NA,0.078
Taiwan,Asia,1960,TWN,11046219,2157,62.5432,NA,NA,NA,NA,NA,0.082
Taiwan,Asia,1961,TWN,11453473,2228,62.9844,NA,NA,NA,NA,NA,0.082
Taiwan,Asia,1962,TWN,11866625,2326,63.7948,NA,NA,NA,NA,NA,0.082
Taiwan,Asia,1963,TWN,12285681,2463,64.472,NA,NA,NA,NA,NA,0.082
Taiwan,Asia,1964,TWN,12706635,2676,64.8758,NA,NA,NA,NA,NA,0.082
Taiwan,Asia,1965,TWN,13124765,2885,65.7341,NA,NA,NA,NA,NA,0.082
Taiwan,Asia,1966,TWN,13537665,3054,66.0896,NA,NA,NA,NA,NA,0.082
Taiwan,Asia,1967,TWN,13901427,3300,66.6712,NA,NA,NA,NA,NA,0.082
Taiwan,Asia,1968,TWN,14215526,3484,66.802,NA,NA,NA,NA,NA,0.082
Taiwan,Asia,1969,TWN,14523548,3720,67.717,NA,NA,NA,NA,NA,0.083
Taiwan,Asia,1970,TWN,14815704,4044,69.0362,NA,NA,NA,NA,NA,0.113
Taiwan,Asia,1971,TWN,15121090,4470,69.3595,NA,NA,NA,NA,NA,0.112
Taiwan,Asia,1972,TWN,15450573,4962,69.6284,NA,NA,NA,NA,NA,0.113
Taiwan,Asia,1973,TWN,15772639,5496,69.8017,NA,NA,NA,NA,NA,0.112
Taiwan,Asia,1974,TWN,16082269,5455,70.3056,NA,NA,NA,NA,NA,0.113
Taiwan,Asia,1975,TWN,16365221,5614,70.8761,20.87854371,21.12338413,NA,NA,NA,0.113
Taiwan,Asia,1976,TWN,16671445,6245,71.1569,20.99233838,21.23276095,NA,NA,NA,0.117
Taiwan,Asia,1977,TWN,17020055,6752,71.2592,21.10907518,21.34526532,NA,NA,NA,0.118
Taiwan,Asia,1978,TWN,17373683,7519,71.7285,21.22813781,21.46018684,NA,NA,NA,0.119
Taiwan,Asia,1979,TWN,17735746,7967,71.7086,21.34868449,21.57673175,NA,NA,NA,0.119
Taiwan,Asia,1980,TWN,18086471,8384,71.9591,21.46946859,21.69505828,NA,NA,14.08,0.128
Taiwan,Asia,1981,TWN,18412786,8749,72.018,21.58994184,21.81373908,NA,NA,14.08,0.131
Taiwan,Asia,1982,TWN,18723938,8910,72.3966,21.70945516,21.93289807,NA,NA,11.389999,0.133
Taiwan,Asia,1983,TWN,19022579,9530,72.3973,21.82769968,22.05213565,NA,NA,10.440001,0.134
Taiwan,Asia,1984,TWN,19306717,10394,72.9877,21.94319582,22.17046373,NA,NA,10.39,0.139
Taiwan,Asia,1985,TWN,19571649,10779,73.2953,22.05494298,22.28704984,NA,NA,10.55,0.139
Taiwan,Asia,1986,TWN,19805937,11918,73.3182,22.16115143,22.40041107,NA,NA,10.38,0.157
Taiwan,Asia,1987,TWN,20015775,13705,73.613,22.26133828,22.51087561,NA,NA,11.55,0.201
Taiwan,Asia,1988,TWN,20223611,14183,73.4014,22.35594671,22.61865268,NA,NA,10.89,0.224
Taiwan,Asia,1989,TWN,20418862,15203,73.6725,22.44493388,22.72343594,NA,NA,11.65,0.242
Taiwan,Asia,1990,TWN,20594854,15841,73.9362,22.5288829,22.8254472,NA,NA,11.59,0.265
Taiwan,Asia,1991,TWN,20781705,16934.814,74.287,22.59856541,22.91863912,NA,NA,12.08,0.266
Taiwan,Asia,1992,TWN,20982040,18101.332,74.3047,22.65586605,23.005747,NA,NA,11.74,0.295
Taiwan,Asia,1993,TWN,21174631,19087.598,74.5644,22.70357309,23.08821573,NA,NA,10.89,0.322
Taiwan,Asia,1994,TWN,21357095,20269.266,74.7036,22.74278322,23.16645814,NA,NA,12.309999,0.324
Taiwan,Asia,1995,TWN,21534451,21329.686,74.6174,22.77615228,23.24176033,NA,NA,12.49,0.326
Taiwan,Asia,1996,TWN,21709218,22390.053,74.9181,22.80361039,23.31541446,NA,NA,11.69,0.509
Taiwan,Asia,1997,TWN,21885290,23437.768,75.3222,22.8273672,23.38734783,NA,NA,13.0199995,0.649
Taiwan,Asia,1998,TWN,22049170,24131.22,75.4752,22.84934648,23.4585415,NA,NA,13.330001,0.662
Taiwan,Asia,1999,TWN,22203728,25471.781,75.6198,22.87148318,23.52965337,NA,NA,14.46,0.658
Taiwan,Asia,2000,TWN,22332827,26787.445,76.1389,22.89498398,23.60078956,NA,NA,14.749999,0.774
Taiwan,Asia,2001,TWN,22446204,26203.977,76.4775,22.92275765,23.67458959,NA,NA,19.71,0.786
Taiwan,Asia,2002,TWN,22566847,27425.807,76.8708,22.95519254,23.75219941,NA,NA,18.72,0.795
Taiwan,Asia,2003,TWN,22664087,28348.852,77.0431,22.99250553,23.83374195,NA,NA,23.67,0.791
Taiwan,Asia,2004,TWN,22745385,29975.139,77.1732,23.0347939,23.91849035,NA,NA,20.2,0.777
Taiwan,Asia,2005,TWN,22824882,31374.455,77.133,23.08127547,24.00667026,NA,NA,19.12,0.774
Taiwan,Asia,2006,TWN,22914594,32867.367,77.8448,23.13249767,24.09861041,NA,NA,18.55,0.776
Taiwan,Asia,2007,TWN,23006867,34761.312,78.0458,23.18818541,24.19341769,NA,NA,21.52,0.777
Taiwan,Asia,2008,TWN,23086191,34762.367,78.2979,23.24666441,24.2895326,NA,NA,17.4,0.796
Taiwan,Asia,2009,TWN,23164307,33974.453,78.7005,23.30785127,24.38734284,NA,NA,18.56,0.796
Taiwan,Asia,2010,TWN,23223993,37385.49,79.0363,23.37024065,24.48698377,NA,NA,20.14,0.804
Taiwan,Asia,2011,TWN,23273026,38565,78.8804,23.43359692,24.58986985,NA,NA,20.95,0.804
Taiwan,Asia,2012,TWN,23345913,39291.184,79.1791,23.49734988,24.69593174,NA,NA,23.43,0.806
Taiwan,Asia,2013,TWN,23416820,40140.73,79.5976,23.56128818,24.80487252,NA,NA,18.79,0.802
Taiwan,Asia,2014,TWN,23472755,41930.84,79.4726,23.62489417,24.9164299,NA,NA,26.800001,0.804
Taiwan,Asia,2015,TWN,23529210,42438.46,79.8786,23.68825366,25.03000934,NA,NA,19.390001,0.804
Taiwan,Asia,2016,TWN,23586094,43262.195,79.6996,23.75069072,25.14440355,NA,NA,21.39,0.838
Taiwan,Asia,2017,TWN,23632907,44618.29,80.061,NA,NA,NA,NA,20.54,0.843
Taiwan,Asia,2018,TWN,23659256,45817.938,80.4312,NA,NA,NA,NA,NA,0.844
Taiwan,Asia,2019,TWN,23674088,47200.254,80.5958,NA,NA,NA,NA,NA,0.835
Taiwan,Asia,2020,TWN,23663407,48779.438,81.1067,NA,NA,NA,NA,NA,0.824
Taiwan,Asia,2021,TWN,23558281,51943.883,80.7847,NA,NA,NA,NA,NA,0.824
Taiwan,Asia,2022,TWN,23420051,53142.984,80.1569,NA,NA,NA,NA,20.25,0.827
Taiwan,Asia,2023,TWN,23317100,NA,80.5588,NA,NA,NA,NA,21.279999,0.823
Tanzania,Africa,1952,TZA,8009033,740,41.3568,NA,NA,NA,NA,NA,0.058
Tanzania,Africa,1953,TZA,8213075,697,41.5076,NA,NA,NA,NA,NA,0.058
Tanzania,Africa,1954,TZA,8424745,735,41.6559,NA,NA,NA,NA,NA,0.065
Tanzania,Africa,1955,TZA,8644807,733,41.8264,NA,NA,NA,NA,NA,0.071
Tanzania,Africa,1956,TZA,8874729,724,41.9902,NA,NA,NA,NA,NA,0.074
Tanzania,Africa,1957,TZA,9115747,720,42.145,NA,NA,NA,NA,NA,0.074
Tanzania,Africa,1958,TZA,9367551,708,42.3109,NA,NA,NA,NA,NA,0.111
Tanzania,Africa,1959,TZA,9629223,724,42.4524,NA,NA,NA,NA,NA,0.157
Tanzania,Africa,1960,TZA,9901365,732,42.5959,NA,NA,NA,NA,NA,0.167
Tanzania,Africa,1961,TZA,10187835,703,42.8413,NA,NA,NA,NA,NA,0.215
Tanzania,Africa,1962,TZA,10487703,746,43.2146,NA,NA,NA,NA,NA,0.248
Tanzania,Africa,1963,TZA,10799479,770,43.6157,NA,NA,NA,NA,NA,0.326
Tanzania,Africa,1964,TZA,11127775,787,44.075,NA,NA,NA,NA,NA,0.327
Tanzania,Africa,1965,TZA,11470664,792,44.542,NA,NA,NA,NA,NA,0.271
Tanzania,Africa,1966,TZA,11827409,867,44.9413,NA,NA,NA,9.777016,NA,0.255
Tanzania,Africa,1967,TZA,12200057,875,45.1627,NA,NA,NA,12.1875,NA,0.248
Tanzania,Africa,1968,TZA,12602028,894,45.6263,NA,NA,NA,15.598886,NA,0.247
Tanzania,Africa,1969,TZA,13036661,883,46.0434,NA,NA,NA,16.415663,NA,0.247
Tanzania,Africa,1970,TZA,13492620,905,46.4947,NA,NA,NA,3.4928849,NA,0.246
Tanzania,Africa,1971,TZA,13971404,915,46.9725,NA,NA,NA,4.775,NA,0.246
Tanzania,Africa,1972,TZA,14479267,945,47.4358,NA,NA,NA,7.6354094,NA,0.246
Tanzania,Africa,1973,TZA,15010051,945,47.9116,NA,NA,NA,10.396808,NA,0.246
Tanzania,Africa,1974,TZA,15561576,937,48.4219,NA,NA,NA,19.598394,NA,0.246
Tanzania,Africa,1975,TZA,16138309,956,48.9216,19.37634492,19.21479027,NA,26.057756,NA,0.246
Tanzania,Africa,1976,TZA,16736161,996,49.4586,19.51916113,19.34472685,NA,6.85935,NA,0.243
Tanzania,Africa,1977,TZA,17352887,993,49.9687,19.66248704,19.47520829,NA,11.604138,NA,0.243
Tanzania,Africa,1978,TZA,17976524,993,50.351,19.80594181,19.60570481,NA,6.575,NA,0.243
Tanzania,Africa,1979,TZA,18591993,977,50.791,19.94930924,19.73643699,NA,12.948627,NA,0.243
Tanzania,Africa,1980,TZA,19189712,958,51.2719,20.09227068,19.86693996,NA,30.1973,NA,0.245
Tanzania,Africa,1981,TZA,19784665,920,51.7032,20.23188252,19.99509313,NA,25.650024,NA,0.249
Tanzania,Africa,1982,TZA,20398524,905,51.9901,20.36878109,20.12088527,NA,28.932335,NA,0.252
Tanzania,Africa,1983,TZA,21079828,875,52.1783,20.50274339,20.24447666,NA,27.055927,NA,0.252
Tanzania,Africa,1984,TZA,21779010,870,52.1508,20.63453766,20.36622937,NA,36.145943,NA,0.252
Tanzania,Africa,1985,TZA,22501649,843,52.1843,20.76362421,20.48565413,NA,33.282104,NA,0.259
Tanzania,Africa,1986,TZA,23258913,845,52.2074,20.89024262,20.60197531,NA,32.4322,NA,0.266
Tanzania,Africa,1987,TZA,24030329,859,52.1824,21.01480254,20.71541515,NA,29.94937,NA,0.268
Tanzania,Africa,1988,TZA,24769647,867,52.2245,21.13764815,20.82584137,NA,31.186718,NA,0.268
Tanzania,Africa,1989,TZA,25438705,870,52.09,21.25926553,20.93321107,NA,25.849838,NA,0.268
Tanzania,Africa,1990,TZA,26110150,875,51.9849,21.37948685,21.03685709,NA,35.82677,NA,0.288
Tanzania,Africa,1991,TZA,26780391,891.8943,51.8373,21.49685188,21.13617261,3.6,28.695652,11.37,0.297
Tanzania,Africa,1992,TZA,27457553,895.4806,51.4317,21.6113471,21.2303236,3.68,21.846848,NA,0.396
Tanzania,Africa,1993,TZA,28332637,900.4133,51.2153,21.72338163,21.31877731,3.881,25.277264,NA,0.406
Tanzania,Africa,1994,TZA,29442315,904.75745,51.0772,21.83337459,21.40149157,3.847,34.083363,NA,0.42
Tanzania,Africa,1995,TZA,30383451,931.00275,51.0048,21.94232337,21.47896143,3.659,27.427786,NA,0.477
Tanzania,Africa,1996,TZA,30945706,979.7304,51.1321,22.05086978,21.55161288,3.466,20.97726,NA,0.494
Tanzania,Africa,1997,TZA,31578042,1017.1681,51.2457,22.15915716,21.62008128,3.336,16.090654,NA,0.494
Tanzania,Africa,1998,TZA,32420413,1052.0751,51.8074,22.26667159,21.68410928,3.279,12.799754,NA,0.494
Tanzania,Africa,1999,TZA,33300297,1100.3531,52.3988,22.37381436,21.74345283,3.215,7.8904333,NA,0.494
Tanzania,Africa,2000,TZA,34260098,1148.6802,53.2439,22.48048972,21.79882716,3.127,5.923961,12.540001,0.48
Tanzania,Africa,2001,TZA,35198252,1213.6268,54.1243,22.58728877,21.85118709,2.994,5.147468,NA,0.445
Tanzania,Africa,2002,TZA,36121250,1293.2051,54.9396,22.69331289,21.90126146,3.021,5.3178334,NA,0.445
Tanzania,Africa,2003,TZA,37089505,1369.9391,55.9292,22.79850189,21.948387,3.051,5.303566,NA,0.445
Tanzania,Africa,2004,TZA,38109614,1464.3854,56.8355,22.9020387,21.99315649,3.104,4.735801,NA,0.445
Tanzania,Africa,2005,TZA,39182037,1554.1523,57.675,23.00405386,22.03447164,3.192,5.03457,NA,0.43
Tanzania,Africa,2006,TZA,40294845,1621.9966,58.5123,23.10680098,22.07404634,3.299,7.2509727,NA,0.466
Tanzania,Africa,2007,TZA,41435458,1754.4626,59.2602,23.20983441,22.11126395,3.024,7.0255146,15.950001,0.465
Tanzania,Africa,2008,TZA,42570675,1848.1746,59.8961,23.31368052,22.14583087,2.775,10.278394,NA,0.467
Tanzania,Africa,2009,TZA,43633923,1946.8481,60.494,23.41794207,22.17784711,2.5,12.142228,NA,0.465
Tanzania,Africa,2010,TZA,44758438,2068.8638,61.1266,23.52293314,22.20815894,3.029,6.2001557,NA,0.468
Tanzania,Africa,2011,TZA,46029314,2227,61.6176,23.62938575,22.23895022,3.47,12.690969,16.16,0.483
Tanzania,Africa,2012,TZA,47374207,2271.4644,62.2862,23.73635668,22.27043931,3.223,16.001093,NA,0.483
Tanzania,Africa,2013,TZA,48824088,2353.3416,62.788,23.84342007,22.30287181,2.93,7.8707237,NA,0.477
Tanzania,Africa,2014,TZA,50351462,2436.4563,63.3638,23.94989079,22.33657621,2.125,6.131614,17.03,0.476
Tanzania,Africa,2015,TZA,52020910,2505.9724,63.9284,24.0549663,22.37008266,2.162,5.5881696,NA,0.457
Tanzania,Africa,2016,TZA,53823964,2592.6619,64.4037,24.15816268,22.4032439,2.237,5.174766,NA,0.411
Tanzania,Africa,2017,TZA,55652838,2683.0535,64.9631,NA,NA,2.313,5.318716,17.9,0.401
Tanzania,Africa,2018,TZA,57437090,2785.1824,65.488,NA,NA,2.409,3.4944584,NA,0.39
Tanzania,Africa,2019,TZA,59174848,2894.6472,66.0068,NA,NA,2.518,3.4642806,NA,0.385
Tanzania,Africa,2020,TZA,60972752,2948.4724,66.7712,NA,NA,2.781,3.2902906,NA,0.386
Tanzania,Africa,2021,TZA,62830365,3008.113,66.1306,NA,NA,2.806,3.6909196,NA,0.365
Tanzania,Africa,2022,TZA,64711777,3057.3286,66.8786,NA,NA,2.609,4.350272,17.9,0.39
Tanzania,Africa,2023,TZA,66617556,NA,66.9953,NA,NA,2.607,3.799233,17.9,0.419
Thailand,Asia,1952,THA,21527526,1385,46.498,NA,NA,NA,NA,NA,0.12
Thailand,Asia,1953,THA,22109280,1490,47.0656,NA,NA,NA,NA,NA,0.123
Thailand,Asia,1954,THA,22713296,1431,47.6198,NA,NA,NA,NA,NA,0.124
Thailand,Asia,1955,THA,23343130,1506,48.1338,NA,NA,NA,NA,NA,0.135
Thailand,Asia,1956,THA,23997214,1482,48.6388,NA,NA,NA,NA,NA,0.138
Thailand,Asia,1957,THA,24674780,1451,49.1281,NA,NA,NA,NA,NA,0.146
Thailand,Asia,1958,THA,25366957,1457,49.5483,NA,NA,NA,NA,NA,0.127
Thailand,Asia,1959,THA,26087970,1581,50.1261,NA,NA,NA,NA,NA,0.108
Thailand,Asia,1960,THA,26851697,1718,50.6085,NA,NA,NA,-0.7658643,NA,0.11
Thailand,Asia,1961,THA,27650280,1753,51.065,NA,NA,NA,7.38699,NA,0.11
Thailand,Asia,1962,THA,28480998,1831,51.4443,NA,NA,NA,3.6960986,NA,0.11
Thailand,Asia,1963,THA,29342265,1921,51.988,NA,NA,NA,NA,NA,0.11
Thailand,Asia,1964,THA,30232087,1991,52.5386,NA,NA,NA,-0.7920792,NA,0.11
Thailand,Asia,1965,THA,31149288,2085,53.131,NA,NA,NA,0.166334,NA,0.11
Thailand,Asia,1966,THA,32086029,2251,53.7294,NA,NA,NA,4.0352044,NA,0.11
Thailand,Asia,1967,THA,33037740,2369,54.3155,NA,NA,NA,4.3096566,NA,0.113
Thailand,Asia,1968,THA,34002512,2488,54.9772,NA,NA,NA,1.7903596,NA,0.126
Thailand,Asia,1969,THA,34973741,2608,55.7047,NA,NA,NA,2.4503908,NA,0.151
Thailand,Asia,1970,THA,35954351,2700,56.4699,NA,NA,NA,-0.08804108,NA,0.153
Thailand,Asia,1971,THA,36937346,2750,57.1004,NA,NA,NA,0.48465267,NA,0.149
Thailand,Asia,1972,THA,37933883,2786,57.7464,NA,NA,NA,4.8377666,NA,0.114
Thailand,Asia,1973,THA,38947738,2987,58.3234,NA,NA,NA,15.50955,NA,0.126
Thailand,Asia,1974,THA,39952848,3045,59.0306,NA,NA,NA,24.31356,NA,0.178
Thailand,Asia,1975,THA,40939945,3123,59.7128,21.00933094,19.8312417,NA,5.330097,NA,0.279
Thailand,Asia,1976,THA,41896460,3333,60.3715,21.13489232,19.94338433,NA,4.1493053,NA,0.234
Thailand,Asia,1977,THA,42843925,3585,60.9061,21.26185704,20.05649338,NA,7.601267,NA,0.122
Thailand,Asia,1978,THA,43788931,3861,61.2657,21.38940728,20.17056533,NA,7.92409,NA,0.125
Thailand,Asia,1979,THA,44718383,3979,61.696,21.51694043,20.28494058,NA,9.897366,NA,0.143
Thailand,Asia,1980,THA,45649981,4071,62.186,21.64369095,20.39978807,NA,19.7035,NA,0.252
Thailand,Asia,1981,THA,46575803,4230,62.8557,21.76630655,20.51204138,NA,12.662993,23.05,0.29
Thailand,Asia,1982,THA,47494539,4375,63.6026,21.88480345,20.62243224,NA,5.25908,NA,0.298
Thailand,Asia,1983,THA,48423256,4538,64.4998,22.00005309,20.73086057,NA,3.7265365,NA,0.323
Thailand,Asia,1984,THA,49351665,4720,65.5497,22.11162982,20.83704702,NA,0.86489844,NA,0.336
Thailand,Asia,1985,THA,50270704,4862,66.5429,22.22038973,20.94099298,NA,2.4317312,NA,0.337
Thailand,Asia,1986,THA,51177780,5053,67.3084,22.32686998,21.04290772,NA,1.841676,NA,0.334
Thailand,Asia,1987,THA,52074054,5453,67.8333,22.43084123,21.14327218,NA,2.4664612,NA,0.333
Thailand,Asia,1988,THA,52969542,6089,68.1937,22.53244756,21.24253531,NA,3.8627307,NA,0.354
Thailand,Asia,1989,THA,53848913,6735,68.5574,22.63225261,21.34031263,NA,5.355465,25.099998,0.368
Thailand,Asia,1990,THA,54738282,7385,68.9244,22.72995313,21.43741455,NA,5.8639946,23.56,0.377
Thailand,Asia,1991,THA,55637391,7849.7446,69.1322,22.82548218,21.53358191,2.63,5.7098527,24.6,0.211
Thailand,Asia,1992,THA,56528779,8409.0205,69.353,22.9188726,21.62920329,1.35,4.139146,25.350002,0.275
Thailand,Asia,1993,THA,57408155,8964.292,69.5677,23.01004044,21.72386197,1.49,3.3121917,24.33,0.417
Thailand,Asia,1994,THA,58260809,9499.518,69.6609,23.09818952,21.81743629,1.347,5.047749,24.050001,0.421
Thailand,Asia,1995,THA,59098195,10080.208,69.7565,23.18401417,21.90982889,1.1,5.818182,23.960001,0.427
Thailand,Asia,1996,THA,59920009,10458.358,69.94,23.26694828,22.00053819,1.071,5.8051057,23.86,0.406
Thailand,Asia,1997,THA,60724538,9995.618,70.3622,23.34741879,22.08852878,0.873,5.6257973,21.269999,0.481
Thailand,Asia,1998,THA,61522574,9077.748,70.7029,23.42571971,22.17355452,3.404,7.9947286,19.74,0.508
Thailand,Asia,1999,THA,62298991,9347.061,70.9787,23.50169673,22.25585891,2.968,0.28472647,22.08,0.508
Thailand,Asia,2000,THA,63007767,9627.1045,71.2053,23.57493254,22.33488994,2.389,1.5919691,21.68,0.507
Thailand,Asia,2001,THA,63651090,9818.721,71.5198,23.65241648,22.41778758,2.6,1.6269089,21.619999,0.55
Thailand,Asia,2002,THA,64266381,10276.398,71.7747,23.73384513,22.50464508,1.82,0.69730896,22.42,0.544
Thailand,Asia,2003,THA,64868110,10868.836,72.1012,23.81867038,22.59520728,1.54,1.8043499,25.560001,0.539
Thailand,Asia,2004,THA,65451997,11408.326,72.1,23.9067428,22.68945803,1.51,2.7591493,23.66,0.538
Thailand,Asia,2005,THA,66017363,11742.128,72.8938,23.99765606,22.78766415,1.35,4.540369,22.83,0.514
Thailand,Asia,2006,THA,66567647,12180.711,73.3413,24.09239741,22.88956958,1.22,4.6374745,25.650002,0.236
Thailand,Asia,2007,THA,67102346,12694.715,73.7795,24.19005978,22.99405767,1.18,2.241541,22.83,0.186
Thailand,Asia,2008,THA,67619781,12768.129,74.2205,24.29053675,23.1004176,1.18,5.4684896,23.23,0.401
Thailand,Asia,2009,THA,68121030,12543.398,74.6691,24.39336338,23.20890326,1.49,-0.8457161,22.65,0.416
Thailand,Asia,2010,THA,68579392,13343.547,75.0117,24.49732801,23.31865991,0.622,3.2475884,22.81,0.414
Thailand,Asia,2011,THA,69007158,13318,75.3015,24.60202273,23.43045424,0.66,3.8087907,23.630001,0.466
Thailand,Asia,2012,THA,69436048,14202.251,75.5899,24.70696712,23.54361757,0.58,3.0148995,21.9,0.497
Thailand,Asia,2013,THA,69845062,14504.184,75.9601,24.81089639,23.65742419,0.249,2.1848862,20.039999,0.432
Thailand,Asia,2014,THA,70216319,14571.971,76.2792,24.91351526,23.77194622,0.576,1.8951418,21.98,0.158
Thailand,Asia,2015,THA,70540737,14960.908,76.5631,25.01374045,23.8869609,0.597,-0.90042496,21.34,0.152
Thailand,Asia,2016,THA,70859797,15411.534,76.7693,25.11073257,24.00077018,0.688,0.1881497,20.93,0.155
Thailand,Asia,2017,THA,71160146,15994.506,76.9888,NA,NA,0.83,0.6656319,19.43,0.15
Thailand,Asia,2018,THA,71376039,16610.05,77.1903,NA,NA,0.766,1.0638975,17.37,0.168
Thailand,Asia,2019,THA,71522216,16905.293,77.1967,NA,NA,0.716,0.7067286,15.65,0.206
Thailand,Asia,2020,THA,71641437,15815.915,77.3314,NA,NA,1.099,-0.84593713,NA,0.198
Thailand,Asia,2021,THA,71727293,16019.519,77.6065,NA,NA,1.215,1.2303954,NA,0.203
Thailand,Asia,2022,THA,71735273,16421.072,75.2913,NA,NA,0.94,6.077412,21.369999,0.208
Thailand,Asia,2023,THA,71702397,NA,76.4115,NA,NA,0.913,1.2280263,19.74,0.289
Togo,Africa,1952,TGO,1449880,899,42.1961,NA,NA,NA,NA,NA,0.074
Togo,Africa,1953,TGO,1476023,913,42.315,NA,NA,NA,NA,NA,0.075
Togo,Africa,1954,TGO,1502718,928,42.4893,NA,NA,NA,NA,NA,0.075
Togo,Africa,1955,TGO,1529892,940,42.6614,NA,NA,NA,NA,NA,0.076
Togo,Africa,1956,TGO,1557595,955,42.7622,NA,NA,NA,NA,NA,0.123
Togo,Africa,1957,TGO,1585837,969,42.9427,NA,NA,NA,NA,NA,0.174
Togo,Africa,1958,TGO,1614584,982,43.1293,NA,NA,NA,NA,NA,0.204
Togo,Africa,1959,TGO,1643713,995,43.3231,NA,NA,NA,NA,NA,0.225
Togo,Africa,1960,TGO,1673073,1058,43.5357,NA,NA,NA,NA,NA,0.249
Togo,Africa,1961,TGO,1702667,1103,43.7455,NA,NA,NA,NA,NA,0.265
Togo,Africa,1962,TGO,1732917,1117,44.0012,NA,NA,NA,NA,NA,0.262
Togo,Africa,1963,TGO,1765028,1143,44.274,NA,NA,NA,NA,NA,0.216
Togo,Africa,1964,TGO,1803400,1275,44.6004,NA,NA,NA,NA,NA,0.232
Togo,Africa,1965,TGO,1853721,1412,44.9168,NA,NA,NA,NA,NA,0.231
Togo,Africa,1966,TGO,1918467,1503,45.2275,NA,NA,NA,NA,NA,0.231
Togo,Africa,1967,TGO,1995845,1546,45.6153,NA,NA,NA,-2.3188405,NA,0.1
Togo,Africa,1968,TGO,2080188,1581,46.0224,NA,NA,NA,0.2967359,NA,0.087
Togo,Africa,1969,TGO,2164784,1707,46.3543,NA,NA,NA,6.015779,NA,0.08
Togo,Africa,1970,TGO,2244732,1631,46.7819,NA,NA,NA,4.4806204,NA,0.08
Togo,Africa,1971,TGO,2317941,1699,47.2323,NA,NA,NA,6.492061,NA,0.08
Togo,Africa,1972,TGO,2384954,1709,47.692,NA,NA,NA,7.726608,NA,0.08
Togo,Africa,1973,TGO,2448717,1591,48.1385,NA,NA,NA,3.615315,NA,0.08
Togo,Africa,1974,TGO,2511715,1612,48.5932,NA,NA,NA,12.831932,NA,0.08
Togo,Africa,1975,TGO,2574588,1556,49.0461,18.96732322,19.32518957,NA,18.0122,NA,0.08
Togo,Africa,1976,TGO,2637749,1505,49.5088,19.11107725,19.4296168,NA,11.640731,NA,0.08
Togo,Africa,1977,TGO,2701851,1543,50.1632,19.25005836,19.53170153,NA,22.457014,NA,0.081
Togo,Africa,1978,TGO,2768101,1650,50.9024,19.38524231,19.63207504,NA,0.4427731,NA,0.081
Togo,Africa,1979,TGO,2839808,1698,51.5153,19.51823397,19.73098667,NA,7.5392513,NA,0.081
Togo,Africa,1980,TGO,2920854,1572,52.1458,19.65015684,19.82935022,NA,12.306857,NA,0.141
Togo,Africa,1981,TGO,3012989,1423,52.7807,19.78218756,19.92785134,NA,19.716503,NA,0.151
Togo,Africa,1982,TGO,3114987,1323,53.2729,19.91414877,20.02562145,NA,11.129673,NA,0.151
Togo,Africa,1983,TGO,3222849,1211,53.7686,20.04640821,20.1233151,NA,9.355465,NA,0.151
Togo,Africa,1984,TGO,3332791,1239,54.0941,20.17874446,20.22061805,NA,-3.5266287,NA,0.151
Togo,Africa,1985,TGO,3441058,1240,54.361,20.31124264,20.31707615,NA,-1.8144144,NA,0.151
Togo,Africa,1986,TGO,3547910,1237,54.6137,20.44358523,20.41256483,NA,4.124615,NA,0.151
Togo,Africa,1987,TGO,3657474,1165,54.8205,20.57622402,20.50707502,NA,0.05400885,NA,0.151
Togo,Africa,1988,TGO,3769711,1239,54.901,20.70912823,20.60041936,NA,-0.15091097,NA,0.151
Togo,Africa,1989,TGO,3883375,1246,54.7324,20.84217593,20.69243201,NA,-0.8394031,NA,0.151
Togo,Africa,1990,TGO,3998711,1275,54.557,20.97569987,20.78322815,NA,1.0153415,NA,0.155
Togo,Africa,1991,TGO,4115519,1249.168,54.2551,21.10960354,20.87242716,4.045,0.3870818,NA,0.23
Togo,Africa,1992,TGO,4233571,1181.8712,54.0767,21.24403238,20.95999281,4.189,1.3937867,NA,0.277
Togo,Africa,1993,TGO,4207411,1003.16486,53.8516,21.37935939,21.04613368,4.47,-1.0068817,NA,0.292
Togo,Africa,1994,TGO,4222903,1145.7776,53.7069,21.51647782,21.13087342,4.184,39.162766,NA,0.32
Togo,Africa,1995,TGO,4410784,1170.5977,53.6922,21.65672358,21.21432384,3.986,16.433504,NA,0.324
Togo,Africa,1996,TGO,4577814,1215.74,53.8172,21.80105572,21.29763701,3.624,4.6875,NA,0.331
Togo,Africa,1997,TGO,4724988,1226.327,53.8453,21.94951645,21.38133775,3.636,8.250825,NA,0.331
Togo,Africa,1998,TGO,4860872,1174.8528,53.9561,22.10277296,21.46551024,3.789,0.9753384,NA,0.309
Togo,Africa,1999,TGO,5000229,1183.013,54.3101,22.26041765,21.54974032,3.892,-0.053213626,NA,0.3
Togo,Africa,2000,TGO,5139999,1150.366,54.577,22.42070161,21.63427427,4.151,1.8626059,NA,0.304
Togo,Africa,2001,TGO,5277338,1115.5503,54.7456,22.58207266,21.71852364,4.102,3.9195914,NA,0.304
Togo,Africa,2002,TGO,5413233,1081.7445,55.0319,22.74244352,21.80293988,4.085,3.0598185,NA,0.303
Togo,Africa,2003,TGO,5552120,1114.4639,55.2994,22.90079354,21.88663279,3.964,-0.9300009,NA,0.306
Togo,Africa,2004,TGO,5696467,1121.8059,55.5941,23.05584354,21.96847725,3.999,0.39307868,NA,0.306
Togo,Africa,2005,TGO,5844590,1119.8043,55.9159,23.20664188,22.04632057,4.151,6.782929,NA,0.328
Togo,Africa,2006,TGO,6010623,1144.8815,56.1416,23.35332888,22.12005492,4.229,2.2289777,13.889999,0.339
Togo,Africa,2007,TGO,6188301,1145.9207,56.3821,23.49619556,22.18843003,3.822,0.9456733,NA,0.359
Togo,Africa,2008,TGO,6368770,1150.3579,56.6511,23.63490855,22.25065253,3.286,8.694828,NA,0.441
Togo,Africa,2009,TGO,6551820,1165.8888,56.9267,23.7696875,22.30604396,2.853,3.7136059,NA,0.441
Togo,Africa,2010,TGO,6732545,1191.1449,57.2266,23.90059001,22.35480514,2.385,1.4459451,NA,0.417
Togo,Africa,2011,TGO,6916427,1227,57.6118,24.02814229,22.39853642,1.982,3.5635147,15.299999,0.417
Togo,Africa,2012,TGO,7100693,1263,57.9396,24.1529611,22.4380493,2.028,2.5771818,NA,0.418
Togo,Africa,2013,TGO,7285399,1292,58.3447,24.27642293,22.47564228,2.083,1.8253947,NA,0.443
Togo,Africa,2014,TGO,7472415,1334,58.7663,24.39914825,22.51356496,2.142,0.19087508,NA,0.476
Togo,Africa,2015,TGO,7663160,1370,59.2201,24.52094971,22.55156833,2.204,2.5850039,13.75,0.473
Togo,Africa,2016,TGO,7858247,1412.9878,59.6686,24.64166822,22.58918749,2.963,1.2854484,NA,0.48
Togo,Africa,2017,TGO,8057086,1433.7917,60.1351,NA,NA,3.744,-0.98188984,NA,0.452
Togo,Africa,2018,TGO,8258739,1466.341,60.6006,NA,NA,2.903,0.9277554,NA,0.44
Togo,Africa,2019,TGO,8463021,1501.8667,61.0554,NA,NA,2.056,0.67465276,NA,0.399
Togo,Africa,2020,TGO,8669667,1482.7515,61.1225,NA,NA,2.211,1.6992847,NA,0.434
Togo,Africa,2021,TGO,8878342,1534.8236,61.3285,NA,NA,2.285,4.186215,NA,0.403
Togo,Africa,2022,TGO,9089693,1586.5889,62.2898,NA,NA,2.065,7.9675736,13.879999,0.407
Togo,Africa,2023,TGO,9304289,NA,62.7387,NA,NA,2.048,NA,13.879999,0.394
Trinidad and Tobago,Americas,1952,TTO,683396,6282,57.6841,NA,NA,NA,NA,NA,0.307
Trinidad and Tobago,Americas,1953,TTO,701821,6303,58.2512,NA,NA,NA,NA,NA,0.307
Trinidad and Tobago,Americas,1954,TTO,721110,6239,59.0761,NA,NA,NA,NA,NA,0.307
Trinidad and Tobago,Americas,1955,TTO,741203,6880,59.7174,NA,NA,NA,NA,NA,0.308
Trinidad and Tobago,Americas,1956,TTO,761657,8064,60.3431,NA,NA,NA,NA,NA,0.336
Trinidad and Tobago,Americas,1957,TTO,782463,8518,60.748,NA,NA,NA,NA,NA,0.47
Trinidad and Tobago,Americas,1958,TTO,803789,8941,61.4204,NA,NA,NA,NA,NA,0.47
Trinidad and Tobago,Americas,1959,TTO,824972,9154,61.8923,NA,NA,NA,NA,NA,0.47
Trinidad and Tobago,Americas,1960,TTO,844903,9964,62.5048,NA,NA,NA,2.08,NA,0.482
Trinidad and Tobago,Americas,1961,TTO,863101,10155,62.9652,NA,NA,NA,1.5227576,NA,0.481
Trinidad and Tobago,Americas,1962,TTO,880153,10383,63.4294,NA,NA,NA,2.9833527,NA,0.534
Trinidad and Tobago,Americas,1963,TTO,896765,10708,63.6326,NA,NA,NA,3.7612035,NA,0.549
Trinidad and Tobago,Americas,1964,TTO,912928,10841,63.978,NA,NA,NA,0.8637976,NA,0.548
Trinidad and Tobago,Americas,1965,TTO,928394,11206,64.1952,NA,NA,NA,1.781618,NA,0.548
Trinidad and Tobago,Americas,1966,TTO,942897,11531,64.3156,NA,NA,NA,4.094358,NA,0.552
Trinidad and Tobago,Americas,1967,TTO,956386,11679,64.4712,NA,NA,NA,2.1362586,NA,0.574
Trinidad and Tobago,Americas,1968,TTO,968956,12248,64.6255,NA,NA,NA,8.232052,NA,0.576
Trinidad and Tobago,Americas,1969,TTO,980660,12588,64.7534,NA,NA,NA,2.4352026,NA,0.58
Trinidad and Tobago,Americas,1970,TTO,991441,13141,64.8689,NA,NA,NA,2.5239005,NA,0.586
Trinidad and Tobago,Americas,1971,TTO,1002549,13185,64.9342,NA,NA,NA,3.5310209,NA,0.571
Trinidad and Tobago,Americas,1972,TTO,1014867,13753,65.1835,NA,NA,NA,9.301069,NA,0.559
Trinidad and Tobago,Americas,1973,TTO,1027803,13844,65.412,NA,NA,NA,14.810745,NA,0.564
Trinidad and Tobago,Americas,1974,TTO,1040719,14430,65.5117,NA,NA,NA,22.024977,NA,0.564
Trinidad and Tobago,Americas,1975,TTO,1053421,14534,65.6471,23.93323781,23.36865919,NA,16.979061,NA,0.562
Trinidad and Tobago,Americas,1976,TTO,1066261,15696,66.0321,24.03524718,23.44007557,NA,10.692465,NA,0.6
Trinidad and Tobago,Americas,1977,TTO,1079510,16412,66.1698,24.13953747,23.51229228,NA,11.7448635,NA,0.65
Trinidad and Tobago,Americas,1978,TTO,1093341,18042,66.1976,24.24520698,23.58496883,NA,10.256586,NA,0.657
Trinidad and Tobago,Americas,1979,TTO,1107595,18568,66.4224,24.35187749,23.65857125,NA,14.722171,NA,0.657
Trinidad and Tobago,Americas,1980,TTO,1121697,19734,66.5066,24.4595092,23.73274677,NA,17.470304,NA,0.666
Trinidad and Tobago,Americas,1981,TTO,1135095,20298,66.4587,24.56650164,23.8066697,NA,14.331886,NA,0.673
Trinidad and Tobago,Americas,1982,TTO,1147881,18771,66.3825,24.6723239,23.87958048,NA,11.634763,NA,0.678
Trinidad and Tobago,Americas,1983,TTO,1160489,16982,66.4401,24.77794479,23.95140413,NA,15.175,NA,0.678
Trinidad and Tobago,Americas,1984,TTO,1172927,17680,66.5556,24.88275057,24.02187124,NA,13.334781,NA,0.681
Trinidad and Tobago,Americas,1985,TTO,1187321,16671,66.7475,24.98725198,24.09133844,NA,7.622574,NA,0.681
Trinidad and Tobago,Americas,1986,TTO,1203085,15871,66.9028,25.09175894,24.15990638,NA,7.6936765,NA,0.693
Trinidad and Tobago,Americas,1987,TTO,1217320,14929,67.1345,25.19668262,24.22827588,NA,10.751859,NA,0.725
Trinidad and Tobago,Americas,1988,TTO,1230022,14198,67.3786,25.30241102,24.29687875,NA,7.758492,NA,0.725
Trinidad and Tobago,Americas,1989,TTO,1241570,13970,67.5178,25.40958353,24.36588806,NA,11.432132,NA,0.725
Trinidad and Tobago,Americas,1990,TTO,1252162,14112,67.5905,25.5187052,24.43516796,NA,11.064425,NA,0.73
Trinidad and Tobago,Americas,1991,TTO,1262128,14060.736,67.7817,25.63360829,24.50850008,18.52,3.783102,NA,0.746
Trinidad and Tobago,Americas,1992,TTO,1271625,14195.952,67.7798,25.75403636,24.58566107,19.66,6.439854,NA,0.765
Trinidad and Tobago,Americas,1993,TTO,1280417,13745.797,67.8246,25.87879199,24.66728359,19.81,10.835236,NA,0.765
Trinidad and Tobago,Americas,1994,TTO,1288301,13350.896,67.8368,26.00751388,24.75353531,18.44,8.814694,NA,0.765
Trinidad and Tobago,Americas,1995,TTO,1295122,14187.659,67.9952,26.1401051,24.84361663,17.22,5.182205,NA,0.76
Trinidad and Tobago,Americas,1996,TTO,1300883,15004.265,68.0386,26.27621396,24.93709248,16.25,3.4045744,NA,0.759
Trinidad and Tobago,Americas,1997,TTO,1305786,15931.672,68.1434,26.41497107,25.03296229,15.01,3.6260788,NA,0.759
Trinidad and Tobago,Americas,1998,TTO,1310176,17013.754,68.3306,26.55626557,25.13123381,14.21,5.612709,NA,0.759
Trinidad and Tobago,Americas,1999,TTO,1314664,18159.916,68.5087,26.69907384,25.23155165,13.12,3.4391358,NA,0.759
Trinidad and Tobago,Americas,2000,TTO,1319730,19179.918,68.6288,26.84136155,25.3324738,12.1,3.5554132,NA,0.767
Trinidad and Tobago,Americas,2001,TTO,1325528,19736.68,68.8744,26.97924198,25.43164479,10.88,5.536653,NA,0.731
Trinidad and Tobago,Americas,2002,TTO,1331963,21052.45,69.2322,27.11298757,25.528486439999998,10.39,4.1500587,NA,0.746
Trinidad and Tobago,Americas,2003,TTO,1338674,23814.066,69.4536,27.24287877,25.62304889,10.48,3.8111062000000002,NA,0.758
Trinidad and Tobago,Americas,2004,TTO,1345344,25403.27,69.8791,27.36994178,25.7157707,8.33,3.7215493,NA,0.758
Trinidad and Tobago,Americas,2005,TTO,1351993,26651.834,70.1847,27.49450197,25.80670233,7.95,6.8745346,NA,0.759
Trinidad and Tobago,Americas,2006,TTO,1358660,29792.424,70.4367,27.61773311,25.89616491,6.27,8.329603,NA,0.763
Trinidad and Tobago,Americas,2007,TTO,1365342,30806.174,70.7973,27.74035437,25.98461505,5.54,7.894388,NA,0.76
Trinidad and Tobago,Americas,2008,TTO,1372044,31434.305,71.1171,27.86314538,26.07247953,4.63,12.030345,NA,0.764
Trinidad and Tobago,Americas,2009,TTO,1379001,29657.463,71.4042,27.98633852,26.15988149,5.28,6.9780874,NA,0.764
Trinidad and Tobago,Americas,2010,TTO,1386606,30235.994,71.809,28.11078852,26.2473322,4.033,10.5492,NA,0.775
Trinidad and Tobago,Americas,2011,TTO,1394948,29745,72.2323,28.23703753,26.33541321,3.425,5.107133,NA,0.78
Trinidad and Tobago,Americas,2012,TTO,1403767,30944.223,72.513,28.36448983,26.4235186,3.718,9.260282,NA,0.78
Trinidad and Tobago,Americas,2013,TTO,1412610,31976.953,72.7855,28.49297357,26.51140121,2.683,5.199817,NA,0.746
Trinidad and Tobago,Americas,2014,TTO,1421085,32878.203,72.8984,28.62203083,26.5989204,2.477,5.684418,NA,0.746
Trinidad and Tobago,Americas,2015,TTO,1429148,32480.59,72.8817,28.75147012,26.68688008,2.428,4.661216,NA,0.764
Trinidad and Tobago,Americas,2016,TTO,1436989,30158.125,72.9348,28.88155719,26.77531848,3.207,3.0706675,NA,0.754
Trinidad and Tobago,Americas,2017,TTO,1445217,28618.176,72.9844,NA,NA,3.385,1.8803844,NA,0.75
Trinidad and Tobago,Americas,2018,TTO,1470471,27863.434,72.6582,NA,NA,3.49,1.0185694,NA,0.744
Trinidad and Tobago,Americas,2019,TTO,1484843,27582.568,72.8357,NA,NA,3.523,1.0005429,NA,0.75
Trinidad and Tobago,Americas,2020,TTO,1480979,25548.51,72.645,NA,NA,4.206,0.5989863,NA,0.753
Trinidad and Tobago,Americas,2021,TTO,1487659,25237.664,71.1114,NA,NA,4.446,2.0592275,NA,0.77
Trinidad and Tobago,Americas,2022,TTO,1495868,25773.006,73.3308,NA,NA,4.383,5.8283863,17.87,0.755
Trinidad and Tobago,Americas,2023,TTO,1502887,NA,73.4896,NA,NA,4.206,4.6293025,17.87,0.755
Tunisia,Africa,1952,TUN,3758133,1945,39.3069,NA,NA,NA,NA,NA,0.036
Tunisia,Africa,1953,TUN,3837355,1983,39.7466,NA,NA,NA,NA,NA,0.037
Tunisia,Africa,1954,TUN,3919480,1991,40.0017,NA,NA,NA,NA,NA,0.038
Tunisia,Africa,1955,TUN,4005088,1855,40.7623,NA,NA,NA,NA,NA,0.04
Tunisia,Africa,1956,TUN,4082553,1949,41.3454,NA,NA,NA,NA,NA,0.064
Tunisia,Africa,1957,TUN,4136556,1847,42.0766,NA,NA,NA,NA,NA,0.068
Tunisia,Africa,1958,TUN,4177663,2058,42.7026,NA,NA,NA,NA,NA,0.086
Tunisia,Africa,1959,TUN,4220851,1940,43.3563,NA,NA,NA,NA,NA,0.098
Tunisia,Africa,1960,TUN,4267245,2141,44.0491,NA,NA,NA,NA,NA,0.194
Tunisia,Africa,1961,TUN,4316241,2289,44.2568,NA,NA,NA,NA,NA,0.194
Tunisia,Africa,1962,TUN,4369097,2198,45.5617,NA,NA,NA,NA,NA,0.194
Tunisia,Africa,1963,TUN,4427084,2480,46.412,NA,NA,NA,NA,NA,0.193
Tunisia,Africa,1964,TUN,4489825,2533,47.2716,NA,NA,NA,NA,NA,0.193
Tunisia,Africa,1965,TUN,4561349,2635,48.2041,NA,NA,NA,NA,NA,0.188
Tunisia,Africa,1966,TUN,4652243,2636,49.158,NA,NA,NA,NA,NA,0.188
Tunisia,Africa,1967,TUN,4760918,2558,50.1573,NA,NA,NA,NA,NA,0.188
Tunisia,Africa,1968,TUN,4879864,2766,51.3416,NA,NA,NA,NA,NA,0.188
Tunisia,Africa,1969,TUN,5004657,2805,52.2968,NA,NA,NA,NA,NA,0.188
Tunisia,Africa,1970,TUN,5131336,2912,53.7917,NA,NA,NA,NA,NA,0.188
Tunisia,Africa,1971,TUN,5261600,3159,54.9055,NA,NA,NA,NA,NA,0.188
Tunisia,Africa,1972,TUN,5396520,3645,56.0947,NA,NA,NA,NA,NA,0.188
Tunisia,Africa,1973,TUN,5537204,3540,57.1153,NA,NA,NA,NA,NA,0.188
Tunisia,Africa,1974,TUN,5684633,3735,58.2509,NA,NA,NA,NA,NA,0.187
Tunisia,Africa,1975,TUN,5839207,3899,59.3055,23.86641084,21.64059149,NA,NA,NA,0.188
Tunisia,Africa,1976,TUN,5996939,4095,60.3134,23.98881288,21.7409502,NA,NA,NA,0.189
Tunisia,Africa,1977,TUN,6155878,4132,61.2556,24.10812599,21.83996532,NA,NA,NA,0.191
Tunisia,Africa,1978,TUN,6309337,4304,62.1472,24.22413782,21.93743293,NA,NA,NA,0.191
Tunisia,Africa,1979,TUN,6456365,4481,62.9291,24.33720936,22.03377209,NA,NA,NA,0.191
Tunisia,Africa,1980,TUN,6606149,4693,63.6688,24.44759454,22.12923522,NA,NA,NA,0.193
Tunisia,Africa,1981,TUN,6758245,4830,64.3742,24.555755,22.22409597,NA,NA,NA,0.195
Tunisia,Africa,1982,TUN,6908597,4713,65.0102,24.66243077,22.31869665,NA,NA,NA,0.196
Tunisia,Africa,1983,TUN,7053746,4844,65.696,24.76802397,22.41293386,NA,NA,NA,0.199
Tunisia,Africa,1984,TUN,7220002,4890,66.2936,24.87255887,22.50730101,NA,8.9,NA,0.199
Tunisia,Africa,1985,TUN,7409853,5039,66.8771,24.97647808,22.60200522,NA,7.2543616,21.66,0.197
Tunisia,Africa,1986,TUN,7600254,4841,67.4289,25.08074289,22.69866785,NA,6.1643834,NA,0.197
Tunisia,Africa,1987,TUN,7789942,5043,68.0106,25.18514217,22.79730312,NA,8.225806,NA,0.182
Tunisia,Africa,1988,TUN,7974393,4940,68.4559,25.28949475,22.89800794,NA,7.1969695,NA,0.114
Tunisia,Africa,1989,TUN,8151614,5023,68.8253,25.39343294,23.00018217,NA,7.740886,NA,0.125
Tunisia,Africa,1990,TUN,8324459,5316,69.0919,25.4967265,23.1036397,NA,6.545293,21.92,0.198
Tunisia,Africa,1991,TUN,8501781,5446.228,69.3985,25.59806175,23.20790362,15.977,8.193715,NA,0.198
Tunisia,Africa,1992,TUN,8682454,5789.955,69.6836,25.69730728,23.31352647,15.647,5.824345,NA,0.197
Tunisia,Africa,1993,TUN,8857863,5843.0684,69.9921,25.79469787,23.42051237,15.986,3.9749563,NA,0.194
Tunisia,Africa,1994,TUN,9018389,5968.8447,70.3628,25.89054438,23.52797254,16.038,4.7332306,NA,0.189
Tunisia,Africa,1995,TUN,9161208,6048.7476,70.7855,25.98584737,23.63591685,16.36,6.24415,21.619999,0.188
Tunisia,Africa,1996,TUN,9294385,6388.394,71.2472,26.07747186,23.74215595,16.07,3.7251446,NA,0.188
Tunisia,Africa,1997,TUN,9421219,6680.1035,71.6696,26.16546081,23.84687092,15.94,3.6520262,NA,0.188
Tunisia,Africa,1998,TUN,9541629,6944.661,72.0672,26.25023099,23.95101479,15.476,3.1253657,NA,0.188
Tunisia,Africa,1999,TUN,9655915,7297.4746,72.3435,26.3313815,24.05380525,15.21,2.6901248,NA,0.188
Tunisia,Africa,2000,TUN,9764887,7548.438,72.6043,26.40772402,24.1537495,14.94,2.962308,21.63,0.189
Tunisia,Africa,2001,TUN,9869638,7848.094,72.8219,26.4793309,24.25121924,14.4,1.9833333,NA,0.189
Tunisia,Africa,2002,TUN,9971483,7916.6797,73.0695,26.54629985,24.34734813,14.55,2.7210329,NA,0.191
Tunisia,Africa,2003,TUN,10071594,8281.715,73.3036,26.60845496,24.44223558,14.51,2.7125924,NA,0.191
Tunisia,Africa,2004,TUN,10166114,8705.084,73.5195,26.66631791,24.53633048,14.23,3.63228,NA,0.189
Tunisia,Africa,2005,TUN,10255431,8983.384,73.7117,26.71993525,24.62926807,12.872,2.0177865,21.99,0.191
Tunisia,Africa,2006,TUN,10346362,9420.023,73.8884,26.76986485,24.72090587,12.51,3.2252533,NA,0.191
Tunisia,Africa,2007,TUN,10441654,9932.938,74.0391,26.81907785,24.81366905,12.365,2.9669442,NA,0.191
Tunisia,Africa,2008,TUN,10542588,10294.922,74.1923,26.87023989,24.90979194,12.444,4.345028,NA,0.191
Tunisia,Africa,2009,TUN,10650632,10533.218,74.3199,26.92246296,25.0085147,13.291,3.6649034,NA,0.191
Tunisia,Africa,2010,TUN,10765930,10721.812,74.4376,26.97516727,25.10900545,13.049,3.3389797,18.179998,0.194
Tunisia,Africa,2011,TUN,10885997,10437,74.4714,27.02840997,25.21088009,18.334,3.2400284,NA,0.327
Tunisia,Africa,2012,TUN,11009606,10750.85,74.5985,27.08273091,25.31363214,17.63,4.6118445,NA,0.767
Tunisia,Africa,2013,TUN,11141316,10881.511,74.6736,27.13807863,25.41668188,15.934,5.3162355,NA,0.761
Tunisia,Africa,2014,TUN,11274241,11084.781,74.7838,27.19408847,25.52015541,14.259,4.625551,NA,0.746
Tunisia,Africa,2015,TUN,11402217,11063.081,74.8748,27.25051704,25.62332822,15.159,4.4373713,22.96,0.726
Tunisia,Africa,2016,TUN,11528628,11064.023,75.0074,27.30753368,25.72641503,15.557,3.6293993,NA,0.726
Tunisia,Africa,2017,TUN,11650449,11194.365,75.1768,NA,NA,15.33,5.3088484,NA,0.724
Tunisia,Africa,2018,TUN,11765461,11376.29,75.37,NA,NA,15.459,7.307592,NA,0.726
Tunisia,Africa,2019,TUN,11875033,11451.897,75.5992,NA,NA,17.153,6.720075,NA,0.721
Tunisia,Africa,2020,TUN,11974015,10354.239,75.0035,NA,NA,17.576,5.634151,NA,0.707
Tunisia,Africa,2021,TUN,12048573,10726.256,72.8928,NA,NA,16.505,5.7063503,NA,0.532
Tunisia,Africa,2022,TUN,12119284,10913.846,76.0505,NA,NA,15.301,8.306461,22.52,0.283
Tunisia,Africa,2023,TUN,12200387,NA,76.5077,NA,NA,15.106,9.328996,22.470001,0.461
Turkey,Europe,1952,TUR,22290049,2522,48.1208,NA,NA,NA,NA,NA,0.401
Turkey,Europe,1953,TUR,22958508,2745,48.2011,NA,NA,NA,NA,NA,0.403
Turkey,Europe,1954,TUR,23636059,2609,48.8018,NA,NA,NA,NA,NA,0.393
Turkey,Europe,1955,TUR,24310462,2754,49.0621,NA,NA,NA,NA,NA,0.392
Turkey,Europe,1956,TUR,25057552,2777,49.474,NA,NA,NA,NA,NA,0.352
Turkey,Europe,1957,TUR,25880873,2920,49.2247,NA,NA,NA,NA,NA,0.351
Turkey,Europe,1958,TUR,26704921,2973,49.2277,NA,NA,NA,NA,NA,0.35
Turkey,Europe,1959,TUR,27526283,3030,50.1372,NA,NA,NA,NA,NA,0.35
Turkey,Europe,1960,TUR,28329854,3041,50.799,NA,NA,NA,5.66474,NA,0.225
Turkey,Europe,1961,TUR,29119190,3022,51.5584,NA,NA,NA,3.172857,NA,0.194
Turkey,Europe,1962,TUR,29916095,3142,52.347,NA,NA,NA,3.8883202,NA,0.288
Turkey,Europe,1963,TUR,30726798,3374,53.1195,NA,NA,NA,6.362707,NA,0.299
Turkey,Europe,1964,TUR,31543026,3453,53.5996,NA,NA,NA,1.1196378,NA,0.313
Turkey,Europe,1965,TUR,32345163,3481,54.1048,NA,NA,NA,4.555534,NA,0.321
Turkey,Europe,1966,TUR,33177623,3824,54.5698,NA,NA,NA,8.471996,NA,0.519
Turkey,Europe,1967,TUR,34050379,3929,55.1828,NA,NA,NA,13.974893,NA,0.576
Turkey,Europe,1968,TUR,34921630,4122,55.6389,NA,NA,NA,6.04624,NA,0.576
Turkey,Europe,1969,TUR,35787738,4267,56.1794,NA,NA,NA,4.924194,NA,0.576
Turkey,Europe,1970,TUR,36638405,4398,56.7016,NA,NA,NA,7.923952,NA,0.547
Turkey,Europe,1971,TUR,37518565,4715,57.2226,NA,NA,NA,19.011408,NA,0.482
Turkey,Europe,1972,TUR,38430168,4929,57.9712,NA,NA,NA,15.416455,NA,0.503
Turkey,Europe,1973,TUR,39329490,5050,58.4549,NA,NA,NA,13.938166,NA,0.523
Turkey,Europe,1974,TUR,40210180,5353,59.0191,NA,NA,NA,23.89816,NA,0.572
Turkey,Europe,1975,TUR,41053082,5719,59.513,24.71028206,22.78316715,NA,21.227356,NA,0.572
Turkey,Europe,1976,TUR,41899942,6110,60.0144,24.84021943,22.90182046,NA,17.455688,NA,0.572
Turkey,Europe,1977,TUR,42773248,6271,60.8459,24.9662868,23.01862556,NA,25.985338,NA,0.571
Turkey,Europe,1978,TUR,43645257,6350,61.614,25.08873446,23.13317637,NA,61.897045,NA,0.57
Turkey,Europe,1979,TUR,44510374,6204,62.1609,25.20825759,23.24685699,NA,63.54311,NA,0.57
Turkey,Europe,1980,TUR,45408765,6070,62.7391,25.32494433,23.35934092,NA,94.26086,NA,0.34
Turkey,Europe,1981,TUR,46321145,6201,63.1935,25.45210026,23.47915975,NA,37.614784,NA,0.114
Turkey,Europe,1982,TUR,47322049,6381,63.7404,25.5882765,23.60545867,NA,29.137514,NA,0.114
Turkey,Europe,1983,TUR,48447362,6489,64.2687,25.73214331,23.738296,NA,31.39027,NA,0.147
Turkey,Europe,1984,TUR,49574017,6736,64.8099,25.881710000000002,23.87626683,NA,48.392323,NA,0.406
Turkey,Europe,1985,TUR,50687071,6958,65.3437,26.03636983,24.01846658,NA,44.96173,NA,0.406
Turkey,Europe,1986,TUR,51777719,7323,65.8699,26.19056494,24.16201205,NA,34.610077,NA,0.418
Turkey,Europe,1987,TUR,52843620,7838,66.3785,26.34344965,24.30709865,NA,38.855843,29.6,0.428
Turkey,Europe,1988,TUR,53909576,8019,66.902,26.49371221,24.45297923,NA,68.80965,27.54,0.492
Turkey,Europe,1989,TUR,54976671,7992,67.3649,26.64139028,24.59868079,NA,63.272552,26.69,0.492
Turkey,Europe,1990,TUR,56015570,8606,67.8348,26.78461783,24.74319836,NA,60.303867,25.240002,0.518
Turkey,Europe,1991,TUR,57009853,8658.379,68.2867,26.91625779,24.88199668,8.21,65.97857,25.48,0.522
Turkey,Europe,1992,TUR,57990062,9150.435,68.6031,27.03792099,25.01602105,8.509,70.0761,23.710001,0.542
Turkey,Europe,1993,TUR,58999121,9865.301,69.0178,27.15099365,25.14559427,8.962,66.09384,22.77,0.539
Turkey,Europe,1994,TUR,60033776,9308.695,69.4024,27.25749457,25.27092992,8.577,105.21499,21.49,0.539
Turkey,Europe,1995,TUR,61024457,9962.536,69.7341,27.35971934,25.39209928,7.644,89.11332,21.72,0.545
Turkey,Europe,1996,TUR,61951087,10644.634,70.2454,27.45827266,25.50936907,6.629,80.41215,21.68,0.549
Turkey,Europe,1997,TUR,62852916,11432.437,70.6681,27.55315409,25.6226082,6.841,85.669365,21.97,0.553
Turkey,Europe,1998,TUR,63734336,11772.83,71.144,27.64537853,25.73281586,6.888,84.64134,21.57,0.552
Turkey,Europe,1999,TUR,64591859,11151.674,70.7523,27.73478148,25.83953734,7.687,64.867485,22.220001,0.577
Turkey,Europe,2000,TUR,65425910,11904.008,71.9312,27.82093649,25.94141109,6.495,54.91537,22.17,0.592
Turkey,Europe,2001,TUR,66245077,10950.992,72.2711,27.90510293,26.03950734,8.381,54.40019,22.61,0.593
Turkey,Europe,2002,TUR,67048743,11753.953,72.6047,27.98696569,26.13489947,10.358,44.964123,21.9,0.638
Turkey,Europe,2003,TUR,67831688,12380.207,72.9061,28.06505321,26.22760722,10.542,21.602438,22.01,0.653
Turkey,Europe,2004,TUR,68592567,13423.795,73.2232,28.13919271,26.31662493,10.838,8.598262,20.79,0.663
Turkey,Europe,2005,TUR,69329509,14487.758,73.5098,28.20813648,26.40018586,10.636,8.17916,18.41,0.646
Turkey,Europe,2006,TUR,70045304,15425.188,73.8038,28.27369284,26.47942776,10.227,9.597242,17.3,0.646
Turkey,Europe,2007,TUR,70750548,16090.835,74.1291,28.33867066,26.55663979,10.285,8.756181,16.76,0.62
Turkey,Europe,2008,TUR,71562297,16182.732,74.3802,28.40690037,26.63471414,10.965,10.444128,17.720001,0.558
Turkey,Europe,2009,TUR,72464795,15188.421,74.679,28.47624171,26.71342209,14.026,6.2509766,19.18,0.551
Turkey,Europe,2010,TUR,73346724,16528.12,74.9642,28.54509247,26.79225839,11.879,8.566444,19.64,0.534
Turkey,Europe,2011,TUR,74215158,17919,74.8234,28.61226418,26.87222429,9.789,6.4718795,18.63,0.52
Turkey,Europe,2012,TUR,75197146,18539.223,75.5519,28.67939375,26.95256187,9.21,8.89157,19.789999,0.512
Turkey,Europe,2013,TUR,76402978,19855.717,76.1705,28.74596291,27.03323101,9.713,7.49309,18.5,0.47
Turkey,Europe,2014,TUR,78036104,20557.4,76.4519,28.81208331,27.11437311,9.901,8.854572,19.71,0.429
Turkey,Europe,2015,TUR,80014170,21519.33,76.5389,28.87773829,27.19483759,10.304,7.6708536,21.99,0.387
Turkey,Europe,2016,TUR,81652039,21937.162,76.5948,28.94223386,27.27430057,10.899,7.775134,19.050001,0.305
Turkey,Europe,2017,TUR,83083616,23278.996,77.0372,NA,NA,10.919,11.144311,20.52,0.29
Turkey,Europe,2018,TUR,84415922,23650.49,77.4535,NA,NA,10.956,16.332464,19.96,0.297
Turkey,Europe,2019,TUR,85357615,23497.504,77.737,NA,NA,13.73,15.176822,NA,0.293
Turkey,Europe,2020,TUR,86091644,23721.88,76.5255,NA,NA,13.148,12.278957,NA,0.291
Turkey,Europe,2021,TUR,86686206,26175.93,75.7222,NA,NA,11.969,19.596493,NA,0.285
Turkey,Europe,2022,TUR,87058421,27361.988,77.5913,NA,NA,10.432,72.30884,22.26,0.286
Turkey,Europe,2023,TUR,87270451,NA,77.1557,NA,NA,9.412,53.85941,23.95,0.285
Uganda,Africa,1952,UGA,6076990,1058,40.7535,NA,NA,NA,NA,NA,0.079
Uganda,Africa,1953,UGA,6249399,1076,41.2948,NA,NA,NA,NA,NA,0.08
Uganda,Africa,1954,UGA,6428325,1033,41.8395,NA,NA,NA,NA,NA,0.08
Uganda,Africa,1955,UGA,6613726,1071,42.4188,NA,NA,NA,NA,NA,0.08
Uganda,Africa,1956,UGA,6805405,1100,43.0158,NA,NA,NA,NA,NA,0.092
Uganda,Africa,1957,UGA,7003845,1116,43.6528,NA,NA,NA,NA,NA,0.092
Uganda,Africa,1958,UGA,7209714,1092,44.311,NA,NA,NA,NA,NA,0.17
Uganda,Africa,1959,UGA,7423390,1116,44.9531,NA,NA,NA,NA,NA,0.167
Uganda,Africa,1960,UGA,7640933,1137,45.6325,NA,NA,NA,NA,NA,0.178
Uganda,Africa,1961,UGA,7862162,1093,46.2707,NA,NA,NA,NA,NA,0.185
Uganda,Africa,1962,UGA,8092183,1106,46.8207,NA,NA,NA,NA,NA,0.256
Uganda,Africa,1963,UGA,8333608,1197,47.3781,NA,NA,NA,NA,NA,0.394
Uganda,Africa,1964,UGA,8586326,1251,47.8464,NA,NA,NA,NA,NA,0.39
Uganda,Africa,1965,UGA,8849156,1242,48.3027,NA,NA,NA,NA,NA,0.39
Uganda,Africa,1966,UGA,9122818,1280,48.4628,NA,NA,NA,NA,NA,0.237
Uganda,Africa,1967,UGA,9408872,1310,49.0064,NA,NA,NA,NA,NA,0.227
Uganda,Africa,1968,UGA,9708584,1304,49.285,NA,NA,NA,NA,NA,0.227
Uganda,Africa,1969,UGA,10014823,1404,49.5048,NA,NA,NA,NA,NA,0.202
Uganda,Africa,1970,UGA,10321555,1382,49.621,NA,NA,NA,NA,NA,0.195
Uganda,Africa,1971,UGA,10618159,1385,47.1465,NA,NA,NA,NA,NA,0.124
Uganda,Africa,1972,UGA,10885744,1364,47.1619,NA,NA,NA,NA,NA,0.087
Uganda,Africa,1973,UGA,11144184,1331,46.9915,NA,NA,NA,NA,NA,0.084
Uganda,Africa,1974,UGA,11424788,1302,46.8613,NA,NA,NA,NA,NA,0.084
Uganda,Africa,1975,UGA,11725196,1243,46.5175,19.10145134,18.19169157,NA,NA,NA,0.084
Uganda,Africa,1976,UGA,12037254,1219,46.1695,19.20797288,18.29004452,NA,NA,NA,0.084
Uganda,Africa,1977,UGA,12359623,1207,45.8399,19.3139447,18.38830721,NA,NA,NA,0.084
Uganda,Africa,1978,UGA,12692070,1111,45.5963,19.41981441,18.48602228,NA,NA,NA,0.084
Uganda,Africa,1979,UGA,13002114,966,45.3846,19.52584061,18.58371638,NA,NA,NA,0.086
Uganda,Africa,1980,UGA,13275699,912,43.4526,19.63191011,18.68168841,NA,NA,NA,0.15
Uganda,Africa,1981,UGA,13556405,923,43.4563,19.74079774,18.78108387,NA,NA,NA,0.224
Uganda,Africa,1982,UGA,13873581,972,43.3086,19.85197059,18.88195821,NA,NA,NA,0.223
Uganda,Africa,1983,UGA,14221841,1014,43.4891,19.9650084,18.98412315,NA,NA,NA,0.223
Uganda,Africa,1984,UGA,14607633,897,43.7065,20.07996639,19.08732493,NA,NA,NA,0.223
Uganda,Africa,1985,UGA,15023633,886,45.4963,20.19596883,19.19065456,NA,NA,NA,0.182
Uganda,Africa,1986,UGA,15467525,858,45.6515,20.31267427,19.29386703,NA,NA,NA,0.125
Uganda,Africa,1987,UGA,15954115,877,47.3604,20.42981738,19.39647957,NA,NA,NA,0.126
Uganda,Africa,1988,UGA,16470436,902,47.476,20.54712924,19.49870926,NA,NA,NA,0.132
Uganda,Africa,1989,UGA,17010661,929,47.4882,20.6642,19.599742,NA,NA,20.039999,0.172
Uganda,Africa,1990,UGA,17569850,932,47.5612,20.78050046,19.6990069,NA,NA,NA,0.179
Uganda,Africa,1991,UGA,18155852,915.40533,47.549,20.89288854,19.79458599,3.404,NA,NA,0.254
Uganda,Africa,1992,UGA,18784994,934.82623,47.6706,21.00172962,19.8854887,3.498,NA,NA,0.259
Uganda,Africa,1993,UGA,19445115,959.1882,47.6808,21.10720344,19.9721247,3.445,NA,NA,0.266
Uganda,Africa,1994,UGA,20108752,994.5334,47.6748,21.20994016,20.05451327,3.424,10.03676,NA,0.29
Uganda,Africa,1995,UGA,20665626,1054.714,47.7062,21.31108711,20.13349333,3.197,6.5501404,NA,0.298
Uganda,Africa,1996,UGA,21231505,1091.5275,47.759,21.41087029,20.20937863,3.182,7.1916466,15.19,0.308
Uganda,Africa,1997,UGA,21855987,1107.501,48.0259,21.50994941,20.28247095,3.222,8.169022,NA,0.306
Uganda,Africa,1998,UGA,22515758,1137.6382,48.2634,21.60823449,20.35360981,3.418,0.068804175,NA,0.306
Uganda,Africa,1999,UGA,23257218,1185.4313,48.9771,21.70652685,20.42350995,3.454,5.777369,19.16,0.306
Uganda,Africa,2000,UGA,24000104,1191.9539,49.6397,21.80451123,20.49192105,3.52,3.3920217,NA,0.312
Uganda,Africa,2001,UGA,24745635,1255.8844,50.5761,21.90269565,20.55986768,3.517,1.8651253,NA,0.28
Uganda,Africa,2002,UGA,25532819,1301.0588,51.4432,21.9999108,20.62771448,3.5,-0.28750852,22.400002,0.272
Uganda,Africa,2003,UGA,26352074,1335.0305,52.4136,22.09627896,20.69578219,3.6,8.680476,NA,0.267
Uganda,Africa,2004,UGA,27154465,1364.6852,53.6988,22.19121218,20.76469216,2.706,3.7212875,NA,0.276
Uganda,Africa,2005,UGA,27963231,1451.0973,54.9264,22.28431236,20.83286055,1.9,8.448727,17.810001,0.306
Uganda,Africa,2006,UGA,28793954,1501.3855,56.1184,22.37718885,20.90127156,2.27,7.310676,NA,0.328
Uganda,Africa,2007,UGA,29653389,1569.8298,57.2479,22.47047477,20.96978196,2.675,6.1385107,NA,0.331
Uganda,Africa,2008,UGA,30539504,1679.3995,58.253,22.56423991,21.03811927,3.049,12.050856,NA,0.329
Uganda,Africa,2009,UGA,31451093,1757.3862,59.1574,22.65846402,21.1056548,3.6,13.017256,18.199999,0.327
Uganda,Africa,2010,UGA,32390755,1831.2906,59.9593,22.75379746,21.17353728,3.619,3.976553,NA,0.328
Uganda,Africa,2011,UGA,33354493,1890,60.7914,22.85089592,21.24341876,3.528,16.56435,NA,0.327
Uganda,Africa,2012,UGA,34337384,1878.8959,61.5786,22.94933251,21.3152107,3.551,12.679038,15.34,0.327
Uganda,Africa,2013,UGA,35336994,1895.4644,62.3531,23.04845721,21.38846255,1.91,4.9052086,NA,0.321
Uganda,Africa,2014,UGA,36395493,1941.1904,63.0575,23.14806897,21.462747,2.404,3.0757067,NA,0.317
Uganda,Africa,2015,UGA,37531396,2026.8052,63.8315,23.24687818,21.53710939,2.788,5.589686,NA,0.313
Uganda,Africa,2016,UGA,38799091,1953.0966,64.4944,23.34475139,21.61129409,3.167,5.706375,16.84,0.3
Uganda,Africa,2017,UGA,40177337,1998.5995,65.1738,NA,NA,3.643,5.2097173,NA,0.302
Uganda,Africa,2018,UGA,41565791,2036.3313,65.7751,NA,NA,3.42,2.6160119,NA,0.298
Uganda,Africa,2019,UGA,42999589,2128.9087,66.3537,NA,NA,3.185,2.867588,NA,0.3
Uganda,Africa,2020,UGA,44457103,2032.2618,66.4098,NA,NA,3.914,3.3133228,NA,0.3
Uganda,Africa,2021,UGA,45910886,2083.8281,66.449700000000007,NA,NA,3.422,2.204572,NA,0.287
Uganda,Africa,2022,UGA,47312665,2122.0278,67.6747,NA,NA,2.93,7.195789,21.15,0.279
Uganda,Africa,2023,UGA,48656550,NA,68.2523,NA,NA,2.831,5.350948,21.43,0.275
United Kingdom,Europe,1952,GBR,50496184,11303,69.5267,NA,NA,NA,NA,NA,0.812
United Kingdom,Europe,1953,GBR,50726986,11709,69.8047,NA,NA,NA,NA,NA,0.812
United Kingdom,Europe,1954,GBR,50958197,12145,70.1715,NA,NA,NA,NA,NA,0.812
United Kingdom,Europe,1955,GBR,51176702,12541,70.1344,NA,NA,NA,NA,NA,0.811
United Kingdom,Europe,1956,GBR,51400408,12639,70.4055,NA,NA,NA,NA,NA,0.81
United Kingdom,Europe,1957,GBR,51655860,12779,70.5245,NA,NA,NA,NA,NA,0.81
United Kingdom,Europe,1958,GBR,51935592,12698,70.7048,NA,NA,NA,NA,NA,0.81
United Kingdom,Europe,1959,GBR,52226419,13134,70.8276,NA,NA,NA,NA,NA,0.81
United Kingdom,Europe,1960,GBR,52538492,13780,71.0251,NA,NA,NA,1.0035757,NA,0.81
United Kingdom,Europe,1961,GBR,52884902,14118,70.7895,NA,NA,NA,3.4474962,NA,0.81
United Kingdom,Europe,1962,GBR,53272784,14131,70.8576,NA,NA,NA,4.196499,NA,0.81
United Kingdom,Europe,1963,GBR,53652890,14583,70.7609,NA,NA,NA,2.0185435,NA,0.81
United Kingdom,Europe,1964,GBR,54009087,15251,71.5407,NA,NA,NA,3.281587,NA,0.813
United Kingdom,Europe,1965,GBR,54358980,15545,71.5157,NA,NA,NA,4.7737746,NA,0.825
United Kingdom,Europe,1966,GBR,54676292,15757,71.4329,NA,NA,NA,3.909618,NA,0.827
United Kingdom,Europe,1967,GBR,54973620,16018,72.0706,NA,NA,NA,2.4821155,NA,0.833
United Kingdom,Europe,1968,GBR,55240601,16593,71.6842,NA,NA,NA,4.697428,NA,0.82
United Kingdom,Europe,1969,GBR,55456156,16820,71.6625,NA,NA,NA,5.446664,NA,0.82
United Kingdom,Europe,1970,GBR,55663752,17162,71.8819,NA,NA,NA,6.3665686,NA,0.826
United Kingdom,Europe,1971,GBR,55890332,17440,72.234,NA,NA,NA,9.444838,NA,0.826
United Kingdom,Europe,1972,GBR,56079191,18002,71.9882,NA,NA,NA,7.0710983,NA,0.826
United Kingdom,Europe,1973,GBR,56188738,19168,72.1846,NA,NA,NA,9.1960335,NA,0.826
United Kingdom,Europe,1974,GBR,56224492,18903,72.376,NA,NA,NA,16.044012,NA,0.825
United Kingdom,Europe,1975,GBR,56220085,18884,72.65,23.46679164,24.12971132,NA,24.207287,NA,0.824
United Kingdom,Europe,1976,GBR,56201097,19311,72.6341,23.55973124,24.19999555,NA,16.559523,NA,0.824
United Kingdom,Europe,1977,GBR,56175779,19740,73.1111,23.65450107,24.27156526,NA,15.840267,NA,0.824
United Kingdom,Europe,1978,GBR,56175504,20448,73.0429,23.75080908,24.34499256,NA,8.263141,NA,0.824
United Kingdom,Europe,1979,GBR,56218716,20988,73.1607,23.84975107,24.42155978,NA,13.42128,NA,0.818
United Kingdom,Europe,1980,GBR,56282054,20612,73.5906,23.95140752,24.50090154,NA,17.965925,NA,0.809
United Kingdom,Europe,1981,GBR,56304540,20319,73.9162,24.05447287,24.58184681,NA,11.876627,7.08,0.809
United Kingdom,Europe,1982,GBR,56292705,20650,74.0388,24.159719,24.66543569,NA,8.598864,7.19,0.809
United Kingdom,Europe,1983,GBR,56332011,21366,74.2927,24.26709699,24.75154269,NA,4.6093035,7.1500006,0.808
United Kingdom,Europe,1984,GBR,56451263,21869,74.6741,24.37637875,24.84044139,NA,4.960711,7.39,0.808
United Kingdom,Europe,1985,GBR,56606370,22579,74.5362,24.48725647,24.93231714,NA,6.0713944,7.59,0.808
United Kingdom,Europe,1986,GBR,56751883,23498,74.7948,24.59944952,25.02705826,NA,3.4276094,7.7299995,0.808
United Kingdom,Europe,1987,GBR,56885983,24536,75.147,24.71293968,25.12419954,NA,4.1489224,7.95,0.809
United Kingdom,Europe,1988,GBR,57026498,25679,75.2593,24.82806224,25.22393143,NA,4.1553516,8.5199995,0.811
United Kingdom,Europe,1989,GBR,57182093,26164,75.3971,24.94455169,25.32659423,NA,5.760249,8.01,0.811
United Kingdom,Europe,1990,GBR,57367820,26189,75.7377,25.06252395,25.4328426,NA,8.063461,8.150001,0.821
United Kingdom,Europe,1991,GBR,57555147,25792.014,75.9108,25.1831321,25.54185888,8.55,7.461783,8.21,0.821
United Kingdom,Europe,1992,GBR,57719216,25790.186,76.3074,25.30559914,25.65292261,9.772,4.5915494,7.75,0.818
United Kingdom,Europe,1993,GBR,57860992,26349.342,76.1602,25.42927467,25.76570189,10.346,2.558578,8.6,0.817
United Kingdom,Europe,1994,GBR,58003148,27277.543,76.7198,25.55307728,25.87951235,9.648,2.2190125,9.82,0.817
United Kingdom,Europe,1995,GBR,58154574,27861.215,76.614,25.67639516,25.99382672,8.694,2.6974952,9.95,0.817
United Kingdom,Europe,1996,GBR,58298512,28472.248,76.8719,25.79857115,26.10841902,8.189,2.8517823,11.73,0.817
United Kingdom,Europe,1997,GBR,58447041,29259.764,77.1389,25.91826208,26.22220688,7.072,2.201143,11.76,0.813
United Kingdom,Europe,1998,GBR,58626774,30077.385,77.2745,26.03415393,26.33501965,6.198,1.8205616,12.720001,0.814
United Kingdom,Europe,1999,GBR,58838619,30932.537,77.3728,26.14532314,26.44659012,6.042,1.7529508,12.02,0.837
United Kingdom,Europe,2000,GBR,59057278,31946.037,77.8491,26.25058188,26.55601653,5.558,1.1829562,11.64,0.85
United Kingdom,Europe,2001,GBR,59288055,32660.441,78.1208,26.34985319,26.66341241,4.696,1.5323496,11.42,0.859
United Kingdom,Europe,2002,GBR,59540709,33271.3,78.237,26.44251274,26.76542593,5.037,1.5204024,11.78,0.863
United Kingdom,Europe,2003,GBR,59820332,34232.426,78.3302,26.52770238,26.8615675,4.807,1.3765004,13.150001,0.863
United Kingdom,Europe,2004,GBR,60169911,34865.78,78.8998,26.60579829,26.95080574,4.594,1.3903975,13.11,0.863
United Kingdom,Europe,2005,GBR,60596057,35623.625,79.1061,26.67691931,27.0322719,4.751,2.0891366,14.18,0.865
United Kingdom,Europe,2006,GBR,61051051,36214.07,79.3474,26.74182948,27.1062255,5.35,2.4556618,14.309999,0.867
United Kingdom,Europe,2007,GBR,61535810,36816.676,79.5337,26.80137111,27.17214568,5.262,2.3865614,15.48,0.867
United Kingdom,Europe,2008,GBR,62027249,36264.79,79.6554,26.85566551,27.23012434,5.615,3.5214086,13.889999,0.867
United Kingdom,Europe,2009,GBR,62506169,34402.36,80.1556,26.9055463,27.28023077,7.537,1.9617318,14.740001,0.867
United Kingdom,Europe,2010,GBR,63006430,34754.473,80.3908,26.94987311,27.32199832,7.787,2.4926548,12.11,0.866
United Kingdom,Europe,2011,GBR,63509238,34971,80.7961,26.98844321,27.35576851,8.038,3.8561125,13.349999,0.867
United Kingdom,Europe,2012,GBR,63960443,35243.64,80.8594,27.02335792,27.38347748,7.885,2.5732348,13.13,0.867
United Kingdom,Europe,2013,GBR,64389337,35660.56,80.9232,27.05638944,27.40762472,7.525,2.2916667,13.77,0.866
United Kingdom,Europe,2014,GBR,64865865,36521.86,81.1529,27.08871367,27.4298954,6.11,1.4511201,13.31,0.866
United Kingdom,Europe,2015,GBR,65382063,37101.227,80.919,27.12053088,27.452503,5.301,0.36804685,12.28,0.858
United Kingdom,Europe,2016,GBR,65893305,37593.906,81.0675,27.15190484,27.47505756,4.81,1.0084174,12.43,0.856
United Kingdom,Europe,2017,GBR,66354423,38283.938,81.164,NA,NA,4.33,2.5577557,13.46,0.867
United Kingdom,Europe,2018,GBR,66752425,38704.6,81.1229,NA,NA,3.996,2.29284,NA,0.874
United Kingdom,Europe,2019,GBR,67110910,39113.01,81.4426,NA,NA,3.737,1.7381046,NA,0.855
United Kingdom,Europe,2020,GBR,67351806,34651.184,80.3854,NA,NA,4.472,0.9894867,NA,0.87
United Kingdom,Europe,2021,GBR,67668749,37134.33,80.708,NA,NA,4.826,2.518371,NA,0.859
United Kingdom,Europe,2022,GBR,68179267,38406.53,81.0744,NA,NA,3.73,7.922049,13.950001,0.842
United Kingdom,Europe,2023,GBR,68682907,NA,81.3015,NA,NA,4.055,6.7939672,13.59,0.847
United States,Americas,1952,USA,158794170,16444,68.38,NA,NA,NA,NA,14.97,0.611
United States,Americas,1953,USA,161168268,16917,68.7112,NA,NA,NA,NA,14.01,0.612
United States,Americas,1954,USA,163636251,16512,69.4996,NA,NA,NA,NA,13.950001,0.611
United States,Americas,1955,USA,166199979,17370,69.5573,NA,NA,NA,NA,14.61,0.609
United States,Americas,1956,USA,168824918,17397,69.643,NA,NA,NA,NA,13.84,0.613
United States,Americas,1957,USA,171499183,17406,69.4183,NA,NA,NA,NA,13.53,0.614
United States,Americas,1958,USA,174215249,16946,69.6733,NA,NA,NA,NA,12.68,0.624
United States,Americas,1959,USA,177145721,17900,69.9044,NA,NA,NA,NA,13.21,0.623
United States,Americas,1960,USA,180274505,18057,69.8293,NA,NA,NA,1.457976,12.67,0.644
United States,Americas,1961,USA,183489436,18175,70.2536,NA,NA,NA,1.0707241,12.530001,0.659
United States,Americas,1962,USA,186724236,18976,70.1162,NA,NA,NA,1.1987734,12.84,0.661
United States,Americas,1963,USA,189825167,19514,69.9428,NA,NA,NA,1.2396694,12.9800005,0.675
United States,Americas,1964,USA,192819400,20360,70.1993,NA,NA,NA,1.2789116,13.11,0.677
United States,Americas,1965,USA,195653733,21390,70.2495,NA,NA,NA,1.5851693,13.03,0.677
United States,Americas,1966,USA,198265356,22529,70.21,NA,NA,NA,3.0150754,12.97,0.695
United States,Americas,1967,USA,200699861,22842,70.5202,NA,NA,NA,2.7727857,12.37,0.704
United States,Americas,1968,USA,203010975,23691,70.2004,NA,NA,NA,4.271796,12.610001,0.702
United States,Americas,1969,USA,205299986,24195,70.4763,NA,NA,NA,5.462386,11.599999,0.696
United States,Americas,1970,USA,207796288,23958,70.7343,NA,NA,NA,5.8382554,10.7,0.717
United States,Americas,1971,USA,210426379,24394,71.0979,NA,NA,NA,4.2927666,11.05,0.726
United States,Americas,1972,USA,212842531,25414,71.1779,NA,NA,NA,3.2722783,11.08,0.735
United States,Americas,1973,USA,215006504,26602,71.3966,NA,NA,NA,6.17776,10.88,0.755
United States,Americas,1974,USA,217076422,26286,71.9592,NA,NA,NA,11.054805,10.37,0.76
United States,Americas,1975,USA,219129243,25956,72.5434,24.71959003,25.28900402,NA,9.1431465,10.43,0.784
United States,Americas,1976,USA,221168704,27058,72.8448,24.79399033,25.34771879,NA,5.7448125,10.360001,0.793
United States,Americas,1977,USA,223259362,28001,73.2267,24.86715006,25.40595955,NA,6.501684,10.58,0.828
United States,Americas,1978,USA,225396049,29286,73.4091,24.94014933,25.46529245,NA,7.630964,10.35,0.832
United States,Americas,1979,USA,227575037,29949,73.8331,25.01433261,25.527234,NA,11.254471,10.86,0.833
United States,Americas,1980,USA,229858606,29611,73.73,25.0917095,25.59231223,NA,13.549202,10.42,0.847
United States,Americas,1981,USA,232201562,30056,74.1174,25.175194,25.66244869,NA,10.334715,10.67,0.858
United States,Americas,1982,USA,234583103,29210,74.4635,25.26510468,25.73790435,NA,6.131427,10.99,0.858
United States,Americas,1983,USA,236986311,30158,74.5528,25.36107305,25.81829707,NA,3.2124352,11.5,0.859
United States,Americas,1984,USA,239353915,32076,74.6747,25.46292794,25.90340975,NA,4.3005357,12.15,0.859
United States,Americas,1985,USA,241690387,33023,74.65,25.56969097,25.99341703,NA,3.545644,12.2699995,0.859
United States,Americas,1986,USA,243953759,33850,74.7284,25.68078342,26.08770101,NA,1.8980477,11.9800005,0.859
United States,Americas,1987,USA,246161249,34730,74.8599,25.79641362,26.18557589,NA,3.6645632,13.240001,0.859
United States,Americas,1988,USA,248393183,35863,74.8333,25.91618288,26.28749619,NA,4.077741,15.21,0.86
United States,Americas,1989,USA,250674998,36756,75.1091,26.03972579,26.39380328,NA,4.827003,14.69,0.861
United States,Americas,1990,USA,253373337,36982,75.3743,26.16717658,26.50458938,NA,5.3979564,14.71,0.866
United States,Americas,1991,USA,256471373,36463.957,75.5243,26.3002097,26.62073418,6.8,4.234964,13.65,0.865
United States,Americas,1992,USA,259605966,37240.3,75.779,26.4378216,26.74141127,7.5,3.0288196,14.679999,0.869
United States,Americas,1993,USA,262633187,37761.535,75.5677,26.57917443,26.86555064,6.9,2.951657,14.15,0.868
United States,Americas,1994,USA,265474761,38807.28,75.7381,26.72308715,26.99272182,6.119,2.6074417,14.02,0.868
United States,Americas,1995,USA,268205740,39390.625,75.8522,26.86862952,27.12153255,5.65,2.8054197,14.5199995,0.868
United States,Americas,1996,USA,270860655,40412.75,76.1749,27.0147798,27.25068713,5.451,2.9312043,15.25,0.867
United States,Americas,1997,USA,273467966,41722.67,76.4981,27.16038175,27.37964742,5,2.3376899,16,0.866
United States,Americas,1998,USA,276119277,43072.758,76.6592,27.30390233,27.50787296,4.511,1.5522791,16.32,0.867
United States,Americas,1999,USA,278785441,44575.848,76.6691,27.44478625,27.63537542,4.219,2.1880271,16.76,0.87
United States,Americas,2000,USA,281484082,45886.47,76.8058,27.58170466,27.761706619999998,3.992,3.3768573,17.34,0.868
United States,Americas,2001,USA,284279583,45878.008,76.9194,27.71194812,27.88524423,4.731,2.8261712,16.59,0.821
United States,Americas,2002,USA,287084300,46266.297,76.9883,27.83557814,28.00486439,5.783,1.5860317,16.1,0.826
United States,Americas,2003,USA,289908046,47157.996,77.1369,27.951670150000002,28.12022792,5.989,2.2700949,16.32,0.859
United States,Americas,2004,USA,292786200,48492.72,77.535,28.06104725,28.23063532,5.529,2.6772368,17.06,0.862
United States,Americas,2005,USA,295716618,49654.76,77.5264,28.16483363,28.33478841,5.084,3.392747,18.06,0.861
United States,Americas,2006,USA,298730164,50489.86,77.7976,28.26364178,28.43304641,4.623,3.225944,18.52,0.867
United States,Americas,2007,USA,301844176,50901.746,78.0471,28.35860352,28.52403974,4.622,2.8526726,18.38,0.897
United States,Americas,2008,USA,304970280,50275.746,78.1273,28.44960829,28.60709156,5.784,3.8391004,17.93,0.898
United States,Americas,2009,USA,308023398,48452.934,78.4758,28.5371162,28.68092622,9.254,-0.35554627,16.699999,0.902
United States,Americas,2010,USA,311062741,49266.914,78.6681,28.62012062,28.7442759,9.633,1.6400435,17.89,0.902
United States,Americas,2011,USA,314105041,49675,78.7023,28.69826191,28.79841336,8.949,3.1568415,18.08,0.9
United States,Americas,2012,USA,317115301,50436.434,78.8169,28.77371996,28.84501159,8.069,2.0693374,19.49,0.899
United States,Americas,2013,USA,320110710,51010.797,78.8175,28.84840157,28.88799473,7.375,1.4648327,18.46,0.902
United States,Americas,2014,USA,323115328,51796.62,78.8785,28.92275041,28.92939724,6.168,1.622223,18.970001,0.9
United States,Americas,2015,USA,326126448,52808.152,78.7219,28.99665654,28.97117223,5.28,0.11862714,18.89,0.9
United States,Americas,2016,USA,329179362,53301.016,78.686,29.07070589,29.01322022,4.869,1.2615832,18.66,0.887
United States,Americas,2017,USA,332204602,54152.363,78.6483,NA,NA,4.355,2.13011,19.050001,0.827
United States,Americas,2018,USA,335056439,55454.668,78.7997,NA,NA,3.896,2.4425833,19.24,0.823
United States,Americas,2019,USA,337790020,56469.26,78.916,NA,NA,3.669,1.8122101,19.04,0.812
United States,Americas,2020,USA,339436106,54379.207,77.0115,NA,NA,8.055,1.2335844,18.17,0.807
United States,Americas,2021,USA,340161392,57522.703,76.3836,NA,NA,5.349,4.697859,19.88,0.821
United States,Americas,2022,USA,341533996,58487.465,77.9789,NA,NA,3.65,8.0028,20.730001,0.829
United States,Americas,2023,USA,343477286,NA,79.3043,NA,NA,3.625,4.1163383,20.730001,0.843
Uruguay,Americas,1952,URY,2281065,7353,66.0557,NA,NA,NA,NA,NA,0.782
Uruguay,Americas,1953,URY,2307992,8030,66.2601,NA,NA,NA,NA,NA,0.782
Uruguay,Americas,1954,URY,2336819,8273,66.4753,NA,NA,NA,NA,NA,0.782
Uruguay,Americas,1955,URY,2366980,8176,66.6906,NA,NA,NA,NA,NA,0.785
Uruguay,Americas,1956,URY,2398324,8225,66.9073,NA,NA,NA,NA,NA,0.79
Uruguay,Americas,1957,URY,2430723,8176,67.1179,NA,NA,NA,NA,NA,0.79
Uruguay,Americas,1958,URY,2463825,7788,67.3287,NA,NA,NA,NA,NA,0.791
Uruguay,Americas,1959,URY,2497109,7450,67.5297,NA,NA,NA,NA,NA,0.796
Uruguay,Americas,1960,URY,2529916,7643,67.683,NA,NA,NA,38.504036,NA,0.796
Uruguay,Americas,1961,URY,2561998,7740,67.8104,NA,NA,NA,22.747265,NA,0.796
Uruguay,Americas,1962,URY,2593249,7498,67.9114,NA,NA,NA,10.907424,NA,0.795
Uruguay,Americas,1963,URY,2623721,7450,68.0226,NA,NA,NA,21.254696,NA,0.767
Uruguay,Americas,1964,URY,2653134,7498,68.1115,NA,NA,NA,42.369415,NA,0.762
Uruguay,Americas,1965,URY,2681116,7498,68.2003,NA,NA,NA,56.556557,NA,0.759
Uruguay,Americas,1966,URY,2707603,7693,68.3017,NA,NA,NA,73.46269,NA,0.759
Uruguay,Americas,1967,URY,2732229,7305,68.4071,NA,NA,NA,89.2753,NA,0.738
Uruguay,Americas,1968,URY,2754558,7353,68.5144,NA,NA,NA,125.33699,NA,0.627
Uruguay,Americas,1969,URY,2773935,7740,68.5813,NA,NA,NA,20.966667,NA,0.616
Uruguay,Americas,1970,URY,2790763,8030,68.7336,NA,NA,NA,16.306145,NA,0.589
Uruguay,Americas,1971,URY,2806418,7933,68.9262,NA,NA,NA,23.953089,NA,0.555
Uruguay,Americas,1972,URY,2821601,7643,69.1694,NA,NA,NA,76.484924,NA,0.492
Uruguay,Americas,1973,URY,2837091,7885,69.3476,NA,NA,NA,96.99727,NA,0.173
Uruguay,Americas,1974,URY,2853893,8176,69.5244,NA,NA,NA,77.21342,NA,0.099
Uruguay,Americas,1975,URY,2872280,8563,69.7054,24.60255864,23.98616093,NA,81.40538,NA,0.099
Uruguay,Americas,1976,URY,2891351,8853,69.8873,24.66627064,24.04491824,NA,50.62305,NA,0.093
Uruguay,Americas,1977,URY,2909420,8950,70.0807,24.73164895,24.10480335,NA,58.196175,NA,0.093
Uruguay,Americas,1978,URY,2925660,9483,70.2646,24.79807276,24.16549745,NA,44.548344,NA,0.093
Uruguay,Americas,1979,URY,2939861,9966,70.2554,24.86547095,24.22727801,NA,66.844284,NA,0.094
Uruguay,Americas,1980,URY,2951905,10546,70.5054,24.93359268,24.28963767,NA,63.47583,NA,0.105
Uruguay,Americas,1981,URY,2963206,10643,70.9519,25.00241341,24.35262763,NA,34.045338,NA,0.105
Uruguay,Americas,1982,URY,2975444,9578,71.5279,25.07161884,24.41609656,NA,18.992502000000002,NA,0.111
Uruguay,Americas,1983,URY,2988731,8950,71.5954,25.14105511,24.47961891,NA,49.19738,NA,0.111
Uruguay,Americas,1984,URY,3002443,8805,71.708,25.21055357,24.54332658,NA,55.304424,NA,0.129
Uruguay,Americas,1985,URY,3016999,8901,71.8608,25.2798415,24.60731752,NA,72.222565,NA,0.687
Uruguay,Americas,1986,URY,3032799,9628,72.1868,25.34850304,24.67141553,NA,76.38064,NA,0.819
Uruguay,Americas,1987,URY,3049842,10305,72.1961,25.41663785,24.7360593,NA,63.56666,NA,0.819
Uruguay,Americas,1988,URY,3067912,10256,72.4079,25.48406202,24.80184301,NA,62.191956,NA,0.819
Uruguay,Americas,1989,URY,3086210,10305,72.6281,25.55104793,24.86876368,NA,80.44743,NA,0.82
Uruguay,Americas,1990,URY,3104365,10305,72.9937,25.61796289,24.9366702,NA,112.5259,NA,0.841
Uruguay,Americas,1991,URY,3122314,10586.408,73.1982,25.68378145,25.00585263,8.95,101.97168,NA,0.841
Uruguay,Americas,1992,URY,3139656,11349.542,73.1853,25.74915267,25.07604263,8.96,68.45919,NA,0.841
Uruguay,Americas,1993,URY,3156306,11581.705,73.1466,25.81426742,25.14757886,8.35,54.100792,NA,0.841
Uruguay,Americas,1994,URY,3172786,12344.15,73.1616,25.87900285,25.22146862,9.04,44.736042,NA,0.842
Uruguay,Americas,1995,URY,3189385,12092.639,73.4927,25.94412968,25.29697361,10.02,42.24832,NA,0.87
Uruguay,Americas,1996,URY,3206280,12660.163,73.8121,26.01024819,25.37453594,11.93,28.342049,NA,0.87
Uruguay,Americas,1997,URY,3223305,13226.478,73.9199,26.07710099,25.45433741,11.44,19.81881,NA,0.87
Uruguay,Americas,1998,URY,3239241,13744.321,74.0293,26.14498632,25.53708019,9.362,10.81107,NA,0.877
Uruguay,Americas,1999,URY,3253972,13348.756,74.2926,26.21373467,25.62239818,10.466,5.658688,NA,0.876
Uruguay,Americas,2000,URY,3266165,13050.063,74.6929,26.28262286,25.71057663,12.627,4.763825,NA,0.874
Uruguay,Americas,2001,URY,3274201,12463.919,74.9865,26.35086268,25.80143607,15.052,4.3593407,17.3,0.874
Uruguay,Americas,2002,URY,3278826,11399.581,74.9788,26.41838992,25.89562672,16.648,13.972472,15.719999,0.874
Uruguay,Americas,2003,URY,3281135,11438.687,75.0858,26.48662827,25.99342969,16.661,19.37973,17.59,0.874
Uruguay,Americas,2004,URY,3283108,11955.31,75.3194,26.55597731,26.09499009,12.98,9.157605,16.89,0.875
Uruguay,Americas,2005,URY,3285727,12757.499,75.8286,26.62751088,26.20002001,12.009,4.6992774,14.49,0.889
Uruguay,Americas,2006,URY,3289456,13223.781,75.8884,26.70116487,26.30862457,10.844,6.39765,16.19,0.892
Uruguay,Americas,2007,URY,3295106,13976.393,76.1502,26.77736179,26.4208724,9.403,8.114646,17.89,0.892
Uruguay,Americas,2008,URY,3302124,14869.927,76.2746,26.85596617,26.5362525,8.026,7.877074,18.24,0.892
Uruguay,Americas,2009,URY,3310038,15143.996,76.67,26.93780383,26.65462774,7.74,7.0622187,16.72,0.894
Uruguay,Americas,2010,URY,3318536,16415.629,76.6911,27.02252434,26.77557253,7.158,6.698709,15.73,0.912
Uruguay,Americas,2011,URY,3326787,17211,76.6141,27.10949944,26.89876176,6.307,8.092832,15.309999,0.912
Uruguay,Americas,2012,URY,3335354,17776.027,76.6914,27.19777424,27.02355363,6.451,8.097766,12.25,0.912
Uruguay,Americas,2013,URY,3345281,18553.332,76.9531,27.287232,27.1492552,6.444,8.575135,13.950001,0.912
Uruguay,Americas,2014,URY,3356294,19104.312,77.1941,27.37758739,27.275932,6.547,8.877354,14.07,0.911
Uruguay,Americas,2015,URY,3367974,19123.604,77.2847,27.46816369,27.40277198,7.488,8.66627,14.309999,0.897
Uruguay,Americas,2016,URY,3379233,19393.982,77.3511,27.55825768,27.52969676,7.841,9.639414,14.24,0.897
Uruguay,Americas,2017,URY,3388401,19656.627,77.618,NA,NA,7.89,6.218094,13.889999,0.889
Uruguay,Americas,2018,URY,3394494,19697.76,77.5273,NA,NA,8.336,7.6065335,14.4,0.9
Uruguay,Americas,2019,URY,3397150,19714.148,77.5028,NA,NA,8.734,7.8819885,13.2300005,0.898
Uruguay,Americas,2020,URY,3398912,18460.04,78.3811,NA,NA,10.33,9.756407,NA,0.87
Uruguay,Americas,2021,URY,3396643,19222.295,75.4345,NA,NA,9.301,7.747914,NA,0.857
Uruguay,Americas,2022,URY,3390863,20181.94,76.4682,NA,NA,7.877,9.10438,14.78,0.819
Uruguay,Americas,2023,URY,3388029,NA,78.1385,NA,NA,8.354,5.8691034,14.78,0.834
Venezuela,Americas,1952,VEN,5981325,9309,52.6918,NA,NA,NA,NA,NA,0.095
Venezuela,Americas,1953,VEN,6234727,9500,53.3997,NA,NA,NA,NA,NA,0.091
Venezuela,Americas,1954,VEN,6492763,10020,54.1019,NA,NA,NA,NA,NA,0.091
Venezuela,Americas,1955,VEN,6755777,10501,54.7782,NA,NA,NA,NA,NA,0.091
Venezuela,Americas,1956,VEN,7024269,11136,55.5051,NA,NA,NA,NA,NA,0.091
Venezuela,Americas,1957,VEN,7299393,11923,56.2185,NA,NA,NA,NA,NA,0.094
Venezuela,Americas,1958,VEN,7581930,11615,56.9438,NA,NA,NA,NA,NA,0.264
Venezuela,Americas,1959,VEN,7869179,12078,57.6846,NA,NA,NA,NA,NA,0.598
Venezuela,Americas,1960,VEN,8160039,12116,58.3759,NA,NA,NA,NA,NA,0.652
Venezuela,Americas,1961,VEN,8455868,12231,59.1149,NA,NA,NA,NA,NA,0.664
Venezuela,Americas,1962,VEN,8756836,12848,59.6675,NA,NA,NA,NA,NA,0.658
Venezuela,Americas,1963,VEN,9063964,13232,60.5018,NA,NA,NA,NA,NA,0.656
Venezuela,Americas,1964,VEN,9377666,14019,61.1677,NA,NA,NA,NA,NA,0.635
Venezuela,Americas,1965,VEN,9697750,14347,61.9088,NA,NA,NA,NA,NA,0.642
Venezuela,Americas,1966,VEN,10024810,14174,62.8941,NA,NA,NA,NA,NA,0.642
Venezuela,Americas,1967,VEN,10358462,14250,63.5502,NA,NA,NA,NA,NA,0.642
Venezuela,Americas,1968,VEN,10697491,14520,63.9084,NA,NA,NA,NA,NA,0.642
Venezuela,Americas,1969,VEN,11040238,14655,63.8402,NA,NA,NA,NA,NA,0.67
Venezuela,Americas,1970,VEN,11387742,15289,64.8162,NA,NA,NA,NA,NA,0.686
Venezuela,Americas,1971,VEN,11740964,15192,65.1836,NA,NA,NA,NA,NA,0.693
Venezuela,Americas,1972,VEN,12099135,15135,65.5549,NA,NA,NA,NA,NA,0.701
Venezuela,Americas,1973,VEN,12463492,15540,65.7395,NA,NA,NA,NA,NA,0.7
Venezuela,Americas,1974,VEN,12835307,15943,66.2231,NA,NA,NA,NA,NA,0.727
Venezuela,Americas,1975,VEN,13215836,16385,66.6855,23.99409341,24.03783857,NA,NA,NA,0.727
Venezuela,Americas,1976,VEN,13606241,17174,67.2664,24.11966965,24.14157403,NA,NA,NA,0.727
Venezuela,Americas,1977,VEN,14006769,17693,67.7263,24.24226004,24.24377622,NA,NA,NA,0.727
Venezuela,Americas,1978,VEN,14416629,17481,68.1082,24.36197768,24.34449996,NA,NA,NA,0.729
Venezuela,Americas,1979,VEN,14834502,17135,68.2261,24.47903314,24.44457154,NA,NA,NA,0.729
Venezuela,Americas,1980,VEN,15258178,16270,68.179,24.59402595,24.54397853,NA,NA,NA,0.731
Venezuela,Americas,1981,VEN,15687249,15750,68.6967,24.70613575,24.6420903,NA,NA,NA,0.731
Venezuela,Americas,1982,VEN,16121826,15423,68.9848,24.81575326,24.7389843,NA,NA,NA,0.731
Venezuela,Americas,1983,VEN,16562159,14155,69.5413,24.92350715,24.83436733,NA,NA,NA,0.73
Venezuela,Americas,1984,VEN,17008796,13597,69.6721,25.02884157,24.92837975,NA,NA,NA,0.727
Venezuela,Americas,1985,VEN,17461384,13270,69.9611,25.13283391,25.02096227,NA,NA,NA,0.726
Venezuela,Americas,1986,VEN,17923491,13751,70.5285,25.23553778,25.11248392,NA,NA,NA,0.724
Venezuela,Americas,1987,VEN,18394915,13866,70.6727,25.33685168,25.20329093,NA,NA,NA,0.724
Venezuela,Americas,1988,VEN,18870966,14308,70.7619,25.43752855,25.29267796,NA,NA,NA,0.728
Venezuela,Americas,1989,VEN,19348872,12750,70.8051,25.53764167,25.38089234,NA,NA,NA,0.729
Venezuela,Americas,1990,VEN,19826964,13251,70.9641,25.63703853,25.46783248,NA,NA,NA,0.739
Venezuela,Americas,1991,VEN,20304851,14274.525,71.1719,25.73450545,25.55329821,9.45,NA,NA,0.743
Venezuela,Americas,1992,VEN,20780903,14901.616,71.1766,25.82966077,25.63708398,7.69,NA,NA,0.733
Venezuela,Americas,1993,VEN,21254472,14693.902,71.3849,25.92246486,25.71929324,6.6,NA,NA,0.745
Venezuela,Americas,1994,VEN,21725143,14129.278,71.2826,26.01175796,25.80043397,8.56,NA,NA,0.751
Venezuela,Americas,1995,VEN,22193779,14448.282,71.7138,26.09777234,25.87960258,10.24,NA,NA,0.751
Venezuela,Americas,1996,VEN,22662059,14211.81,71.9196,26.18037818,25.95692231,11.77,NA,NA,0.751
Venezuela,Americas,1997,VEN,23131643,14894.337,72.5598,26.25945092,26.03210029,11.16,NA,NA,0.749
Venezuela,Americas,1998,VEN,23601294,14739.051,72.446,26.33475333,26.10509119,11.15,NA,NA,0.733
Venezuela,Americas,1999,VEN,24066549,13669.484,72.0883,26.40548174,26.17513515,14.53,NA,NA,0.67
Venezuela,Americas,2000,VEN,24526662,13992.608,72.3876,26.46999311,26.24207187,13.99,NA,NA,0.573
Venezuela,Americas,2001,VEN,24979886,14298.037,71.0189,26.52652563,26.30400014,13.04,NA,NA,0.532
Venezuela,Americas,2002,VEN,25435624,12856.049,72.8225,26.57515552,26.36152733,16.17,NA,NA,0.499
Venezuela,Americas,2003,VEN,25892668,11728.183,72.0556,26.61653081,26.41390442,16.78,NA,NA,0.483
Venezuela,Americas,2004,VEN,26340788,13713.045,72.7523,26.65222432,26.46141373,15.07,NA,NA,0.472
Venezuela,Americas,2005,VEN,26785743,14944.34,73.0752,26.68279729,26.50313791,10.663,NA,NA,0.471
Venezuela,Americas,2006,VEN,27224637,16253.686,72.9724,26.70943612,26.53903221,8.606,NA,NA,0.453
Venezuela,Americas,2007,VEN,27649328,17386.086,73.3478,26.73278737,26.56960291,7.279,NA,NA,0.434
Venezuela,Americas,2008,VEN,28053644,18019.09,72.5776,26.75435771,26.59532819,6.245,NA,NA,0.433
Venezuela,Americas,2009,VEN,28438244,17242.945,72.7852,26.77573467,26.61711296,6.097,27.080942,NA,0.43
Venezuela,Americas,2010,VEN,28813062,17105.58,73.0922,26.79746501,26.63566877,7.112,28.187464,NA,0.42
Venezuela,Americas,2011,VEN,29185167,17746,73.0895,26.82019088,26.65249734,6.902,26.090212,NA,0.414
Venezuela,Americas,2012,VEN,29553788,18486.459,73.0858,26.84357579,26.66682727,6.601,21.068996,NA,0.401
Venezuela,Americas,2013,VEN,29912142,18484.234,73.0765,26.86756332,26.67893066,7.54,40.639427,NA,0.324
Venezuela,Americas,2014,VEN,30254025,17579.223,72.8371,26.8917576,26.68977047,6.821,62.16865,NA,0.31
Venezuela,Americas,2015,VEN,30573919,16333.083,73.0044,26.91600841,26.69960008,6.138,121.73808,NA,0.297
Venezuela,Americas,2016,VEN,30765670,13428.789,72.0019,26.93984073,26.70960031,5.319,254.94853,NA,0.292
Venezuela,Americas,2017,VEN,30565285,11363.969,71.9026,NA,NA,5.045,NA,NA,0.232
Venezuela,Americas,2018,VEN,29807542,9446.1875,72.6415,NA,NA,5.463,NA,NA,0.215
Venezuela,Americas,2019,VEN,28938043,7061.7617,72.7664,NA,NA,5.887,NA,NA,0.208
Venezuela,Americas,2020,VEN,28444030,4952.53,72.3693,NA,NA,7.53,NA,NA,0.206
Venezuela,Americas,2021,VEN,28237786,4896.802,71.5364,NA,NA,7.027,NA,NA,0.215
Venezuela,Americas,2022,VEN,28212961,5267.1753,72.5656,NA,NA,5.747,NA,17.87,0.211
Venezuela,Americas,2023,VEN,28300815,NA,72.5142,NA,NA,5.528,NA,17.87,0.207
Vietnam,Asia,1952,VNM,26143866,1106,49.3766,NA,NA,NA,NA,NA,NA
Vietnam,Asia,1953,VNM,26757916,1135,49.9591,NA,NA,NA,NA,NA,NA
Vietnam,Asia,1954,VNM,27427867,1167,52.0031,NA,NA,NA,NA,NA,NA
Vietnam,Asia,1955,VNM,28166396,1195,54.8256,NA,NA,NA,NA,NA,NA
Vietnam,Asia,1956,VNM,28922269,1218,55.5347,NA,NA,NA,NA,NA,NA
Vietnam,Asia,1957,VNM,29754376,1235,56.1673,NA,NA,NA,NA,NA,NA
Vietnam,Asia,1958,VNM,30658399,1251,56.7983,NA,NA,NA,NA,NA,NA
Vietnam,Asia,1959,VNM,31585499,1262,57.3978,NA,NA,NA,NA,NA,NA
Vietnam,Asia,1960,VNM,32531879,1274,58.0462,NA,NA,NA,NA,NA,NA
Vietnam,Asia,1961,VNM,33409006,1294,58.4612,NA,NA,NA,NA,NA,NA
Vietnam,Asia,1962,VNM,34288512,1411,58.2042,NA,NA,NA,NA,NA,NA
Vietnam,Asia,1963,VNM,35249058,1406,56.8966,NA,NA,NA,NA,NA,NA
Vietnam,Asia,1964,VNM,36201519,1427,57.4733,NA,NA,NA,NA,NA,NA
Vietnam,Asia,1965,VNM,37129616,1398,56.9667,NA,NA,NA,NA,NA,NA
Vietnam,Asia,1966,VNM,38024779,1369,56.9137,NA,NA,NA,NA,NA,NA
Vietnam,Asia,1967,VNM,38895033,1165,56.7445,NA,NA,NA,NA,NA,NA
Vietnam,Asia,1968,VNM,39734559,1114,52.6683,NA,NA,NA,NA,NA,NA
Vietnam,Asia,1969,VNM,40582047,1178,54.7907,NA,NA,NA,NA,NA,NA
Vietnam,Asia,1970,VNM,41475177,1172,54.93,NA,NA,NA,NA,NA,NA
Vietnam,Asia,1971,VNM,42449231,1202,55.5848,NA,NA,NA,NA,NA,NA
Vietnam,Asia,1972,VNM,43429129,1278,51.9133,NA,NA,NA,NA,NA,NA
Vietnam,Asia,1973,VNM,44409804,1333,55.6766,NA,NA,NA,NA,NA,NA
Vietnam,Asia,1974,VNM,45413487,1248,54.7512,NA,NA,NA,NA,NA,NA
Vietnam,Asia,1975,VNM,46482853,1132,61.865,17.83347491,18.48593385,NA,NA,NA,NA
Vietnam,Asia,1976,VNM,47684874,1290,63.6692,17.9218099,18.53943398,NA,NA,NA,0.211
Vietnam,Asia,1977,VNM,48954823,1304,64.0697,18.00847693,18.59177801,NA,NA,NA,0.212
Vietnam,Asia,1978,VNM,50249505,1285,64.5289,18.09412369,18.6432165,NA,NA,NA,0.149
Vietnam,Asia,1979,VNM,51378168,1267,64.9864,18.17907452,18.69442264,NA,NA,NA,0.149
Vietnam,Asia,1980,VNM,52490051,1207,65.3381,18.26345621,18.74553046,NA,NA,NA,0.148
Vietnam,Asia,1981,VNM,53738083,1223,65.7794,18.34809352,18.79652196,NA,NA,NA,0.146
Vietnam,Asia,1982,VNM,55011246,1293,66.2118,18.43287739,18.84774824,NA,NA,NA,0.144
Vietnam,Asia,1983,VNM,56337870,1333,66.5447,18.51753156,18.89855372,NA,NA,NA,0.144
Vietnam,Asia,1984,VNM,57706012,1420,66.9291,18.60202822,18.94896046,NA,NA,NA,0.144
Vietnam,Asia,1985,VNM,59060576,1471,67.1916,18.68639173,18.99853462,NA,NA,NA,0.144
Vietnam,Asia,1986,VNM,60346997,1481,67.5502,18.77139502,19.04771573,NA,NA,NA,0.155
Vietnam,Asia,1987,VNM,61584586,1500,68.005,18.85645408,19.09592738,NA,NA,NA,0.164
Vietnam,Asia,1988,VNM,62843178,1556,68.5848,18.94205404,19.14396505,NA,NA,NA,0.166
Vietnam,Asia,1989,VNM,64147307,1588,68.8051,19.02772239,19.1914999,NA,NA,NA,0.162
Vietnam,Asia,1990,VNM,65504503,1634,69.0268,19.11281344,19.2392981,NA,NA,NA,0.154
Vietnam,Asia,1991,VNM,66891732,1688.1599,69.3035,19.19947123,19.28990815,2.162,NA,NA,0.155
Vietnam,Asia,1992,VNM,68260287,1792.6708,69.6197,19.28738702,19.34398514,2.128,NA,17.52,0.154
Vietnam,Asia,1993,VNM,69586352,1894.8586,69.9569,19.37655326,19.40152996,2.051,NA,NA,0.152
Vietnam,Asia,1994,VNM,70854342,2018.3507,70.3789,19.46620976,19.46274639,1.98,NA,NA,0.152
Vietnam,Asia,1995,VNM,72049901,2167.042,70.8714,19.55698631,19.5275255,1.959,NA,NA,0.152
Vietnam,Asia,1996,VNM,73156404,2323.0464,71.2961,19.64849324,19.59650527,1.93,5.675,NA,0.154
Vietnam,Asia,1997,VNM,74226840,2466.8735,71.67,19.74086985,19.66918792,2.87,3.209526,16.45,0.153
Vietnam,Asia,1998,VNM,75299613,2564.2844,72.2829,19.83428986,19.74520947,2.29,7.266198,16.789999,0.151
Vietnam,Asia,1999,VNM,76287407,2641.3484,72.5754,19.9285627,19.82475905,2.33,4.117102,NA,0.151
Vietnam,Asia,2000,VNM,77153969,2773.1016,72.7455,20.02330698,19.90748806,2.26,-1.7103373,NA,0.151
Vietnam,Asia,2001,VNM,77969304,2915.686,72.9842,20.11958812,19.99545254,2.76,-0.4315445,NA,0.151
Vietnam,Asia,2002,VNM,78772174,3070.6934,73.1384,20.21826679,20.08906576,2.12,3.8308284,16.609999,0.148
Vietnam,Asia,2003,VNM,79563721,3242.2854,73.2356,20.31891869,20.18853522,2.25,3.2346482,NA,0.147
Vietnam,Asia,2004,VNM,80338926,3437.6643,73.0623,20.42257361,20.29409868,2.14,7.7549477,14.9800005,0.148
Vietnam,Asia,2005,VNM,81088259,3637.6565,73.1983,20.52968486,20.40608766,2.077,8.284573,NA,0.146
Vietnam,Asia,2006,VNM,82167850,3828.9077,73.2925,20.6411135,20.52434938,2.045,7.4180174,15.700001,0.148
Vietnam,Asia,2007,VNM,83633326,4037.233,73.385,20.75706103,20.64794298,2.026,8.344449,NA,0.148
Vietnam,Asia,2008,VNM,85175740,4200.2354,73.455,20.87765713,20.77690782,1.889,23.115448,16.67,0.149
Vietnam,Asia,2009,VNM,86459976,4360.0615,73.5253,21.00251547,20.91084771,1.737,6.716983,NA,0.149
Vietnam,Asia,2010,VNM,87455095,4571.8486,73.6107,21.13099782,21.04978983,1.114,9.207466,20.62,0.149
Vietnam,Asia,2011,VNM,88468266,4786,73.7126,21.26324877,21.19549844,0.999,18.677732,NA,0.149
Vietnam,Asia,2012,VNM,89510294,4987.9644,73.7619,21.39818554,21.34604346,1.027,9.094704,16.26,0.149
Vietnam,Asia,2013,VNM,90573054,5199.779,73.8207,21.53400493,21.49943156,1.316,6.5926747,NA,0.147
Vietnam,Asia,2014,VNM,91679537,5465.4834,73.8859,21.67052511,21.65535587,1.256,4.0845547,15.880001,0.147
Vietnam,Asia,2015,VNM,92823207,5776.465,73.9554,21.80618924,21.8128405,1.849,0.6312009,NA,0.147
Vietnam,Asia,2016,VNM,94000065,6089.623,73.9837,21.9405938,21.97052794,1.848,2.6682482,16.609999,0.151
Vietnam,Asia,2017,VNM,95176934,6437.739,74.0265,NA,NA,1.874,3.520257,NA,0.151
Vietnam,Asia,2018,VNM,96237273,6842.1387,74.1004,NA,NA,1.161,3.539628,15.780001,0.162
Vietnam,Asia,2019,VNM,97173733,7266.0483,74.2113,NA,NA,1.681,2.7958236,NA,0.214
Vietnam,Asia,2020,VNM,98079150,7395.3613,75.3832,NA,NA,2.103,3.2209344,NA,0.211
Vietnam,Asia,2021,VNM,98935054,7507.759,74.1448,NA,NA,2.385,1.8347156,NA,0.17
Vietnam,Asia,2022,VNM,99680606,8050.359,74.5025,NA,NA,1.535,3.1565075,15.73,0.153
Vietnam,Asia,2023,VNM,100352143,NA,74.5883,NA,NA,1.602,3.2528927,15.65,0.148
Palestine,Asia,1952,PSE,962266,1669,46.3004,NA,NA,NA,NA,NA,NA
Palestine,Asia,1953,PSE,972618,1733,46.5837,NA,NA,NA,NA,NA,NA
Palestine,Asia,1954,PSE,983981,1801,46.8869,NA,NA,NA,NA,NA,NA
Palestine,Asia,1955,PSE,996344,1867,47.2119,NA,NA,NA,NA,NA,NA
Palestine,Asia,1956,PSE,1009709,1930,47.5679,NA,NA,NA,NA,NA,NA
Palestine,Asia,1957,PSE,1024087,2000,47.9552,NA,NA,NA,NA,NA,NA
Palestine,Asia,1958,PSE,1039474,2048,48.3707,NA,NA,NA,NA,NA,NA
Palestine,Asia,1959,PSE,1055857,2146,48.8127,NA,NA,NA,NA,NA,NA
Palestine,Asia,1960,PSE,1073026,2248,49.2979,NA,NA,NA,NA,NA,NA
Palestine,Asia,1961,PSE,1090884,2287,49.8177,NA,NA,NA,NA,NA,NA
Palestine,Asia,1962,PSE,1109297,2381,50.374,NA,NA,NA,NA,NA,NA
Palestine,Asia,1963,PSE,1127414,2479,50.9598,NA,NA,NA,NA,NA,NA
Palestine,Asia,1964,PSE,1140621,2585,51.5523,NA,NA,NA,NA,NA,NA
Palestine,Asia,1965,PSE,1147264,2703,52.1737,NA,NA,NA,NA,NA,NA
Palestine,Asia,1966,PSE,1146354,2917,52.8028,NA,NA,NA,NA,NA,NA
Palestine,Asia,1967,PSE,1135764,2852,50.9362,NA,NA,NA,NA,NA,NA
Palestine,Asia,1968,PSE,1121711,2636,54.0872,NA,NA,NA,NA,NA,NA
Palestine,Asia,1969,PSE,1113041,2791,54.7275,NA,NA,NA,NA,NA,NA
Palestine,Asia,1970,PSE,1116237,3008,55.3588,NA,NA,NA,NA,NA,NA
Palestine,Asia,1971,PSE,1134061,3338,55.9967,NA,NA,NA,NA,NA,NA
Palestine,Asia,1972,PSE,1164704,3797,56.6718,NA,NA,NA,NA,NA,NA
Palestine,Asia,1973,PSE,1202218,3537,57.6245,NA,NA,NA,NA,NA,NA
Palestine,Asia,1974,PSE,1241082,4159,57.9531,NA,NA,NA,NA,NA,NA
Palestine,Asia,1975,PSE,1279269,4085,58.6631,25.53384687,23.96200458,NA,NA,NA,NA
Palestine,Asia,1976,PSE,1316345,4605,59.3865,25.68739669,24.08036616,NA,NA,NA,NA
Palestine,Asia,1977,PSE,1352673,4439,60.0846,25.83434817,24.19534466,NA,NA,NA,NA
Palestine,Asia,1978,PSE,1389458,4874,60.772,25.97502447,24.30706178,NA,NA,NA,NA
Palestine,Asia,1979,PSE,1428071,4677,61.4988,26.11039358,24.41600409,NA,NA,NA,NA
Palestine,Asia,1980,PSE,1469005,5239,62.1929,26.24161291,24.52304975,NA,NA,NA,NA
Palestine,Asia,1981,PSE,1512665,4811,62.8361,26.36888617,24.62806207,NA,NA,NA,NA
Palestine,Asia,1982,PSE,1560956,5088,63.4711,26.49312257,24.73155798,NA,NA,NA,NA
Palestine,Asia,1983,PSE,1618729,4733,64.1324,26.61512142,24.83443494,NA,NA,NA,NA
Palestine,Asia,1984,PSE,1688558,4807,64.7298,26.73548682,24.93693854,NA,NA,NA,NA
Palestine,Asia,1985,PSE,1745210,4619,65.2619,26.85484081,25.03965451,NA,NA,NA,NA
Palestine,Asia,1986,PSE,1789273,5330,65.7367,26.97287066,25.14250311,NA,NA,NA,NA
Palestine,Asia,1987,PSE,1876719,5004,66.2931,27.08958119,25.24598733,NA,NA,NA,NA
Palestine,Asia,1988,PSE,1977251,4745,66.7061,27.20539957,25.35018475,NA,NA,NA,NA
Palestine,Asia,1989,PSE,2055577,4682,67.1412,27.32076637,25.45506375,NA,NA,NA,NA
Palestine,Asia,1990,PSE,2139019,5345,67.8035,27.43522197,25.56048927,NA,NA,NA,NA
Palestine,Asia,1991,PSE,2228905,4732.171,68.2219,27.54891836,25.66649883,10.55,NA,NA,NA
Palestine,Asia,1992,PSE,2324654,5410.625,68.4782,27.66192064,25.77333061,10.304,NA,NA,NA
Palestine,Asia,1993,PSE,2425021,5527.995,68.759,27.77421889,25.88114227,10.407,NA,NA,NA
Palestine,Asia,1994,PSE,2529115,5893.47,69.3283,27.88665314,25.98930419,10.183,NA,NA,NA
Palestine,Asia,1995,PSE,2636498,5756.845,69.5829,27.99974752,26.09729451,10.379,NA,NA,NA
Palestine,Asia,1996,PSE,2746783,5320.2554,69.9816,28.11260516,26.20424915,10.494,NA,NA,NA
Palestine,Asia,1997,PSE,2859532,5598.021,70.3277,28.22484915,26.31014954,10.515,7.087006,19.230001,NA
Palestine,Asia,1998,PSE,2962847,6051.883,70.5642,28.33662439,26.41517486,10.433,5.579645,NA,NA
Palestine,Asia,1999,PSE,3056200,6204.6465,70.7887,28.44656983,26.51931818,10.351,5.5443916,NA,NA
Palestine,Asia,2000,PSE,3151752,5377.3936,70.2984,28.55339131,26.62099355,10.625,2.798199,NA,NA
Palestine,Asia,2001,PSE,3242238,4626.303,69.75,28.65636195,26.72034156,21.493,1.2227848,NA,NA
Palestine,Asia,2002,PSE,3322327,3842.1465,70.8805,28.75490065,26.81832626,27.465,5.709516,NA,NA
Palestine,Asia,2003,PSE,3398020,4158.2993,70.9672,28.84897828,26.91514252,23.004,4.4030323,NA,NA
Palestine,Asia,2004,PSE,3475136,4358.5176,71.0943,28.93902857,27.01134143,23.215,3.004175,NA,NA
Palestine,Asia,2005,PSE,3557364,4589.626,72.0041,29.0247872,27.1067843,20.016,4.1072507,21.5,NA
Palestine,Asia,2006,PSE,3645057,4193.154,71.8306,29.1080469,27.2021484,19.014,3.8423412,20.93,NA
Palestine,Asia,2007,PSE,3736640,4250.989,72.0636,29.19124048,27.29968868,18.282,1.8597438,22.45,NA
Palestine,Asia,2008,PSE,3828989,4287.209,72.2045,29.27732158,27.40154784,22.913,9.8899975,20.900002,NA
Palestine,Asia,2009,PSE,3921196,4426.317,72.306,29.36506703,27.50656601,20.452,2.7539349,19.33,NA
Palestine,Asia,2010,PSE,4016859,4548.5312,73.3018,29.45337655,27.61328478,21.416,3.7491572,22.220001,NA
Palestine,Asia,2011,PSE,4115858,4863,73.5572,29.54219945,27.72136031,17.597,2.8772435,NA,NA
Palestine,Asia,2012,PSE,4215282,5054,73.7218,29.63265059,27.829969,19.202,2.7790878,NA,NA
Palestine,Asia,2013,PSE,4315214,5054,74.1404,29.72392416,27.93871143,19.894,1.7243993,NA,NA
Palestine,Asia,2014,PSE,4415839,4939,72.7814,29.81577401,28.04800869,20.527,1.7329851,NA,NA
Palestine,Asia,2015,PSE,4521515,5003,74.5773,29.90842521,28.15702136,23.005,1.4316114,NA,NA
Palestine,Asia,2016,PSE,4632686,5316.9883,74.9168,30.0009653,28.26592886,23.939,-0.2191066,18.189999,NA
Palestine,Asia,2017,PSE,4742699,5269.6025,75.2159,NA,NA,25.677,0.21257094,NA,NA
Palestine,Asia,2018,PSE,4850540,5218.1562,75.3798,NA,NA,26.256,-0.19510777,NA,NA
Palestine,Asia,2019,PSE,4957731,5176.9795,75.8114,NA,NA,25.34,1.5801834,NA,NA
Palestine,Asia,2020,PSE,5069642,4490.755,74.9978,NA,NA,25.895,-0.735332,NA,NA
Palestine,Asia,2021,PSE,5185289,4698.9326,73.8896,NA,NA,26.39,1.237481,NA,NA
Palestine,Asia,2022,PSE,5305230,4775.202,76.6624,NA,NA,24.42,3.7412238,17.99,NA
Palestine,Asia,2023,PSE,5409153,NA,65.1703,NA,NA,NA,5.871102,17.99,NA
Yemen,Asia,1952,YEM,4758126,1473,29.6249,NA,NA,NA,NA,NA,NA
Yemen,Asia,1953,YEM,4837244,1482,30.0261,NA,NA,NA,NA,NA,NA
Yemen,Asia,1954,YEM,4921086,1492,30.4133,NA,NA,NA,NA,NA,NA
Yemen,Asia,1955,YEM,5009621,1502,30.8097,NA,NA,NA,NA,NA,NA
Yemen,Asia,1956,YEM,5103052,1508,31.2965,NA,NA,NA,NA,NA,NA
Yemen,Asia,1957,YEM,5201565,1516,31.7793,NA,NA,NA,NA,NA,NA
Yemen,Asia,1958,YEM,5305693,1522,32.359,NA,NA,NA,NA,NA,NA
Yemen,Asia,1959,YEM,5415867,1529,32.8623,NA,NA,NA,NA,NA,NA
Yemen,Asia,1960,YEM,5532249,1537,33.4615,NA,NA,NA,NA,NA,NA
Yemen,Asia,1961,YEM,5655182,1545,34.0579,NA,NA,NA,NA,NA,NA
Yemen,Asia,1962,YEM,5782184,1554,33.6691,NA,NA,NA,NA,NA,NA
Yemen,Asia,1963,YEM,5911097,1568,33.4309,NA,NA,NA,NA,NA,NA
Yemen,Asia,1964,YEM,6047968,1576,34.9073,NA,NA,NA,NA,NA,NA
Yemen,Asia,1965,YEM,6195555,1588,35.5922,NA,NA,NA,NA,NA,NA
Yemen,Asia,1966,YEM,6351431,1605,36.264,NA,NA,NA,NA,NA,NA
Yemen,Asia,1967,YEM,6516394,1624,37.079,NA,NA,NA,NA,NA,NA
Yemen,Asia,1968,YEM,6690469,1639,37.9896,NA,NA,NA,NA,NA,NA
Yemen,Asia,1969,YEM,6875809,1658,39.6099,NA,NA,NA,NA,NA,NA
Yemen,Asia,1970,YEM,7065232,1961,40.5729,NA,NA,NA,NA,NA,NA
Yemen,Asia,1971,YEM,7257431,2254,41.7571,NA,NA,NA,NA,NA,NA
Yemen,Asia,1972,YEM,7460016,2383,42.6878,NA,NA,NA,NA,NA,NA
Yemen,Asia,1973,YEM,7672744,2614,43.6031,NA,NA,NA,NA,NA,NA
Yemen,Asia,1974,YEM,7896748,2703,44.5409,NA,NA,NA,NA,NA,NA
Yemen,Asia,1975,YEM,8133557,2844,45.4752,19.23925197,20.2803754,NA,NA,NA,NA
Yemen,Asia,1976,YEM,8384064,3193,46.4406,19.36566822,20.3672936,NA,NA,NA,NA
Yemen,Asia,1977,YEM,8648171,3446,47.4417,19.49190931,20.45415764,NA,NA,NA,NA
Yemen,Asia,1978,YEM,8926549,3636,48.4837,19.61723315,20.54065994,NA,NA,NA,NA
Yemen,Asia,1979,YEM,9224149,3733,49.5308,19.74189388,20.62743754,NA,NA,NA,NA
Yemen,Asia,1980,YEM,9543316,3650,50.6081,19.86608073,20.71438092,NA,NA,NA,NA
Yemen,Asia,1981,YEM,9882320,3767,51.6793,19.99005715,20.80139557,NA,NA,NA,NA
Yemen,Asia,1982,YEM,10240953,3724,52.3674,20.11439659,20.8884585,NA,NA,NA,NA
Yemen,Asia,1983,YEM,10621454,3827,53.6185,20.23918226,20.97577994,NA,NA,NA,NA
Yemen,Asia,1984,YEM,11025549,3861,54.5861,20.36375145,21.06372959,NA,NA,NA,NA
Yemen,Asia,1985,YEM,11453783,3717,55.4184,20.48840693,21.15194588,NA,NA,NA,NA
Yemen,Asia,1986,YEM,11900998,3684,54.0021,20.61383251,21.24080558,NA,NA,NA,NA
Yemen,Asia,1987,YEM,12369868,3712,56.8282,20.73998068,21.33024907,NA,NA,NA,NA
Yemen,Asia,1988,YEM,12859672,3747,57.4304,20.86649181,21.42042396,NA,NA,NA,NA
Yemen,Asia,1989,YEM,13364132,3751,58.025,20.99351751,21.51094183,NA,NA,NA,NA
Yemen,Asia,1990,YEM,13887801,3622,58.5282,21.12079853,21.60121148,NA,NA,NA,NA
Yemen,Asia,1991,YEM,14430160,3661.9236,58.8053,21.24880125,21.69241001,8.17,36,NA,0.281
Yemen,Asia,1992,YEM,14989446,3759.7183,59.2596,21.37764606,21.7841422,8.114,29.411764,NA,0.279
Yemen,Asia,1993,YEM,15563867,3712.341,59.6551,21.50722249,21.8761859,8.338,35.752296,NA,0.309
Yemen,Asia,1994,YEM,16149093,3775.0696,59.8279,21.63751241,21.9675713,8.34,49.394154,NA,0.319
Yemen,Asia,1995,YEM,16740017,3823.3188,60.5324,21.76936847,22.05806319,8.987,55.08111,NA,0.298
Yemen,Asia,1996,YEM,17313127,3855.572,60.8838,21.90211919,22.14667493,9.588,30.733734,NA,0.298
Yemen,Asia,1997,YEM,17873898,3927.6804,61.3404,22.03506268,22.233150470000002,10.224,2.1767266,NA,0.279
Yemen,Asia,1998,YEM,18445969,4044.1484,61.7878,22.16840673,22.31788362,10.83,5.9765086,21.88,0.266
Yemen,Asia,1999,YEM,19029377,4080.2185,62.2754,22.30091975,22.40020433,11.46,8.660219,NA,0.263
Yemen,Asia,2000,YEM,19624093,4212.1055,62.761,22.43059599,22.47827347,11.561,4.59,NA,0.264
Yemen,Asia,2001,YEM,20226100,4249.0337,63.2864,22.55721547,22.55303396,11.725,11.911592,NA,0.264
Yemen,Asia,2002,YEM,20835051,4292.0986,63.8066,22.68027751,22.62538423,11.842,12.238534,NA,0.264
Yemen,Asia,2003,YEM,21456325,4326.5103,64.4075,22.79887958,22.69632914,12.013,10.83236,NA,0.277
Yemen,Asia,2004,YEM,22095118,4371.3955,64.881,22.91346517,22.7657624,12.131,12.515095,NA,0.281
Yemen,Asia,2005,YEM,22790036,4485.583,65.3561,23.02338707,22.83418669,12.216,11.811264,NA,0.282
Yemen,Asia,2006,YEM,23543046,4497.2593,65.7997,23.1300453,22.90257302,12.349,10.844799,36.559998,0.285
Yemen,Asia,2007,YEM,24318038,4516.1436,66.2304,23.23571711,22.97287671,12.483,7.905118,NA,0.285
Yemen,Asia,2008,YEM,25111897,4549.009,66.6091,23.3431351,23.04802053,12.647,18.976257,NA,0.286
Yemen,Asia,2009,YEM,25927683,4593.5425,66.9053,23.45104953,23.12730962,12.753,5.407761,NA,0.286
Yemen,Asia,2010,YEM,26754341,4812.345,67.223,23.55850084,23.20987841,12.778,11.174834,NA,0.288
Yemen,Asia,2011,YEM,27582855,4088,67.4124,23.66525107,23.29457917,13.277,19.543562,NA,0.309
Yemen,Asia,2012,YEM,28433605,4064.3423,67.569,23.77193287,23.38049504,13.44,9.885387,NA,0.359
Yemen,Asia,2013,YEM,29312908,4139.823,67.961,23.87841435,23.4665589,13.638,10.968442,NA,0.331
Yemen,Asia,2014,YEM,30226266,4019.4,68.0027,23.98507063,23.55344083,13.467,8.104726,25.619999,0.301
Yemen,Asia,2015,YEM,31159328,2820.6172,66.7613,24.09178764,23.64013971,17.9,NA,NA,0.184
Yemen,Asia,2016,YEM,32108978,2495.4993,67.1054,24.19770906,23.72669657,18.382,NA,NA,0.113
Yemen,Asia,2017,YEM,33090884,2314.9673,67.1198,NA,NA,18.564,NA,NA,0.111
Yemen,Asia,2018,YEM,34085134,2281.545,65.9154,NA,NA,17.644,NA,NA,0.113
Yemen,Asia,2019,YEM,35111377,2265.343,66.5673,NA,NA,17.303,NA,NA,0.118
Yemen,Asia,2020,YEM,36134822,2031.4436,66.4354,NA,NA,17.972,NA,NA,0.114
Yemen,Asia,2021,YEM,37140180,1972.2102,66.0191,NA,NA,18.248,NA,NA,0.115
Yemen,Asia,2022,YEM,38222833,1959.3195,67.9517,NA,NA,17.515,NA,25.260002,0.124
Yemen,Asia,2023,YEM,39390750,NA,69.2952,NA,NA,17.215,NA,24.81,0.128
Zambia,Africa,1952,ZMB,2467223,1140,47.5749,NA,NA,NA,NA,NA,0.1
Zambia,Africa,1953,ZMB,2543500,1184,47.9877,NA,NA,NA,NA,NA,0.102
Zambia,Africa,1954,ZMB,2622224,1231,48.3643,NA,NA,NA,NA,NA,0.106
Zambia,Africa,1955,ZMB,2703491,1173,48.7556,NA,NA,NA,NA,NA,0.107
Zambia,Africa,1956,ZMB,2787366,1280,49.129,NA,NA,NA,NA,NA,0.107
Zambia,Africa,1957,ZMB,2874022,1302,49.4666,NA,NA,NA,NA,NA,0.107
Zambia,Africa,1958,ZMB,2963817,1237,49.8896,NA,NA,NA,NA,NA,0.108
Zambia,Africa,1959,ZMB,3057013,1458,50.2917,NA,NA,NA,NA,NA,0.109
Zambia,Africa,1960,ZMB,3153682,1530,50.6483,NA,NA,NA,NA,NA,0.116
Zambia,Africa,1961,ZMB,3254031,1495,51.0412,NA,NA,NA,NA,NA,0.117
Zambia,Africa,1962,ZMB,3358045,1443,51.3307,NA,NA,NA,NA,NA,0.124
Zambia,Africa,1963,ZMB,3465863,1438,51.6046,NA,NA,NA,NA,NA,0.137
Zambia,Africa,1964,ZMB,3576968,1588,51.1705,NA,NA,NA,NA,NA,0.226
Zambia,Africa,1965,ZMB,3692043,1828,52.0793,NA,NA,NA,NA,NA,0.306
Zambia,Africa,1966,ZMB,3811956,1683,52.2897,NA,NA,NA,NA,NA,0.306
Zambia,Africa,1967,ZMB,3936306,1765,52.512,NA,NA,NA,NA,NA,0.306
Zambia,Africa,1968,ZMB,4065553,1741,52.7186,NA,NA,NA,NA,NA,0.305
Zambia,Africa,1969,ZMB,4197066,1683,53.0441,NA,NA,NA,NA,NA,0.287
Zambia,Africa,1970,ZMB,4321683,1710,53.4039,NA,NA,NA,NA,NA,0.281
Zambia,Africa,1971,ZMB,4442472,1661,53.8871,NA,NA,NA,NA,NA,0.257
Zambia,Africa,1972,ZMB,4569266,1761,54.375,NA,NA,NA,NA,NA,0.253
Zambia,Africa,1973,ZMB,4702649,1693,54.9125,NA,NA,NA,NA,NA,0.208
Zambia,Africa,1974,ZMB,4842698,1776,55.3766,NA,NA,NA,NA,NA,0.192
Zambia,Africa,1975,ZMB,4990037,1659,55.742,20.5255783,18.50537885,NA,NA,NA,0.192
Zambia,Africa,1976,ZMB,5143804,1707,56.1015,20.66238216,18.63372993,NA,NA,NA,0.191
Zambia,Africa,1977,ZMB,5302424,1578,56.2814,20.79601742,18.76026243,NA,NA,NA,0.191
Zambia,Africa,1978,ZMB,5465319,1541,56.3349,20.92690966,18.88515086,NA,NA,NA,0.191
Zambia,Africa,1979,ZMB,5631683,1451,56.0499,21.05550842,19.00873805,NA,NA,NA,0.193
Zambia,Africa,1980,ZMB,5802797,1452,55.4961,21.18246054,19.13165234,NA,NA,NA,0.193
Zambia,Africa,1981,ZMB,5983257,1492,54.986,21.29820867,19.24754583,NA,NA,NA,0.193
Zambia,Africa,1982,ZMB,6178583,1398,54.361,21.40387836,19.35712201,NA,NA,NA,0.193
Zambia,Africa,1983,ZMB,6381001,1320,53.6737,21.50108721,19.46109953,NA,NA,NA,0.193
Zambia,Africa,1984,ZMB,6580454,1269,52.8772,21.59194987,19.56004549,NA,NA,NA,0.191
Zambia,Africa,1985,ZMB,6780909,1250,52.0014,21.67635961,19.65422169,NA,NA,NA,0.191
Zambia,Africa,1986,ZMB,6986421,1215,51.1489,21.75509534,19.74411021,NA,55.82822,NA,0.191
Zambia,Africa,1987,ZMB,7191237,1203,50.4211,21.829431,19.82954782,NA,47.047245,NA,0.191
Zambia,Africa,1988,ZMB,7391399,1239,49.6737,21.90074823,19.91200814,NA,51.004017,NA,0.191
Zambia,Africa,1989,ZMB,7589181,1215,48.8817,21.96990365,19.99160596,NA,123.40426,NA,0.191
Zambia,Africa,1990,ZMB,7786113,1285,48.204,22.03751468,20.06830345,NA,107.02381,NA,0.215
Zambia,Africa,1991,ZMB,7981603,1279.7516,47.4431,22.10090681,20.1404349,18.9,97.64233,19.050001,0.284
Zambia,Africa,1992,ZMB,8176624,1308.8517,46.9679,22.16034035,20.207592000000002,19.544,165.70653,NA,0.438
Zambia,Africa,1993,ZMB,8373871,1312.337,46.6781,22.21637487,20.26905996,19.7,183.31204,16.83,0.448
Zambia,Africa,1994,ZMB,8576216,1142.2018,46.3439,22.27003402,20.32553913,18.645,54.601322,NA,0.487
Zambia,Africa,1995,ZMB,8785712,1180.9438,46.0509,22.32255264,20.37770003,16.825,34.92959,NA,0.487
Zambia,Africa,1996,ZMB,9004013,1260.7262,45.7565,22.3745826,20.42707226,15.3,43.073097,18.960001,0.495
Zambia,Africa,1997,ZMB,9237016,1311.357,45.7429,22.42719645,20.4736919,13.305,24.418722,NA,0.486
Zambia,Africa,1998,ZMB,9482364,1308.9514,45.7095,22.4807605,20.51777988,12,24.458456,20.029999,0.486
Zambia,Africa,1999,ZMB,9739963,1373.8511,45.924,22.53603358,20.5598349,12.496,26.787697,NA,0.486
Zambia,Africa,2000,ZMB,10017580,1428.5023,46.5771,22.59283296,20.60080782,12.93,26.030413,NA,0.49
Zambia,Africa,2001,ZMB,10325145,1504.4498,47.4077,22.65630654,20.6453526,13.41,21.393782,NA,0.492
Zambia,Africa,2002,ZMB,10647905,1579.0227,48.4614,22.72477518,20.69308169,14.125,22.233345,19.6,0.486
Zambia,Africa,2003,ZMB,10983561,1698.5515,49.6158,22.79780742,20.74379046,14.701,21.401579,NA,0.486
Zambia,Africa,2004,ZMB,11338148,1828.3098,50.5398,22.87340631,20.79752534,15.327,17.967789,23.199999,0.486
Zambia,Africa,2005,ZMB,11718768,1970.0187,51.6147,22.95039381,20.85194802,15.9,18.32444,NA,0.499
Zambia,Africa,2006,ZMB,12129509,2133.594,52.6928,23.02914449,20.90730182,13.232,9.019572,21.48,0.501
Zambia,Africa,2007,ZMB,12565040,2318.627,53.73,23.10884747,20.96283504,10.563,10.65735,NA,0.502
Zambia,Africa,2008,ZMB,13021274,2504.757,54.835,23.18916909,21.01779563,7.93,12.44558,NA,0.506
Zambia,Africa,2009,ZMB,13490345,2743.322,55.8862,23.26962262,21.07127535,10.581,13.395255,NA,0.519
Zambia,Africa,2010,ZMB,13965529,3032.0679,56.896,23.35030494,21.12367258,13.19,8.501761,18.84,0.515
Zambia,Africa,2011,ZMB,14437740,3205,57.8431,23.43169313,21.17643823,10.546,6.4293966,NA,0.502
Zambia,Africa,2012,ZMB,14913571,3344.8652,58.704,23.51303645,21.22990622,7.85,6.5758996,NA,0.503
Zambia,Africa,2013,ZMB,15398950,3409.314,59.4452,23.5943335,21.28398494,8.042,6.977676,NA,0.487
Zambia,Africa,2014,ZMB,15895274,3461.09,60.1091,23.67527402,21.33859367,8.131,7.8068757,NA,0.478
Zambia,Africa,2015,ZMB,16399034,3454.3528,60.7284,23.75530099,21.39328021,8.316,10.110593,22.27,0.456
Zambia,Africa,2016,ZMB,16914380,3476.8513,61.1285,23.83398161,21.44802712,8.418,17.86973,NA,0.402
Zambia,Africa,2017,ZMB,17441277,3489.8547,61.5644,NA,NA,8.518,6.5773115,NA,0.364
Zambia,Africa,2018,ZMB,17973515,3521.5051,62.1381,NA,NA,5.031,7.494572,NA,0.367
Zambia,Africa,2019,ZMB,18513790,3466.2363,62.9145,NA,NA,5.539,9.150316,NA,0.36
Zambia,Africa,2020,ZMB,19059354,3270.599,63.3607,NA,NA,6.032,15.733061,NA,0.354
Zambia,Africa,2021,ZMB,19603556,3321.5945,62.3631,NA,NA,5.195,22.020767,NA,0.417
Zambia,Africa,2022,ZMB,20152890,3342.4214,65.2791,NA,NA,5.993,10.993204,17.880001,0.523
Zambia,Africa,2023,ZMB,20723923,NA,66.3487,NA,NA,5.913,10.884532,17.880001,0.527
Zimbabwe,Africa,1952,ZWE,2972864,1154,50.2394,NA,NA,NA,NA,NA,0.255
Zimbabwe,Africa,1953,ZWE,3067121,1211,50.6334,NA,NA,NA,NA,NA,0.253
Zimbabwe,Africa,1954,ZWE,3163838,1231,51.024,NA,NA,NA,NA,NA,0.253
Zimbabwe,Africa,1955,ZWE,3263179,1288,51.4106,NA,NA,NA,NA,NA,0.254
Zimbabwe,Africa,1956,ZWE,3365493,1422,51.8011,NA,NA,NA,NA,NA,0.251
Zimbabwe,Africa,1957,ZWE,3471101,1473,52.1959,NA,NA,NA,NA,NA,0.242
Zimbabwe,Africa,1958,ZWE,3580131,1444,52.5823,NA,NA,NA,NA,NA,0.235
Zimbabwe,Africa,1959,ZWE,3692761,1474,53.022,NA,NA,NA,NA,NA,0.225
Zimbabwe,Africa,1960,ZWE,3809349,1495,53.4922,NA,NA,NA,NA,NA,0.228
Zimbabwe,Africa,1961,ZWE,3930357,1524,53.9663,NA,NA,NA,NA,NA,0.228
Zimbabwe,Africa,1962,ZWE,4055920,1497,54.4535,NA,NA,NA,NA,NA,0.228
Zimbabwe,Africa,1963,ZWE,4185830,1436,54.9416,NA,NA,NA,NA,NA,0.226
Zimbabwe,Africa,1964,ZWE,4319949,1519,55.4311,NA,NA,NA,NA,NA,0.211
Zimbabwe,Africa,1965,ZWE,4458416,1568,55.9054,NA,NA,NA,NA,NA,0.202
Zimbabwe,Africa,1966,ZWE,4601171,1541,56.3595,NA,NA,NA,NA,NA,0.193
Zimbabwe,Africa,1967,ZWE,4748262,1618,56.7664,NA,NA,NA,NA,NA,0.193
Zimbabwe,Africa,1968,ZWE,4900392,1592,57.1449,NA,NA,NA,NA,NA,0.193
Zimbabwe,Africa,1969,ZWE,5058138,1731,57.4813,NA,NA,NA,NA,NA,0.193
Zimbabwe,Africa,1970,ZWE,5215872,2043,57.7608,NA,NA,NA,NA,NA,0.195
Zimbabwe,Africa,1971,ZWE,5374671,2157,57.9959,NA,NA,NA,NA,NA,0.192
Zimbabwe,Africa,1972,ZWE,5542397,2268,58.1755,NA,NA,NA,NA,NA,0.192
Zimbabwe,Africa,1973,ZWE,5720362,2283,58.0872,NA,NA,NA,NA,NA,0.192
Zimbabwe,Africa,1974,ZWE,5908276,2275,58.1937,NA,NA,NA,NA,NA,0.192
Zimbabwe,Africa,1975,ZWE,6098605,2235,58.2495,23.85344166,20.17274072,NA,NA,NA,0.192
Zimbabwe,Africa,1976,ZWE,6287053,2163,57.6277,23.90611151,20.25879169,NA,NA,NA,0.192
Zimbabwe,Africa,1977,ZWE,6449465,1946,56.9962,23.95757121,20.34426628,NA,NA,NA,0.19
Zimbabwe,Africa,1978,ZWE,6543524,1964,54.7297,24.00804443,20.42919163,NA,NA,NA,0.054
Zimbabwe,Africa,1979,ZWE,6647506,1930,54.9184,24.05730343,20.51297868,NA,NA,NA,0.162
Zimbabwe,Africa,1980,ZWE,7041251,2064,59.0621,24.10512909,20.59561146,NA,NA,NA,0.301
Zimbabwe,Africa,1981,ZWE,7498592,2243,59.4463,24.15224649,20.67825817,NA,NA,NA,0.32
Zimbabwe,Africa,1982,ZWE,7796454,2240,59.859,24.19862857,20.7604566,NA,NA,NA,0.316
Zimbabwe,Africa,1983,ZWE,8098356,2190,59.9888,24.24460981,20.84151372,NA,NA,NA,0.316
Zimbabwe,Africa,1984,ZWE,8391455,2067,60.6223,24.28981747,20.92108298,NA,NA,NA,0.314
Zimbabwe,Africa,1985,ZWE,8686765,2128,60.9012,24.3333391,20.99877559,NA,NA,NA,0.308
Zimbabwe,Africa,1986,ZWE,8982530,2107,60.9824,24.37590977,21.07441282,NA,NA,NA,0.306
Zimbabwe,Africa,1987,ZWE,9284594,2004,60.7239,24.4169902,21.14745118,NA,NA,NA,0.213
Zimbabwe,Africa,1988,ZWE,9583054,2114,60.2414,24.45703827,21.21770975,NA,NA,NA,0.302
Zimbabwe,Africa,1989,ZWE,9864749,2181,59.4458,24.49558892,21.28432635,NA,NA,NA,0.304
Zimbabwe,Africa,1990,ZWE,10137236,2160,58.3191,24.53293717,21.34653233,NA,NA,NA,0.299
Zimbabwe,Africa,1991,ZWE,10404776,2222.2554,57.0371,24.56720261,21.40323418,4.796,NA,17.29,0.306
Zimbabwe,Africa,1992,ZWE,10702643,1971.4456,55.6021,24.59888981,21.45409244,4.933,NA,NA,0.306
Zimbabwe,Africa,1993,ZWE,10860236,1948.9105,53.9764,24.62875164,21.49974557,4.993,NA,NA,0.306
Zimbabwe,Africa,1994,ZWE,10873091,2110.712,52.5367,24.65786725,21.54193511,4.96,NA,NA,0.306
Zimbabwe,Africa,1995,ZWE,10974557,2102.8599,51.1435,24.68793499,21.5817223,5.573,NA,NA,0.304
Zimbabwe,Africa,1996,ZWE,11158312,2292.4875,48.9815,24.71908268,21.61977646,6.161,NA,17.37,0.306
Zimbabwe,Africa,1997,ZWE,11369780,2326.5388,48.5361,24.75147451,21.65675394,6.93,NA,NA,0.304
Zimbabwe,Africa,1998,ZWE,11594240,2369.019,47.5508,24.78569716,21.69377647,6.385,NA,NA,0.302
Zimbabwe,Africa,1999,ZWE,11783404,2323.0093,46.3786,24.82182486,21.73108785,6,NA,NA,0.301
Zimbabwe,Africa,2000,ZWE,11892005,2211.1963,46.0339,24.859916,21.76907377,5.682,NA,NA,0.283
Zimbabwe,Africa,2001,ZWE,11971852,2193.7385,44.5249,24.89739965,21.80630321,5.314,NA,NA,0.269
Zimbabwe,Africa,2002,ZWE,12087610,2025.3177,45.9381,24.93435675,21.84314163,5.007,NA,NA,0.268
Zimbabwe,Africa,2003,ZWE,12232280,1700.9558,45.373,24.97106489,21.88046904,4.736,NA,NA,0.268
Zimbabwe,Africa,2004,ZWE,12365847,1604.503,46.0426,25.00762997,21.91905543,4.39,NA,NA,0.256
Zimbabwe,Africa,2005,ZWE,12483384,1496.0343,46.5701,25.04416187,21.95826256,4.626,NA,NA,0.255
Zimbabwe,Africa,2006,ZWE,12636402,1455.7286,47.0559,25.07940925,21.99684746,4.763,NA,NA,0.256
Zimbabwe,Africa,2007,ZWE,12804022,1422.1553,47.5756,25.11425438,22.03378106,4.997,NA,NA,0.256
Zimbabwe,Africa,2008,ZWE,12959096,1197.5261,48.4559,25.148895,22.06778525,5.374,NA,NA,0.252
Zimbabwe,Africa,2009,ZWE,13142740,1285.0466,49.7496,25.18266355,22.09763345,5.469,NA,NA,0.249
Zimbabwe,Africa,2010,ZWE,13356502,1401.8566,51.9252,25.21625778,22.12520414,5.456,3.02267,NA,0.261
Zimbabwe,Africa,2011,ZWE,13595372,1515,53.9112,25.25040894,22.15290505,5.368,3.4661298,17.37,0.26
Zimbabwe,Africa,2012,ZWE,13817838,1749.8566,55.3855,25.28484034,22.18102031,5.057,3.7253268,NA,0.261
Zimbabwe,Africa,2013,ZWE,14013761,1766.3789,56.8422,25.31994849,22.20951074,4.944,1.6349504,NA,0.285
Zimbabwe,Africa,2014,ZWE,14207314,1789.0048,58.106,25.35622211,22.2390996,4.774,-0.19778481,NA,0.296
Zimbabwe,Africa,2015,ZWE,14398957,1798.7872,58.9895,25.39340921,22.26952183,5.383,-2.4309685,NA,0.296
Zimbabwe,Africa,2016,ZWE,14600243,1782.8301,59.7601,25.43148733,22.30135343,5.893,-1.5436696,NA,0.29
Zimbabwe,Africa,2017,ZWE,14812430,1843.9463,60.2626,NA,NA,6.347,0.8939623,17.29,0.295
Zimbabwe,Africa,2018,ZWE,15034396,1900.1992,60.9055,NA,NA,6.792,10.618866,NA,0.303
Zimbabwe,Africa,2019,ZWE,15271330,1753.0244,61.0603,NA,NA,7.373,255.305,17.29,0.292
Zimbabwe,Africa,2020,ZWE,15526837,1585.9728,61.53,NA,NA,8.621,557.20184,NA,0.294
Zimbabwe,Africa,2021,ZWE,15797165,1687.2532,60.1347,NA,NA,9.54,98.546104,NA,0.289
Zimbabwe,Africa,2022,ZWE,16069010,1703.5294,62.3601,NA,NA,10.087,104.70517,17.29,0.286
Zimbabwe,Africa,2023,ZWE,16340778,NA,62.7748,NA,NA,8.759,NA,17.29,0.291
